personId,firstName,lastName,birthDate,school,country,heightInches,bodyWeightLbs,guard,forward,center,draftYear,draftRound,draftNumber
196294534,Alberto,Abalde,,,,,,,,,,,
76001,Alaa,Abdelnaby,,Duke,USA,82,240,0,1,0,1990,1,25
76002,Zaid,Abdul-Aziz,,Iowa State,USA,81,235,0,0,1,1968,1,5
76003,Kareem,Abdul-Jabbar,,UCLA,USA,86,225,0,0,1,1969,1,1
51,Mahmoud,Abdul-Rauf,,Louisiana State,USA,73,162,1,0,0,1990,1,3
1505,Tariq,Abdul-Wahad,,San Jose State,France,78,235,1,1,0,1997,1,11
949,Shareef,Abdur-Rahim,,California,USA,81,245,0,1,0,1996,1,3
1627114,Tom,Abercrombie,,,,,,,,,,,
196294573,Tom,Abercrombie,,,,,,0,1,0,,,
76005,Tom,Abernethy,,Indiana,USA,79,220,0,1,0,1976,3,43
582,Mustafa,Abi,,,,,,,,,,,
76006,Forest,Able,,Western Kentucky,USA,75,180,1,0,0,1956,,
1630546,Max,Abmas,,,,,,,,,,,
76007,John,Abramovic,,Salem,USA,75,195,0,1,0,-1,-1,-1
203518,Alex,Abrines,,FC Barcelona,Spain,78,190,1,0,0,2013,2,32
56017,Alex,Abrines,,,,,,,,,,,
1630173,Precious,Achiuwa,,,,,,FALSE,FALSE,FALSE,,,
101165,Alex,Acker,,Pepperdine,USA,77,185,1,0,0,2005,2,60
76008,Donald,Ackerman,,Long Island-Brooklyn,USA,72,183,1,0,0,1953,2,
76009,Mark,Acres,,Oral Roberts,USA,83,220,0,0,1,1985,2,40
76010,Charles,Acton,,Hillsdale,USA,78,210,0,1,0,-1,-1,-1
196294104,Deng,Acuoth,,,,,,,,,,,
64058,Deng,Acuoth,,,,,,,,,,,
203112,Quincy,Acy,,Baylor,USA,79,240,0,1,0,2012,2,37
76011,Alvan,Adams,,Oklahoma,USA,81,210,0,0,1,1975,1,4
76012,Don,Adams,,Northwestern,USA,79,210,0,1,0,1970,8,120
200801,Hassan,Adams,,Arizona,USA,76,220,0,1,0,2006,2,54
1629824,Jalen,Adams,,,,,,,,,,,
1629121,Jaylen,Adams,,St. Bonaventure,USA,72,225,1,0,0,-1,-1,-1
203919,Jordan,Adams,,UCLA,USA,77,209,1,0,0,2014,1,22
149,Michael,Adams,,Boston College,USA,70,165,1,0,0,1985,3,66
203500,Steven,Adams,,Pittsburgh,New Zealand,83,265,0,0,1,2013,1,12
912,Rafael,Addison,,Syracuse,USA,80,241,0,1,0,1986,2,39
1628389,Bam,Adebayo,,,,,,FALSE,FALSE,FALSE,,,
1629061,Deng,Adel,,Louisville,South Sudan,79,200,0,1,0,2018,,
200846,Kenny,Adeleke,,,,,,,,,,,
76015,Rick,Adelman,,Loyola-Marymount,USA,74,175,1,0,0,1968,7,79
27025,Kyle,Adnam,,,,,,,,,,,
64049,Kyle,Adnam,,,,,,,,,,,
196294137,Jeff,Adrien,,,,,,,,,,,
202399,Jeff,Adrien,,Connecticut,USA,79,245,0,1,0,-1,-1,-1
201167,Arron,Afflalo,,UCLA,USA,77,210,1,0,0,2007,1,27
1630534,Ochai,Agbaji,,,,,,,,,,,
200772,Maurice,Ager,,Michigan State,USA,77,202,1,1,0,2006,1,28
1962936108,Pablo,Aguilar,,,,,,,,,,,
203196,Ronnie,Aguilar,,,,,,,,,,,
1966938162,Gustavo,Aguirre,,,,,,1,0,0,,,
76016,Mark,Aguirre,,DePaul,USA,78,232,0,1,0,1981,1,1
52600,Gustavo Nicolas,Agurre,,,,,,0,0,0,,,
201336,Blake,Ahearn,,Missouri State,USA,74,190,1,0,0,-1,-1,-1
76017,Danny,Ainge,,Brigham Young,USA,77,175,1,0,0,1981,2,31
201582,Alexis,Ajinca,,Hyeres-Toulon,France,86,248,0,0,1,2008,1,20
76018,Henry,Akin,,Morehead State,USA,82,225,0,0,1,1966,2,11
101224,Deji,Akindele,,,,,,,,,,,
200836,Akin,Akingbala,,,,,,,,,,,
1631231,James,Akinjo,,,,,,,,,,,
1962937763,Josh,Akognon,,,,,,0,0,0,,,
203006,Josh,Akognon,,California State-Fullerton,USA,71,185,1,0,0,-22,-22,-22
203191,Josh,Akognon,,,,,,,,,,,
1629152,DeVaughn,Akoon-Purcell,,Illinois State,Trinidad and Tobago,77,201,1,1,0,2016,,
574,Cenk,Akyol,,,,,,,,,,,
202374,Solomon,Alabi,,Florida State,Nigeria,85,252,0,0,1,2010,2,50
76019,Mark,Alarie,,Duke,USA,80,217,0,1,0,1986,1,18
196294581,Eidan,Alber,,,,,,,,,,,
1966938138,Augusto,Alcassa,,,,,,,,,,,
76020,Gary,Alcorn,,Fresno State,USA,81,225,0,0,1,1959,3,16
1630583,Santi,Aldama,,,,,,,,,,,
203128,Furkan,Aldemir,,Galatasaray,Turkey,82,240,0,1,1,2012,2,53
202332,Cole,Aldrich,,Kansas,USA,83,253,0,0,1,2010,1,11
200746,LaMarcus,Aldridge,,University of Texas at Austin,USA,83,250,0,1,1,2006,1,2
76021,Chuck,Aleksinas,,Connecticut,USA,83,260,0,0,1,1982,4,76
101243,Chris,Alexander,,,,,,,,,,,
1626146,Cliff,Alexander,,Kansas,USA,80,240,0,1,0,-1,-1,-1
724,Cory,Alexander,,Virginia,USA,73,190,1,0,0,1995,1,29
2042,Courtney,Alexander,,Fresno State,USA,77,205,1,0,0,2000,1,13
2650,Demetrius,Alexander,,,,,,,,,,,
76022,Gary,Alexander,,South Florida,USA,79,240,0,1,0,-22,-22,-22
201570,Joe,Alexander,,West Virginia,USA,80,230,0,1,0,2008,1,8
1629734,Kyle,Alexander,,Tennessee,Canada,82,216,0,1,1,-1,-1,-1
1641725,Trey,Alexander,,Creighton,USA,77,185,1,0,0,,,
1630234,Ty-Shon,Alexander,,Creighton,USA,75,195,1,0,0,-1,-1,-1
2349,Victor,Alexander,,Iowa State,USA,82,265,0,1,0,1991,1,17
1629638,Nickeil,Alexander-Walker,,,,,,FALSE,FALSE,FALSE,,,
1962937930,Carlos,Alexandre,,,,,,,,,,,
1628576,Bryce,Alford,,,USA,,,0,0,0,-22,-22,-22
76024,Steve,Alford,,Indiana,USA,74,183,1,0,0,1987,2,26
1628959,Rawle,Alkins,,Arizona,USA,77,225,1,0,0,-1,-1,-1
76028,Bob,Allen,,Marshall,USA,81,205,0,1,0,1968,6,71
1628960,Grayson,Allen,,,,,,,,,,,
1628386,Jarrett,Allen,,,,,,FALSE,FALSE,FALSE,,,
43229,Jeff,Allen,,,,,,0,0,0,,,
706,Jerome,Allen,,Pennsylvania,USA,76,184,1,0,0,1995,2,49
1628443,Kadeem,Allen,,Arizona,USA,75,200,1,0,0,2017,2,53
202730,Lavoy,Allen,,Temple,USA,81,260,0,1,1,2011,2,50
76027,Lucius,Allen,,UCLA,USA,74,175,1,0,0,1969,1,3
2124,Malik,Allen,,Villanova,USA,82,255,0,1,0,-1,-1,-1
1629305,Marcus,Allen,,,,,,,,,,,
76025,Randy,Allen,,Florida State,USA,80,220,0,1,0,-22,-22,-22
951,Ray,Allen,,Connecticut,USA,77,205,1,0,0,1996,1,5
203206,Ryan,Allen,,,,,,,,,,,
1641851,Timmy,Allen,,Texas,USA,78,210,0,0,0,-22,-22,-22
2754,Tony,Allen,,Oklahoma State,USA,76,213,1,1,0,2004,1,25
196295497,Akech,Allir,,,,,,,,,,,
76029,Odis,Allison,,UNLV,USA,78,195,0,1,0,1971,5,76
200984,Lance,Allred,,Weber State,USA,83,250,0,0,1,-1,-1,-1
76030,Darrell,Allums,,UCLA,USA,80,220,0,1,0,1980,5,103
201165,Morris,Almond,,Rice,USA,78,225,1,0,0,2007,1,25
64001,Amit,Alon,,,,,,,,,,,
196295494,Yonatan,Alon,,,,,,,,,,,
308,Derrick,Alston,,Duquesne,USA,83,225,0,0,1,1994,2,33
1747,Rafer,Alston,,Fresno State,USA,74,175,1,0,0,1998,2,39
1630247,Derrick,Alston Jr.,,,USA,,,0,0,0,-22,-22,-22
43309,Can,Altintig,,,,,,,,,,,
43191,Ben,Altit,,,,,,,,,,,
1824,Peter,Aluma,,Liberty,USA,82,260,0,0,1,-1,-1,-1
1630631,Jose,Alvarado,,,,,,,,,,,
680,John,Amaechi,,Penn State,United Kingdom,82,270,0,1,1,-1,-1,-1
732,Ashraf,Amaya,,Southern Illinois,USA,79,250,0,0,0,-22,-22,-22
202329,Al-Farouq,Aminu,,Wake Forest,USA,80,220,0,1,0,2010,1,8
1966938153,Gil,Amitay,,,,,,,,,,,
200811,Lou,Amundson,,UNLV,USA,81,220,0,1,0,-1,-1,-1
76034,Bob,Anderegg,,Michigan State,USA,75,200,0,1,0,1959,3,20
525,Andersen,Andersen,,,,,,,,,,,
2365,Chris,Andersen,,Blinn J.C.,USA,82,245,0,1,1,-1,-1,-1
2431,David,Andersen,,FC Barcelona,Australia,83,247,0,0,1,2002,2,36
56004,David,Andersen,,,,,,,,,,,
101187,Alan,Anderson,,Michigan State,USA,78,220,1,1,0,-1,-1,-1
41628,Alan,Anderson,,,,,,,,,,,
202079,Antonio,Anderson,,Memphis,USA,78,215,1,0,0,-1,-1,-1
1629190,C.J.,Anderson,,,,,,,,,,,
76035,Cliff,Anderson,,St. Joseph's (PA),USA,74,200,1,0,0,1967,4,35
76036,Daniel,Anderson,,Southern California,USA,74,185,1,0,0,1974,6,92
1507,Derek,Anderson,,Kentucky,USA,77,195,1,0,0,1997,1,13
76037,Dwight,Anderson,,Southern California,USA,75,185,1,0,0,1982,2,41
1966938154,Eric,Anderson,,,,,,0,0,1,,,
944,Eric,Anderson,,Indiana,USA,81,220,0,1,0,-1,-1,-1
246,Greg,Anderson,,Houston,USA,82,250,0,1,1,1987,1,23
202815,Jake,Anderson,,,,,,,,,,,
202341,James,Anderson,,Oklahoma State,USA,78,213,1,1,0,2010,1,20
76040,Jerome,Anderson,,West Virginia,USA,77,195,1,0,0,1975,3,53
1626147,Justin,Anderson,,Virginia,USA,77,231,1,1,0,2015,1,21
72,Kenny,Anderson,,Georgia Tech,USA,73,168,1,0,0,1991,1,2
203198,Kevin,Anderson,,,,,,,,,,,
76041,Kim,Anderson,,Missouri,USA,79,200,0,1,0,1978,7,146
203937,Kyle,Anderson,,,,,,,,,,,
196294559,Lachlan,Anderson,,,,,,,,,,,
76042,Michael,Anderson,,Drexel,USA,71,184,1,0,0,1988,3,73
76043,Mitchell,Anderson,,Bradley,USA,80,195,0,1,0,1982,2,36
98,Nick,Anderson,,Illinois,USA,78,228,1,1,0,1989,1,11
76045,Richard,Anderson,,California-Santa Barbara,USA,82,240,0,1,0,1982,2,32
76046,Ron,Anderson,,Fresno State,USA,79,215,0,1,0,1984,2,27
201583,Ryan,Anderson,,California,USA,82,240,0,1,0,2008,1,21
1000,Shandon,Anderson,,Georgia,USA,78,215,1,1,0,1996,2,54
335,Willie,Anderson,,Georgia,USA,80,200,1,1,0,1988,1,10
76048,Wally,Anderzunas,,Creighton,USA,79,220,0,0,1,1969,2,25
1627882,Andrew,Andrews,,,,,,,,,,,
1962937812,Zach,Andrews,,,,,,,,,,,
101149,Martynas,Andriuskevicius,,Zalgiris,Lithuania,86,240,0,0,1,2005,2,44
43230,Brody,Angley,,,,,,0,0,0,,,
1629132,Braian,Angola-Rodas,,,,,,,,,,,
76049,Don,Anielak,,Missouri State,USA,79,190,0,1,0,1954,3,26
196295097,Alec,Anigbata,,,,,,,,,,,
1628387,Ike,Anigbogu,,UCLA,USA,82,262,0,0,1,2017,2,47
41005,Michailas,Anisimovas,,,,,,,,,,,
76050,Michael,Ansley,,Alabama,USA,79,225,0,1,0,1989,2,37
1512,Chris,Anstey,,South East Melbourne,Australia,84,249,0,0,1,1997,1,18
1630828,Alex,Antetokounmpo,,,,,,,,,,,
203507,Giannis,Antetokounmpo,,,,,,FALSE,FALSE,FALSE,,,
1628961,Kostas,Antetokounmpo,,Dayton,Greece,82,200,0,1,0,2018,2,60
203648,Thanasis,Antetokounmpo,,,,,,,,,,,
2546,Carmelo,Anthony,,Syracuse,USA,79,238,0,1,0,2003,1,3
1630175,Cole,Anthony,,,,,,,,,,,
21,Greg,Anthony,,UNLV,USA,73,180,1,0,0,1991,1,12
201202,Joel,Anthony,,UNLV,Canada,81,245,0,0,1,-1,-1,-1
203544,Pero,Antic,,Olympiacos,Macedonia,83,260,0,1,1,-1,-1,-1
196295061,Grant,Anticevich,,,,,,,,,,,
196294553,Jonah,Antonio,,,,,,,,,,,
1628384,OG,Anunoby,,,,,,FALSE,FALSE,FALSE,,,
2644,Rick,Apodaca,,,,,,,,,,,
203951,Keith,Appling,,Michigan State,USA,73,185,0,0,0,-22,-22,-22
2737,Rafael,Araujo,,Brigham Young,Brazil,83,270,0,0,1,2004,1,8
76053,Stacey,Arceneaux,,Iowa State,USA,76,210,0,0,0,-22,-22,-22
76054,Nate,Archibald,,Texas-El Paso,USA,73,150,1,0,0,1970,2,19
2425,Robert,Archibald,,Illinois,Scotland,83,250,0,1,0,2002,2,31
196295064,Chris,Arcidiacono,,,,,,,,,,,
1627853,Ryan,Arcidiacono,,Villanova,USA,75,195,1,0,0,-1,-1,-1
76055,Jim,Ard,,Cincinnati,USA,81,215,0,0,1,1970,1,6
2240,Gilbert,Arenas,,Arizona,USA,76,215,1,0,0,2001,2,30
43231,Liraz,Ariely,,,,,,,,,,,
2772,Trevor,Ariza,,UCLA,USA,80,215,0,1,0,2004,2,43
76056,Paul,Arizin,,Villanova,USA,76,190,0,1,0,1950,,
76057,Joe,Arlauckas,,Niagara,USA,81,230,0,1,0,1987,4,74
1631317,Adonis,Arms,,,USA,,,0,0,0,-22,-22,-22
769,B.J.,Armstrong,,Iowa,USA,74,185,1,0,0,1989,1,18
76061,Bob,Armstrong,,Michigan State,USA,80,220,0,0,1,-22,-22,-22
2220,Brandon,Armstrong,,Pepperdine,USA,77,185,1,0,0,2001,1,23
353,Darrell,Armstrong,,Fayetteville State,USA,73,180,1,0,0,-1,-1,-1
200756,Hilton,Armstrong,,Connecticut,USA,83,235,0,1,1,2006,1,12
76060,Paul,Armstrong,,Indiana,USA,71,170,1,0,0,-22,-22,-22
1642379,Taran,Armstrong,,"Cairns, Australia",Australia,77,190,1,0,0,,,
196294551,Taran,Armstrong,,,,,,,,,,,
76059,Tate,Armstrong,,Duke,USA,75,175,1,0,0,1977,1,13
76062,Jesse,Arnelle,,Penn State,USA,77,220,0,1,0,1955,2,13
76063,Jay,Arnette,,Texas,USA,74,175,1,0,0,1960,2,9
547,Arnold,Arnold,,,,,,,,,,,
76064,Bob,Arnzen,,Notre Dame,USA,77,205,0,1,0,1969,8,103
2306,Carlos,Arroyo,,Florida International,Puerto Rico,74,200,1,0,0,-1,-1,-1
590,Ender,Arslan,,,,,,,,,,,
201589,Darrell,Arthur,,Kansas,USA,81,235,0,1,0,2008,1,27
76065,John,Arthurs,,Tulane,USA,76,185,1,0,0,1969,6,73
1628503,Jamel,Artis,,Pittsburgh,USA,79,213,1,0,0,-1,-1,-1
1962937170,Netanel,Artzi,,,,,,,,,,,
1626165,Brandon,Ashley,,,,,,,,,,,
201600,Omer,Asik,,Fenerbahce,Turkey,84,255,0,0,1,2008,2,36
355,Vincent,Askew,,Memphis,USA,78,235,1,0,0,1987,2,39
173,Keith,Askins,,Alabama,USA,80,215,1,1,0,-22,-22,-22
76068,Don,Asmonga,,Alliance,USA,74,185,1,0,0,-1,-1,-1
202213,Connor,Atchley,,,,,,,,,,,
76069,Richard,Atha,,Indiana State,USA,74,190,1,0,0,1953,,
196294582,Yonatan,Atias,,,,,,,,,,,
1088,Chucky,Atkins,,South Florida,USA,71,185,1,0,0,-1,-1,-1
1626276,Darion,Atkins,,,,,,,,,,,
76070,Alvin,Attles,,North Carolina A&T,USA,73,175,1,0,0,1960,5,39
76071,Chet,Aubuchon,,Michigan State,USA,70,137,1,0,0,-1,-1,-1
1641914,Chase,Audige,,,USA,,,0,0,0,-22,-22,-22
278,Stacey,Augmon,,UNLV,USA,80,213,1,1,0,1991,1,9
1627811,Zach,Auguste,,,,,,,,,,,
201571,D.J.,Augustin,,Texas,USA,71,183,1,0,0,2008,1,9
200788,James,Augustine,,Illinois,USA,82,235,0,1,0,2006,2,41
1627649,Brandon,Austin,,,,,,,,,,,
1134,Ike,Austin,,Arizona State,USA,82,270,0,0,1,1991,2,48
76073,John,Austin,,Boston College,USA,72,170,1,0,0,1966,4,38
76074,Ken,Austin,,Rice,USA,81,205,0,1,0,1983,5,101
1643113,Zack,Austin,,,,,,,,,,,
558,,Austin,,,,,,,,,,,
56070,Vule,Avdalovic,,,,,,,,,,,
1630166,Deni,Avdija,,,,,,FALSE,FALSE,FALSE,,,
138,Anthony,Avent,,Seton Hall,USA,81,240,0,0,1,1991,1,15
76076,William,Averitt,,Pepperdine,USA,74,170,1,0,0,1973,4,55
1895,William,Avery,,Duke,USA,74,180,1,0,0,1999,1,14
196294083,Niv,Avidan,,,,,,,,,,,
1627938,J.J.,Avila,,,,,,,,,,,
76078,Dennis,Awtrey,,Santa Clara,USA,82,235,0,0,1,1970,3,46
1630555,Joel,Ayayi,,Gonzaga,France,76,180,1,0,0,-1,-1,-1
202970,Gustavo,Ayon,,Baloncesto Fuenlabrada,Mexico,82,250,0,1,1,-1,-1,-1
2148,Mark,Ayotte,,,,,,,,,,,
201965,Jeff,Ayres,,Arizona State,USA,81,250,0,1,1,2009,2,31
1629028,Deandre,Ayton,,,,,,FALSE,FALSE,FALSE,,,
101235,Kelenna,Azubuike,,Kentucky,United Kingdom,77,215,1,0,0,-1,-1,-1
1628962,Udoka,Azubuike,,Kansas,Nigeria,83,270,0,1,1,2020,1,27
1629819,Yudai,Baba,,,,,,,,,,,
203569,Chris,Babb,,Iowa State,USA,77,225,1,0,0,-1,-1,-1
202337,Luke,Babbitt,,Nevada,USA,81,225,0,1,0,2010,1,16
76079,Milos,Babic,,Tennessee Tech,USA,84,240,0,0,1,1990,2,50
41002,Stepas,Babrauskas,,,,,,,,,,,
76080,Johnny,Bach,,Fordham,USA,74,180,0,1,0,1948,,
203947,Jordan,Bachynski,,,,,,,,,,,
1628407,Dwayne,Bacon,,Florida State,USA,78,221,1,1,0,2017,2,40
196294583,Dwayne,Bacon,,,,,,0,1,0,,,
1630654,Armando,Bacot,,,USA,,,0,0,0,-22,-22,-22
2587,Malick,Badiane,,,,,,,,,,,
1630641,Ibou,Badji,,FC Barcelona,Senegal,84,240,0,0,1,,,
76081,Jim,Baechtold,,Eastern Kentucky,USA,76,205,0,1,0,1952,1,2
2053,Dalibor,Bagaric,,Benston Zagreb,Croatia,85,290,0,0,1,2000,1,24
76082,John,Bagley,,Boston College,USA,72,185,1,0,0,1982,1,12
1630542,Marcus,Bagley,,Arizona State,USA,78,217,0,1,0,,,
1628963,Marvin,Bagley III,,,,,,,,,,,
1642846,Ace,Bailey,,,,,,FALSE,FALSE,FALSE,,,
1641735,Amari,Bailey,,UCLA,USA,75,185,1,0,0,2023,2,41
76084,Carl,Bailey,,Tuskegee,USA,84,210,0,0,1,1980,3,66
76083,Gus,Bailey,,Texas-El Paso,USA,77,185,1,0,0,1974,2,23
76085,James,Bailey,,Rutgers,USA,81,220,0,1,0,1979,1,6
101228,Kyle,Bailey,,,,,,,,,,,
1847,Thurl,Bailey,,North Carolina State,USA,83,247,0,1,0,1983,1,7
1753,Toby,Bailey,,UCLA,USA,78,213,1,0,0,1998,2,45
203946,Cameron,Bairstow,,New Mexico,Australia,81,250,0,1,1,2014,2,49
196295055,Sean,Bairstow,,,,,,,,,,,
1858,Mark,Baker,,Ohio State,USA,73,175,1,0,0,-1,-1,-1
2486,Maurice,Baker,,Oklahoma State,USA,73,185,1,0,0,-1,-1,-1
76089,Norm,Baker,,Victoria,Canada,72,180,1,0,0,-1,-1,-1
1627758,Ron,Baker,,Wichita State,USA,76,220,1,0,0,-1,-1,-1
452,Vin,Baker,,Hartford,USA,83,240,0,1,0,1993,1,8
1627836,Gracin,Bakumanya,,,,,,,,,,,
1642380,Adama,Bal,,,,,,,,,,,
196294607,Franco,Balbi,,,,,,1,0,0,,,
64143,Franco,Balbi,,,,,,,,,,,
1627735,Wade,Baldwin IV,,Vanderbilt,USA,76,202,1,0,0,2016,1,17
1631116,Patrick,Baldwin Jr.,,,,,,,,,,,
200764,Renaldo,Balkman,,South Carolina,USA,80,208,0,1,0,2006,1,20
76090,Cedric,Ball,,North Carolina-Charlotte,USA,80,210,0,1,0,-1,-1,-1
1630163,LaMelo,Ball,,,,,,FALSE,FALSE,FALSE,,,
1629071,LiAngelo,Ball,,,USA,,,,,,2018,,
1628366,Lonzo,Ball,,UCLA,USA,78,190,1,0,0,2017,1,2
76091,Greg,Ballard,,Oregon,USA,79,215,0,1,0,1977,1,4
1630642,Mitch,Ballock,,,USA,,,0,0,0,-22,-22,-22
76092,Herschel,Baltimore,,Penn State,USA,76,195,0,1,0,-1,-1,-1
1628964,Mo,Bamba,,,,,,,,,,,
1631094,Paolo,Banchero,,,,,,FALSE,FALSE,FALSE,,,
1630217,Desmond,Bane,,,,,,FALSE,FALSE,FALSE,,,
43200,Marko,Banic,,,,,,,,,,,
76093,Gene,Banks,,Duke,USA,79,215,0,1,0,1981,2,28
2556,Marcus,Banks,,UNLV,USA,74,205,1,0,0,2003,1,13
101252,Sean,Banks,,,,,,,,,,,
1630791,James,Banks III,,,USA,,,0,0,0,-22,-22,-22
76094,Ken,Bannister,,St. Augustine's,USA,81,235,0,1,0,1984,7,156
76095,Mike,Bantom,,St. Joseph's (PA),USA,81,200,0,1,0,1973,1,8
1630625,Dalano,Banton,,,,,,,,,,,
43232,Tomer,Bar-Even,,,,,,,,,,,
11257,Stanko,Barac,,,,,,,,,,,
1627760,Cat,Barber,,North Carolina State,USA,73,173,1,0,0,2016,,
76096,John,Barber,,California State-Los Angeles,USA,78,210,0,1,0,1956,,
2841,Steven,Barber,,,,,,,,,,,
1962937929,Leandrinho,Barbosa,,,,,,,,,,,
2571,Leandro,Barbosa,,Bauru,Brazil,75,194,1,0,0,2003,1,28
76097,Stephen,Bardo,,Illinois,USA,77,190,1,0,0,1990,2,41
200826,J.J.,Barea,,Northeastern,Puerto Rico,70,180,1,0,0,-1,-1,-1
1628965,Jaylen,Barford,,,,,,,,,,,
200745,Andrea,Bargnani,,Benetton Treviso,Italy,84,245,0,0,0,2006,1,1
76098,Cliff,Barker,,Kentucky,USA,74,185,1,0,0,1949,5,
76099,Tom,Barker,,Hawaii,USA,83,225,0,0,1,1976,4,53
787,Charles,Barkley,,Auburn,USA,78,252,0,1,0,1984,1,5
2057,Erick,Barkley,,St. John's (NY),USA,73,185,1,0,0,2000,1,28
76102,Don,Barksdale,,UCLA,USA,78,200,0,1,0,-1,-1,-1
201644,Omar,Barlett,,,,,,,,,,,
64026,David,Barlow,,,,,,,,,,,
6664001,David,Barlow,,,,,,0,0,0,,,
1631230,Dominick,Barlow,,,,,,FALSE,FALSE,FALSE,,,
203084,Harrison,Barnes,,,,,,,,,,,
76103,Harry,Barnes,,Northeastern,USA,75,205,0,1,0,1968,4,37
76105,Jim,Barnes,,Texas-El Paso,USA,80,210,0,0,1,1964,1,1
76104,Marvin,Barnes,,Providence,USA,81,210,0,1,0,1974,1,2
2440,Matt,Barnes,,UCLA,USA,79,226,0,1,0,2002,2,45
1630567,Scottie,Barnes,,,,,,FALSE,FALSE,FALSE,,,
76107,Dick,Barnett,,Tennessee State,USA,76,190,1,0,0,1959,1,4
76106,Jim,Barnett,,Oregon,USA,76,170,1,0,0,1966,1,8
76108,John,Barnhill,,Tennessee State,USA,73,180,1,0,0,1959,11,77
76109,Norton,Barnhill,,Washington State,USA,76,205,1,0,0,1976,8,134
1642964,Brooks,Barnhizer,,,,,,,,,,,
76110,Leo,Barnhorst,,Notre Dame,USA,76,190,0,1,0,1949,2,
76111,John,Barr,,Penn State,USA,75,205,0,1,0,-1,-1,-1
76112,Mike,Barr,,Duquesne,USA,75,180,1,0,0,1972,1,180
76113,Thomas,Barr,,Duquesne,USA,76,195,1,0,0,-22,-22,-22
2857,Andre,Barrett,,Seton Hall,USA,70,173,0,0,0,-22,-22,-22
500,Barrett,Barrett,,,,,,,,,,,
76114,Ernie,Barrett,,Kansas State,USA,68,180,1,0,0,1951,1,7
1629628,RJ,Barrett,,,,,,FALSE,FALSE,FALSE,,,
2853,Earl,Barron,,Memphis,USA,84,250,0,1,1,-1,-1,-1
344,Dana,Barros,,Boston College,USA,71,165,1,0,0,1989,1,16
699,Brent,Barry,,Oregon State,USA,79,210,1,0,0,1995,1,15
1003,Drew,Barry,,Georgia Tech,USA,77,191,1,0,0,1996,2,57
468,Jon,Barry,,Georgia Tech,USA,77,210,1,0,0,1992,1,21
600013,Rick,Barry,,Miami,USA,79,205,0,1,0,1965,1,2
76117,Ed,Bartels,,North Carolina State,USA,78,195,0,1,0,-1,-1,-1
56036,Lorenzo,Bartoli,,,,,,,,,,,
76118,Vic,Bartolome,,Oregon State,USA,84,230,0,0,1,1970,6,87
44051,Lubos,Barton,,,,,,,,,,,
203115,Will,Barton,,Memphis,USA,77,181,1,0,0,2012,2,40
27032,Gal,Baruch,,,,,,,,,,,
101188,Eddie,Basden,,North Carolina-Charlotte,USA,77,215,1,0,0,-1,-1,-1
559,Basile,Basile,,,,,,,,,,,
56045,Gianluca,Basile,,,,,,,,,,,
76119,Jerry,Baskerville,,Temple,USA,79,190,0,1,0,-22,-22,-22
101138,Brandon,Bass,,Louisiana State,USA,80,250,0,1,0,2005,2,33
1628238,Paris,Bass,,Detroit Mercy,USA,80,200,0,1,0,-1,-1,-1
76120,Tim,Bassett,,Georgia,USA,80,225,0,1,0,1973,7,106
1629646,Charles,Bassey,,,,,,,,,,,
1766,Maceo,Baston,,Michigan,USA,82,230,0,1,0,1998,2,58
2370,Mengke,Bateer,,Beijing,China,83,290,0,0,1,-1,-1,-1
76121,Billyray,Bates,,Kentucky State,USA,76,210,1,0,0,1978,3,47
1641734,Emoni,Bates,,Eastern Michigan,USA,80,202,0,1,0,2023,2,49
1642926,Tamar,Bates,,Missouri,USA,76,195,1,0,0,,,
1628966,Keita,Bates-Diop,,Ohio State,USA,80,229,0,1,0,2018,2,48
101212,Esteban,Batista,,Trouville,Uruguay,82,268,0,1,1,-22,-22,-22
1966938163,Esteban,Batista,,,,,,,,,,,
1966938140,Lucas,Batista,,,,,,,,,,,
56008,Michael,Batiste,,,,,,,,,,,
2471,Mike,Batiste,,Arizona State,USA,80,225,0,0,0,-22,-22,-22
1499,Tony,Battie,,Texas Tech,USA,83,240,0,0,1,1997,1,5
2203,Shane,Battier,,Duke,USA,80,220,0,1,0,2001,1,6
1642419,Jamison,Battle,,,,,,,,,,,
174,John,Battle,,Rutgers,USA,74,175,1,0,0,1985,4,84
76123,Kenny,Battle,,Illinois,USA,78,210,1,0,0,1989,1,27
1628967,Tyus,Battle,,,,,,,,,,,
76124,Dave,Batton,,Notre Dame,USA,82,240,0,0,1,1978,3,62
204063,Kadeem,Batts,,,,,,,,,,,
201587,Nicolas,Batum,,,,,,,,,,,
1641878,Damion,Baugh,,TCU,USA,76,194,1,0,0,,,
76125,Johnny,Baum,,Temple,USA,77,200,0,1,0,1969,2,23
76126,Frankie,Baumholtz,,Ohio,USA,70,170,1,0,0,-1,-1,-1
2437,Lonny,Baxter,,Maryland,USA,80,260,0,1,0,2002,2,43
201573,Jerryd,Bayless,,Arizona,USA,75,200,1,0,0,2008,1,11
76127,Elgin,Baylor,,Seattle,USA,77,225,0,1,0,1958,1,1
203382,Aron,Baynes,,Washington State,Australia,82,260,0,1,1,-1,-1,-1
76128,Sergei,Bazarevich,,Tofas S.K.,Russia,74,168,1,0,0,-1,-1,-1
203145,Kent,Bazemore,,Old Dominion,USA,76,195,1,1,0,-1,-1,-1
1629647,Darius,Bazley,,Princeton HS (OH),USA,81,216,0,1,0,2019,1,23
76129,Ed,Beach,,West Virginia,USA,75,200,0,1,0,1950,5,
1628431,V.J.,Beachem,,,,,,,,,,,
203078,Bradley,Beal,,Florida,USA,76,207,1,0,0,2012,1,3
1631368,Justin,Bean,,,USA,,,0,0,0,-22,-22,-22
76130,Butch,Beard,,Louisville,USA,75,185,1,0,0,1969,1,10
76131,Ralph,Beard,,Kentucky,USA,70,175,1,0,0,1949,2,
40080,Tanoka,Beard,,,,,,,,,,,
2602,Jerome,Beasley,,North Dakota,USA,81,237,0,1,0,2003,2,33
1627736,Malik,Beasley,,Florida State,USA,76,187,1,0,0,2016,1,19
201563,Michael,Beasley,,Kansas State,USA,81,235,0,0,0,2008,1,2
76133,Zelmo,Beaty,,Prairie View A&M,USA,81,225,0,0,1,1962,1,3
201958,Rodrigue,Beaubois,,Cholet,France,74,185,1,0,0,2009,1,25
1630699,MarJon,Beauchamp,,,,,,,,,,,
2589,Sani,Becirovic,,,,,,,,,,,
76134,Byron,Beck,,Denver,USA,81,225,0,0,1,1967,2,15
1133,Corey,Beck,,Arkansas,USA,75,200,1,0,0,-1,-1,-1
76136,Ernie,Beck,,Pennsylvania,USA,76,190,1,0,0,1953,,
200575,Romel,Beck,,,,,,,,,,,
76137,Moe,Becker,,Duquesne,USA,,,1,0,0,-1,-1,-1
76138,William,Bedford,,Memphis,USA,84,225,0,0,1,1986,1,6
1641777,Charles,Bediako,,,,,,,,,,,
1627862,Beau,Beech,,,,,,,,,,,
1641736,Reece,Beekman,,Virginia,USA,75,190,1,0,0,,,
76139,Hank,Beenders,,Long Island-Brooklyn,USA,77,185,0,0,1,-22,-22,-22
56054,Mirza,Begic,,,,,,,,,,,
76140,Ron,Behagen,,Minnesota,USA,81,185,0,1,0,1973,1,7
76141,Elmer,Behnke,,Bradley,USA,79,210,0,0,1,1951,4,37
40026,Javier,Beiran,,,,,,,,,,,
201158,Marco,Belinelli,,Fortitudo Bologna,Italy,77,220,1,0,0,2007,1,18
2294,Charlie,Bell,,Michigan State,USA,75,200,1,0,0,-22,-22,-22
76142,Dennis,Bell,,Drake,USA,77,185,0,1,0,1973,5,83
1628395,Jordan,Bell,,Oregon,USA,80,216,0,1,0,2017,2,38
1952,Raja,Bell,,Florida International,US Virgin Islands,77,210,1,0,0,-1,-1,-1
2559,Troy,Bell,,Boston College,USA,73,180,1,0,0,2003,1,16
76143,William,Bell,,North Carolina State,USA,72,180,1,0,0,-1,-1,-1
203568,Damen,Bell-Holter,,,,,,,,,,,
76144,Walt,Bellamy,,Indiana,USA,82,225,0,0,1,1961,1,1
203155,Oscar,Bellfield,,,,,,,,,,,
1627761,DeAndre',Bembry,,St. Joseph's (PA),USA,77,210,1,1,0,2016,1,21
76145,Irv,Bemoras,,Illinois,USA,75,185,0,1,0,1953,,
7000,Avi,Ben-Chimol,,,,,,,,,,,
76146,Leon,Benbow,,Jacksonville,USA,76,185,1,0,0,1974,2,27
1627733,Dragan,Bender,,Maccabi Tel Aviv,Croatia,85,225,0,1,0,2016,1,4
1886,Jonathan,Bender,,Picayune HS (MS),USA,84,230,0,1,0,1999,1,5
203968,Jerrelle,Benimon,,Towson,USA,,,0,0,0,-1,-1,-1
43214,Vitor,Benite,,,,,,,,,,,
104,Benoit,Benjamin,,Creighton,USA,84,265,0,0,1,1985,1,3
1736,Corey,Benjamin,,Oregon State,USA,78,205,1,0,0,1998,1,28
203461,Anthony,Bennett,,UNLV,Canada,80,245,0,1,0,2013,1,1
1120,Elmer,Bennett,,Notre Dame,USA,72,170,1,0,0,1992,2,38
712,Mario,Bennett,,Arizona State,USA,81,235,0,1,1,1995,1,27
76151,Mel,Bennett,,Pittsburgh,USA,79,200,0,1,0,-22,-22,-22
76148,Tony,Bennett,,Wisconsin-Green Bay,USA,72,175,1,0,0,1992,2,35
76152,Winston,Bennett,,Kentucky,USA,79,210,1,0,0,1988,3,64
128,David,Benoit,,Alabama,USA,80,220,0,1,0,-1,-1,-1
202728,Keith,Benson,,Oakland,USA,83,240,0,1,1,2011,2,48
76154,Kent,Benson,,Indiana,USA,83,235,0,0,1,1977,1,1
200918,Rod,Benson,,,,,,,,,,,
1627791,Ben,Bentil,,Providence,Ghana,81,235,0,1,0,2016,2,51
76155,Gene,Berce,,Marquette,USA,71,175,1,0,0,1948,,
64002,Juan Carlos,Bergel,,,,,,,,,,,
76156,Gary,Bergen,,Utah,USA,80,210,0,0,1,1956,,
1642866,Joan,Beringer,,,,,,,,,,,
196294584,Yoav,Berman,,,,,,,,,,,
1631262,Jules,Bernard,,UCLA,USA,78,210,1,0,0,,,
204310,Davion,Berry,,,,,,,,,,,
1629137,Joel,Berry,,,,,,,,,,,
76157,Ricky,Berry,,San Jose State,USA,80,205,0,1,0,1988,1,18
76158,Walter,Berry,,St. John's (NY),USA,80,215,0,1,0,1986,1,14
1629541,Dairis,Bertans,,Olimpia Milano,Latvia,76,200,1,0,0,-1,-1,-1
42551,Dairis,Bertans,,,,,,,,,,,
202722,Davis,Bertans,,Baskonia,Latvia,82,225,0,1,0,2011,2,42
76159,Del,Beshore,,California (PA),USA,71,165,1,0,0,-22,-22,-22
41214,Nemanja,Besovic,,,,,,,,,,,
1629715,Javon,Bess,,,,,,,,,,,
696,Travis,Best,,Georgia Tech,USA,71,182,1,0,0,1995,1,23
201976,Patrick,Beverley,,Arkansas,USA,74,180,1,0,0,2009,2,42
267633,Patrick,Beverley,,,,,,,,,,,
1630180,Saddiq,Bey,,,,,,FALSE,FALSE,FALSE,,,
1630189,Tyler,Bey,,Colorado,USA,79,215,0,1,0,2020,2,36
1630793,Giorgi,Bezhanishvili,,,Georgia,,,0,0,0,-22,-22,-22
204021,Sim,Bhullar,,New Mexico State,Canada,89,360,0,0,1,-1,-1,-1
76160,Al,Bianchi,,Bowling Green,USA,75,185,1,0,0,1954,2,18
76161,Hank,Biasatti,,Assumption,Canada,71,175,0,0,0,-22,-22,-22
1629167,Justin,Bibbs,,,,,,,,,,,
76162,Henry,Bibby,,UCLA,USA,73,185,1,0,0,1972,4,58
1710,Mike,Bibby,,Arizona,USA,74,195,1,0,0,1998,1,2
813,Bernie,Bickerstaff,,,,,,,,,,,
76163,Ed,Biedenbach,,North Carolina State,USA,73,175,1,0,0,1968,4,45
2740,Andris,Biedrins,,BK Skonto,Latvia,84,242,0,0,1,2004,1,11
76164,Don,Bielke,,Valparaiso,USA,79,240,0,0,1,1954,8,67
1628448,Kavell,Bigby-Williams,,,,,,,,,,,
76165,Bob,Bigelow,,Pennsylvania,USA,79,215,0,1,0,1975,1,13
196295495,Ellis,Biggar,,,,,,,,,,,
1966938164,Christian,Bihurriet,,,,,,,,,,,
1497,Chauncey,Billups,,Colorado,USA,75,210,1,0,0,1997,1,3
76166,Dave,Bing,,Syracuse,USA,75,180,1,0,0,1966,1,2
1631234,Marcus,Bingham Jr.,,,USA,,,,,,-1,-1,-1
76167,Joe,Binion,,North Carolina A&T,USA,80,235,0,1,0,1984,3,57
203920,Khem,Birch,,UNLV,Canada,80,233,0,0,1,-1,-1,-1
1628444,Jabari,Bird,,California,USA,78,198,1,0,0,2017,2,56
76168,Jerry,Bird,,Kentucky,USA,78,210,0,1,0,1956,,
1449,Larry,Bird,,Indiana State,USA,81,220,0,1,0,1978,1,6
76170,Otis,Birdsong,,Houston,USA,75,190,1,0,0,1977,1,2
42541,James,Birsen,,,,,,,,,,,
76171,Gale,Bishop,,Washington State,USA,75,195,0,1,0,-1,-1,-1
1629048,Goga,Bitadze,,,,,,,,,,,
1641931,Onuralp,Bitim,,Bursaspor,Turkey,78,215,0,1,0,-22,-22,-22
202687,Bismack,Biyombo,,,,,,,,,,,
41004,Milko,Bjelica,,,,,,,,,,,
11505,Nemanja,Bjelica,,,,,,,,,,,
202357,Nemanja,Bjelica,,Fenerbahce,Serbia,81,234,0,1,0,2010,2,35
43302,Nemanja,Bjelica,,,,,,,,,,,
76172,Uwe,Blab,,Indiana,USA,85,252,0,0,1,1985,1,17
1641710,Anthony,Black,,,,,,FALSE,FALSE,FALSE,,,
76173,Charlie,Black,,Kansas,USA,76,200,0,1,0,-1,-1,-1
1641778,Leaky,Black,,,,,,FALSE,FALSE,FALSE,,,
76174,Norman,Black,,St. Joseph's (PA),USA,77,185,1,0,0,-1,-1,-1
204028,Tarik,Black,,Kansas,USA,81,250,0,1,1,-1,-1,-1
76175,Tom,Black,,South Dakota State,USA,82,220,0,0,1,1964,9,72
76176,Rolando,Blackman,,Kansas State,USA,78,190,1,0,0,1981,1,9
1628511,James,Blackmon Jr.,,,,,,,,,,,
2672,Ronald,Blackshear,,,,,,,,,,,
76180,Alex,Blackwell,,Monmouth,USA,78,250,0,1,0,-1,-1,-1
76177,Cory,Blackwell,,Wisconsin,USA,78,210,0,1,0,1984,2,28
1806,James,Blackwell,,Dartmouth,USA,72,190,1,0,0,-1,-1,-1
76179,Nate,Blackwell,,Temple,USA,76,170,1,0,0,1987,2,27
201971,DeJuan,Blair,,Pittsburgh,USA,79,270,0,1,1,2009,2,37
974,Joseph,Blair,,,,,,,,,,,
2581,Steve,Blake,,Maryland,USA,75,172,1,0,0,2003,2,38
202392,Marqus,Blakely,,Vermont,USA,77,225,0,1,0,-1,-1,-1
1628469,Antonio,Blakeney,,Louisiana State,USA,76,192,1,0,0,-1,-1,-1
200807,Will,Blalock,,Iowa State,USA,72,205,1,0,0,2006,2,60
200843,LaVell,Blanchard,,,,,,,,,,,
1962937736,Todd,Blanchfield,,,,,,0,0,0,,,
2849,Tony,Bland,,,,,,,,,,,
76182,George,Blaney,,Holy Cross,USA,73,175,1,0,0,1961,4,33
76183,Lance,Blanks,,Texas,USA,76,190,1,0,0,1990,1,26
76184,Ricky,Blanton,,Louisiana State,USA,79,215,0,1,0,1989,2,46
101154,Andray,Blatche,,South Kent HS (CT),USA,83,260,0,1,1,2005,2,49
302,Mookie,Blaylock,,Oklahoma,USA,73,185,1,0,0,1989,1,12
1962937156,Oz,Blayzer,,,,,,0,0,0,,,
202339,Eric,Bledsoe,,Kentucky,USA,73,214,1,0,0,2010,1,18
1629833,Keljin,Blevins,,Montana State,USA,76,200,1,0,0,2019,,
76186,Leon,Blevins,,Arizona,USA,74,160,1,0,0,1950,7,
76187,John,Block,,Southern California,USA,82,207,0,1,0,1966,3,27
76188,Mike,Bloom,,Temple,USA,78,190,0,0,1,-1,-1,-1
1628417,Jaron,Blossomgame,,Clemson,USA,80,220,0,1,0,2017,2,59
916,Corie,Blount,,Cincinnati,USA,82,242,0,1,1,1993,1,25
1548,Mark,Blount,,Pittsburgh,USA,84,250,0,1,1,1997,2,54
203505,Vander,Blue,,Marquette,USA,76,200,1,0,0,-1,-1,-1
1629129,Trevon,Bluiett,,Xavier,USA,78,198,1,1,0,2018,,
76189,Ray,Blume,,Oregon State,USA,76,185,1,0,0,1981,2,36
41632,David,Blumenthal,,,,,,,,,,,
2802,David,Bluthenthal,,,,,,,,,,,
202420,Eric,Boateng,,,,,,,,,,,
1626207,Ryan,Boatright,,,,,,,,,,,
1629594,Bennie,Boatwright,,,USA,,,0,0,0,-22,-22,-22
76190,Nelson,Bobb,,Temple,USA,72,170,1,0,0,1949,3,
2800,Tony,Bobbitt,,Cincinnati,USA,76,190,1,0,0,-1,-1,-1
76191,Arlen,Bockhorn,,Dayton,USA,76,200,1,0,0,1958,3,17
537,Bodiroga,Bodiroga,,,,,,,,,,,
1631205,Buddy,Boeheim,,,,,,,,,,,
76192,Tom,Boerwinkle,,Tennessee,USA,84,265,0,0,1,1968,1,4
2586,Keith,Bogans,,Kentucky,USA,77,215,1,1,0,2003,2,43
1962937117,Bogdan,Bogdanovic,,,,,,0,0,0,,,
203992,Bogdan,Bogdanovic,,,,,,,,,,,
43306,Bogdan,Bogdanovic,,,,,,,,,,,
1962936107,Bojan,Bogdanovic,,,,,,,,,,,
1962936525,Bojan,Bogdanovic,,,,,,,,,,,
202711,Bojan,Bogdanovic,,Fenerbahce,Croatia,79,226,0,1,0,2011,2,31
42544,Bojan,Bogdanovic,,,,,,,,,,,
177,Muggsy,Bogues,,Wake Forest,USA,63,141,1,0,0,1987,1,12
101106,Andrew,Bogut,,Utah,Australia,84,260,0,0,1,2005,1,1
1564,Etdrick,Bohannon,,Auburn-Montgomery,USA,81,235,0,1,0,-1,-1,-1
1629626,Bol,Bol,,Oregon,Sudan,87,220,0,1,0,2019,2,44
76195,Manute,Bol,,Bridgeport,USA,90,200,0,0,1,1985,2,31
1628413,Jonah,Bolden,,UCLA,Australia,82,220,0,1,0,2017,2,36
196295068,Jonah,Bolden,,,,,,0,0,0,,,
1629716,Marques,Bolden,,Duke,USA,82,249,0,0,1,2019,,
76196,Bill,Bolger,,Georgetown,USA,77,205,0,1,0,1953,,
1630195,Leandro,Bolmaro,,FC Barcelona,Argentina,78,200,0,1,0,2020,1,23
1627762,Joel,Bolomboy,,Weber State,Ukraine,81,235,0,0,0,2016,2,52
76197,Doug,Bolstorff,,Minnesota,USA,76,195,1,0,0,1957,8,57
76203,George H.,Bon Salle,,Illinois,USA,80,220,0,1,0,1957,1,7
1641737,Adem,Bona,,,,,,,,,,,
76198,Phil,Bond,,Louisville,USA,74,175,1,0,0,1977,3,62
1629260,Tim,Bond,,,,,,,,,,,
1603,Walter,Bond,,Minnesota,USA,77,200,1,0,0,-1,-1,-1
1629648,Jordan,Bone,,Tennessee,USA,75,180,1,0,0,2019,2,57
1121,Dexter,Boney,,UNLV,USA,76,185,1,0,0,-1,-1,-1
1629067,Isaac,Bonga,,Skyliners Frankfurt,Germany,80,180,1,0,0,2018,2,39
76201,Ron,Bonham,,Cincinnati,USA,76,192,0,1,0,1964,2,16
41,Anthony,Bonner,,St. Louis,USA,80,230,0,1,0,1990,1,23
2588,Matt,Bonner,,Florida,USA,82,235,0,1,1,2003,2,45
1626164,Devin,Booker,,,,,,FALSE,FALSE,FALSE,,,
511,Melvin,Booker,,Missouri,USA,74,185,1,0,0,-22,-22,-22
202344,Trevor,Booker,,Clemson,USA,80,228,0,1,0,2010,1,23
200767,Josh,Boone,,Connecticut,USA,82,240,0,1,1,2006,1,23
51956,Josh,Boone,,,,,,0,0,0,,,
76204,Ron,Boone,,Idaho State,USA,74,200,1,0,0,1968,11,147
1916,Calvin,Booth,,Penn State,USA,83,230,0,0,1,1999,2,35
1522,Keith,Booth,,Maryland,USA,78,226,0,1,0,1997,1,28
1629595,Phil,Booth,,,,,,,,,,,
76206,Bob,Boozer,,Kansas State,USA,80,215,0,1,0,1959,1,1
2430,Carlos,Boozer,,Duke,USA,81,258,0,1,0,2002,2,34
2414,Curtis,Borchardt,,Stanford,USA,84,242,0,0,1,2002,1,18
76207,Jake,Bornheimer,,Muhlenberg,USA,77,200,0,1,0,-1,-1,-1
1953,Lazaro,Borrell,,Villa Clara,Cuba,80,220,0,1,0,-1,-1,-1
76209,Costic,Borsavage,,Temple,USA,80,220,0,0,1,1950,5,
76210,Vince,Boryla,,Denver,USA,77,210,0,1,0,-1,-1,-1
2547,Chris,Bosh,,Georgia Tech,USA,83,235,0,1,0,2003,1,4
196294535,Mitar,Bosnjakovic,,,,,,,,,,,
203551,Dee,Bost,,,,,,,,,,,
76211,Jim,Bostic,,New Mexico State,USA,79,225,0,1,0,1975,8,139
202550,Josh,Bostic,,,,,,,,,,,
76212,Lawrence,Boston,,Maryland,USA,80,225,0,1,0,1978,4,81
1630527,Brandon,Boston Jr.,,Kentucky,USA,78,188,1,0,0,2021,2,51
76213,Tom,Boswell,,South Carolina,USA,80,220,0,1,0,1975,1,17
1628449,Chris,Boucher,,Oregon,Saint Lucia,81,200,0,1,0,,,
1630547,James,Bouknight,,Connecticut,USA,76,190,0,0,0,2021,1,11
1641859,Souley,Boum,,,USA,,,0,0,0,-22,-22,-22
2257,Ruben,Boumtje-Boumtje,,Georgetown,USA,84,257,0,0,1,2001,2,49
27033,Frederic,Bourdillon,,,,,,,,,,,
267620,Ioannis,Bourousis,,,,,,,,,,,
56038,Ioannis,Bourousis,,,,,,,,,,,
1631123,Jamaree,Bouyea,,,,,,,,,,,
76214,Don,Boven,,Western Michigan,USA,76,210,0,1,0,1949,6,
1630275,Jordan,Bowden,,,USA,,,0,0,0,-22,-22,-22
1898,Cal,Bowdler,,Old Dominion,USA,82,253,0,1,0,1999,1,17
1477,Bruce,Bowen,,California State-Fullerton,USA,79,200,0,1,0,-1,-1,-1
196295486,Kyle,Bowen,,,,,,,,,,,
1763,Ryan,Bowen,,Iowa,USA,81,218,0,1,0,1998,2,55
1628968,Brian,Bowen II,,Sydney Kings,USA,78,190,1,1,0,-1,-1,-1
194,Anthony,Bowie,,Oklahoma,USA,78,200,1,0,0,1986,3,66
76217,Sam,Bowie,,Kentucky,USA,85,235,0,0,1,1984,1,2
200847,Brandon,Bowman,,,,,,0,0,0,,,
1085,Ira,Bowman,,Pennsylvania,USA,77,195,0,1,0,-1,-1,-1
1629065,Ky,Bowman,,Boston College,USA,73,187,1,0,0,-1,-1,-1
76219,Nate,Bowman,,Wichita State,USA,82,230,0,0,1,1965,1,7
671,Donnie,Boyce,,Colorado,USA,77,195,1,0,0,1995,2,42
76221,Dennis,Boyd,,Detroit,USA,73,175,1,0,0,1977,4,72
76222,Fred,Boyd,,Oregon State,USA,74,180,1,0,0,1972,1,5
76223,Ken,Boyd,,Boston University,USA,77,195,0,1,0,1974,9,154
2651,Jermaine,Boyette,,,,,,,,,,,
1863,Earl,Boykins,,Eastern Michigan,USA,65,133,1,0,0,-1,-1,-1
76224,Harry,Boykoff,,St. John's (NY),USA,81,225,0,0,1,-1,-1,-1
76225,Winford,Boynes,,San Francisco,USA,78,185,1,0,0,1978,1,13
200841,Cedric,Bozeman,,UCLA,USA,78,207,1,0,0,-1,-1,-1
41209,Petar,Bozic,,,,,,,,,,,
76226,Steve,Bracey,,Tulsa,USA,73,175,1,0,0,1972,2,21
202342,Craig,Brackins,,Iowa State,USA,82,230,0,1,0,2010,1,21
76227,Gary,Bradds,,Ohio State,USA,80,210,0,1,0,1964,1,3
76228,Alex,Bradley,,Villanova,USA,78,215,0,1,0,1981,4,86
76229,Alonzo,Bradley,,Texas Southern,USA,78,190,0,1,0,1977,2,29
202340,Avery,Bradley,,University of Texas at Austin,USA,75,180,1,0,0,2010,1,19
76233,Bill,Bradley,,Princeton,USA,77,205,0,1,0,1965,,
76230,Charles,Bradley,,Wyoming,USA,77,215,1,0,0,1981,1,23
76231,Dudley,Bradley,,North Carolina,USA,78,195,1,0,0,1979,1,13
76232,Joe,Bradley,,Oklahoma State,USA,75,175,1,0,0,-1,-1,-1
2214,Michael,Bradley,,Villanova,USA,82,245,0,1,0,2001,1,17
762,Shawn,Bradley,,Brigham Young,USA,90,275,0,0,1,1993,1,2
1628396,Tony,Bradley,,North Carolina,USA,83,248,0,1,1,2017,1,28
1630817,Pedro,Bradshaw,,,,,,,,,,,
1361,Mark,Bradtke,,Melbourne,Australia,82,265,0,0,1,-1,-1,-1
1966938142,Guilherme,Braga,,,,,,,,,,,
66,Marques,Bragg,,Providence,USA,80,230,0,1,0,-1,-1,-1
1765,Torraye,Braggs,,Xavier,USA,80,245,0,1,0,1998,2,57
1920,A.J.,Bramlett,,Arizona,USA,82,227,0,0,1,1999,2,39
76237,Adrian,Branch,,Maryland,USA,79,185,0,1,0,1985,2,46
1882,Elton,Brand,,Duke,USA,81,254,0,1,0,1999,1,1
196294615,Caio,Brandao,,,,,,,,,,,
210,Terrell,Brandon,,Oregon,USA,71,173,1,0,0,1991,1,11
64038,Angus,Brandt,,,,,,,,,,,
1631103,Malaki,Branham,,Ohio State,USA,76,180,0,1,0,2022,1,20
76238,Bob,Brannum,,Michigan State,USA,78,215,0,1,0,-1,-1,-1
76239,Brad,Branson,,Southern Methodist,USA,82,220,0,1,0,1980,2,45
76240,Jesse,Branson,,Elon,USA,79,195,0,1,0,1965,2,13
1629714,Jarrell,Brantley,,College of Charleston,USA,77,250,0,1,0,2019,2,50
76241,Jim,Brasco,,New York University,USA,73,170,1,0,0,1952,,
101240,Kevin,Braswell,,,,,,,,,,,
76242,Mike,Bratz,,Stanford,USA,74,185,1,0,0,1977,3,66
76243,Carl,Braun,,Colgate,USA,77,180,1,0,0,-1,-1,-1
1631128,Christian,Braun,,,,,,FALSE,FALSE,FALSE,,,
1628579,Taylor,Braun,,,,,,,,,,,
1629649,Ignas,Brazdeikis,,Michigan,Canada,78,221,0,1,0,2019,2,47
1642886,Koby,Brea,,,,,,,,,,,
160,Tim,Breaux,,Wyoming,USA,79,215,0,1,0,-1,-1,-1
2452,J.R.,Bremer,,St. Bonaventure,USA,74,185,1,0,0,-1,-1,-1
76245,Pete,Brennan,,North Carolina,USA,78,205,0,1,0,1958,1,4
76246,Tom,Brennan,,Villanova,USA,75,195,0,1,0,-22,-22,-22
196295094,Nicolas,Bretzel,,,,,,,,,,,
76247,Randy,Breuer,,Minnesota,USA,87,230,0,0,1,1983,1,18
201147,Corey,Brewer,,Florida,USA,81,188,1,1,0,2007,1,7
266266,Corey,Brewer,,,,,,,,,,,
2249,Jamison,Brewer,,Auburn,USA,76,184,1,0,0,2001,2,40
76248,Jim,Brewer,,Minnesota,USA,81,210,0,1,0,1973,1,2
76249,Ron,Brewer,,Arkansas,USA,76,180,1,0,0,1978,1,7
200758,Ronnie,Brewer,,Arkansas,USA,79,235,0,1,0,2006,1,14
2056,Primoz,Brezec,,Union Olimpija,Slovenia,85,255,0,0,1,2000,1,27
76250,Frank,Brian,,Louisiana State,USA,73,180,1,0,0,-1,-1,-1
783,Frank,Brickowski,,Penn State,USA,81,248,0,1,0,1981,3,57
76252,Junior,Bridgeman,,Louisville,USA,77,210,0,1,0,1975,1,8
76253,Bill,Bridges,,Kansas,USA,77,228,0,1,0,1961,3,32
1641779,Jalen,Bridges,,Baylor,USA,80,225,0,1,0,,,
1628969,Mikal,Bridges,,,,,,FALSE,FALSE,FALSE,,,
1628970,Miles,Bridges,,,,,,FALSE,FALSE,FALSE,,,
76254,Al,Brightman,,University of Charleston,USA,74,195,0,1,0,-1,-1,-1
1628578,Amida,Brimah,,Connecticut,USA,82,230,0,0,1,-1,-1,-1
1962937826,Amida,Brimah,,,,,,,,,,,
76255,Audley,Brindley,,Dartmouth,USA,76,175,0,1,0,-1,-1,-1
1628515,Isaiah,Briscoe,,Kentucky,USA,75,215,1,0,0,-1,-1,-1
76256,John,Brisker,,Toledo,USA,77,210,0,1,0,-1,-1,-1
1629052,Oshae,Brissett,,Syracuse,Canada,79,210,1,1,0,-1,-1,-1
76257,Allan,Bristow,,Virginia Tech,USA,79,210,0,1,0,1973,2,21
76258,Tyrone,Britt,,Johnson C. Smith,USA,76,190,1,0,0,-1,-1,-1
76259,Wayman,Britt,,Michigan,USA,74,185,1,0,0,1976,4,60
76260,Mike,Brittain,,South Carolina,USA,84,235,0,0,1,1985,2,29
76261,David,Britton,,Texas A&M,USA,76,180,1,0,0,1980,3,57
202410,Evan,Brock,,,,,,,,,,,
1631167,Izaiah,Brockington,,Iowa State,USA,76,196,0,0,0,-22,-22,-22
201972,Jon,Brockman,,Washington,USA,79,255,0,1,0,2009,2,38
1629151,Ryan,Broekhoff,,Valparaiso,Australia,78,215,1,1,0,-1,-1,-1
76262,Jim,Brogan,,West Virginia Wesleyan,USA,76,185,1,0,0,-1,-1,-1
1627763,Malcolm,Brogdon,,Virginia,USA,76,229,1,0,0,2016,2,36
76263,Gary,Brokaw,,Notre Dame,USA,76,178,1,0,0,1974,1,18
76264,Price,Brookfield,,West Texas A&M,USA,76,185,0,1,0,-1,-1,-1
201166,Aaron,Brooks,,Oregon,USA,72,161,1,0,0,2007,1,26
1629717,Armoni,Brooks,,Houston,USA,75,195,1,0,0,2019,,
1628415,Dillon,Brooks,,,,,,FALSE,FALSE,FALSE,,,
1631365,Garrison,Brooks,,,,,,,,,,,
76265,Kevin,Brooks,,Louisiana-Lafayette,USA,78,200,0,1,0,1991,1,18
202705,MarShon,Brooks,,Providence,USA,77,200,1,0,0,2011,1,25
76266,Michael,Brooks,,La Salle,USA,79,220,0,1,0,1980,1,9
418,Scott,Brooks,,California-Irvine,USA,71,165,1,0,0,-1,-1,-1
1631232,Keion,Brooks Jr.,,Washington,USA,79,210,0,0,0,-22,-22,-22
1641780,Johni,Broome,,,,,,,,,,,
201005,Andre,Brown,,,,,,,,,,,
2810,Andre,Brown,,DePaul,USA,81,245,0,0,0,-22,-22,-22
1626148,Anthony,Brown,,Stanford,USA,79,224,1,1,0,2015,2,34
76284,Bob,Brown,,Miami (Ohio),USA,76,205,0,0,0,-22,-22,-22
201628,Bobby,Brown,,Cal State-Fullerton,USA,74,175,1,0,0,-1,-1,-1
56061,Bobby,Brown,,,,,,,,,,,
1628971,Bruce,Brown,,,,,,,,,,,
1629596,Bryce,Brown,,,USA,,,0,0,0,-22,-22,-22
203185,Carlon,Brown,,,,,,,,,,,
1630602,Chaundee,Brown,,Michigan,USA,77,215,0,1,0,-1,-1,-1
359,Chucky,Brown,,North Carolina State,USA,80,220,0,1,0,1989,2,43
2245,Damone,Brown,,Syracuse,USA,80,202,0,0,0,2001,2,36
1642468,Darius,Brown,,,,,,,,,,,
76270,Darrell,Brown,,Humboldt State,USA,74,175,0,1,0,1948,,
200793,Dee,Brown,,Illinois,USA,72,181,1,0,0,2006,2,46
244,Dee,Brown,,Jacksonville,USA,74,205,1,0,0,1990,1,19
200787,Denham,Brown,,,,,,,,,,,
201974,Derrick,Brown,,Xavier,USA,80,233,0,1,0,2009,2,40
2484,Devin,Brown,,Texas-San Antonio,USA,77,210,1,0,0,-1,-1,-1
200857,Elton,Brown,,,,,,,,,,,
2081,Ernest,Brown,,Indian Hills C.C.,USA,84,244,0,0,1,2000,2,52
76272,Fred,Brown,,Iowa,USA,75,182,1,0,0,1971,1,6
1631122,Gabe,Brown,,,USA,,,,,,-1,-1,-1
76273,George,Brown,,Wayne State,USA,78,190,0,1,0,1957,4,27
1871,Gerald,Brown,,Pepperdine,USA,76,210,1,0,0,-1,-1,-1
202904,Gilbert,Brown,,,,,,,,,,,
76275,Harold,Brown,,Evansville,USA,72,155,1,0,0,-1,-1,-1
203913,Jabari,Brown,,Missouri,USA,77,214,1,0,0,2014,,
1627759,Jaylen,Brown,,,,,,FALSE,FALSE,FALSE,,,
196295492,John,Brown,,,,,,0,0,0,,,
76276,John,Brown,,Missouri,USA,79,220,0,1,0,1973,1,10
2208,Kedrick,Brown,,Northwest Florida State,USA,79,222,0,0,0,2001,1,11
1631112,Kendall,Brown,,Baylor,USA,79,205,1,0,0,2022,2,48
1641738,Kobe,Brown,,,,,,,,,,,
2198,Kwame,Brown,,Glynn Academy HS (GA),USA,83,290,0,0,1,2001,1,1
76278,Leon,Brown,,Wyoming,USA,75,190,0,1,0,-1,-1,-1
76279,Lewis,Brown,,UNLV,USA,83,225,0,0,1,1977,4,69
203485,Lorenzo,Brown,,North Carolina State,USA,77,189,1,0,0,2013,2,52
992,Marcus,Brown,,Murray State,USA,75,185,1,0,0,1996,2,46
203900,Markel,Brown,,Oklahoma State,USA,75,190,1,0,0,2014,2,44
1479,Mike,Brown,,George Washington,USA,82,260,0,1,1,1985,3,69
1629650,Moses,Brown,,UCLA,USA,86,258,0,0,1,,,
76277,Myron,Brown,,Slippery Rock,USA,75,180,0,1,0,1991,2,34
136,P.J.,Brown,,Louisiana Tech,USA,83,239,0,1,1,1992,2,29
753,Randy,Brown,,New Mexico State,USA,74,190,1,0,0,1991,2,31
76282,Raymond,Brown,,Idaho,USA,80,220,0,1,0,-1,-1,-1
76283,Rickey,Brown,,Mississippi State,USA,82,215,0,0,1,1980,1,13
76286,Roger,Brown,,Kansas,USA,83,225,0,0,1,1971,4,64
200769,Shannon,Brown,,Michigan State,USA,76,210,1,0,0,2006,1,25
42563,Sherwood,Brown,,,,,,,,,,,
76285,Stan,Brown,,South Philadelphia HS (PA),USA,75,200,0,1,0,-1,-1,-1
1628425,Sterling,Brown,,Southern Methodist,USA,77,219,1,1,0,2017,2,46
2357,Tierre,Brown,,McNeese State,USA,74,189,1,0,0,-1,-1,-1
76268,Tony,Brown,,Arkansas,USA,78,185,0,1,0,1982,4,82
1630535,Greg,Brown III,,Texas,USA,79,206,0,1,0,2021,2,43
1629956,Barry,Brown Jr.,,,,,,,,,,,
1629718,Charlie,Brown Jr.,,St. Joseph's (PA),USA,78,199,1,0,0,,,
1628972,Troy,Brown Jr.,,Oregon,USA,79,215,1,1,0,2018,1,15
76287,Jim,Browne,,Tilden Tech HS (IL),USA,82,235,0,0,1,-1,-1,-1
27020,Shaun,Bruce,,,,,,,,,,,
76288,Stanley,Brundy,,DePaul,USA,78,210,0,1,0,1989,2,32
1628973,Jalen,Brunson,,,,,,FALSE,FALSE,FALSE,,,
1594,Rick,Brunson,,Temple,USA,76,190,1,0,0,-1,-1,-1
1627852,Nicolas,Brussino,,Penarol,Argentina,80,215,0,1,0,-1,-1,-1
1642868,Carter,Bryant,,,,,,,,,,,
1629091,Elijah,Bryant,,Brigham Young,USA,77,210,1,0,0,-1,-1,-1
76289,Emmette,Bryant,,DePaul,USA,73,175,1,0,0,1964,7,53
76290,Joe,Bryant,,La Salle,USA,82,185,0,1,0,1975,1,14
977,Kobe,Bryant,,Lower Merion HS (PA),USA,78,212,1,1,0,1996,1,13
95,Mark,Bryant,,Seton Hall,USA,81,250,0,1,0,1988,1,21
1628418,Thomas,Bryant,,,,,,,,,,,
76291,Wallace,Bryant,,San Francisco,USA,84,245,0,0,1,1982,2,30
76292,Torgeir,Bryn,,Texas State,Norway,81,250,0,1,0,-1,-1,-1
1629783,Shaq,Buchanan,,Murray State,USA,75,190,1,0,0,-1,-1,-1
76293,Joe,Buckhalter,,Tennessee State,USA,79,210,0,1,0,1958,12,81
76294,Steve,Bucknall,,North Carolina,USA,78,215,0,1,0,-1,-1,-1
76295,Cleveland,Buckner,,Jackson State,USA,81,210,0,1,0,1961,6,51
1761,Greg,Buckner,,Clemson,USA,76,210,1,0,0,1998,2,53
76296,Quinn,Buckner,,Indiana,USA,75,190,1,0,0,1976,1,7
76297,Dave,Budd,,Wake Forest,USA,78,205,0,1,0,1960,2,10
201978,Chase,Budinger,,Arizona,USA,79,209,0,1,0,2009,2,44
76298,Walter,Budko,,Columbia,USA,77,220,0,1,0,1948,1,6
146,Jud,Buechler,,Arizona,USA,78,228,1,1,0,1990,2,38
11509,Martin,Buesa,,,,,,,,,,,
1641723,Kobe,Bufkin,,,,,,,,,,,
548,Buford,Buford,,,,,,,,,,,
57237,Perrin,Buford,,,,,,0,0,0,,,
1934,Rodney,Buford,,Creighton,USA,77,195,1,1,0,1999,2,53
1642486,Boo,Buie III,,,USA,,,0,0,0,-22,-22,-22
672,Matt,Bullard,,Iowa,USA,82,229,0,1,0,-1,-1,-1
40050,Louis,Bullock,,,,,,,,,,,
41531,Louis,Bullock,,,,,,,,,,,
203493,Reggie,Bullock,,North Carolina,USA,78,205,1,1,0,2013,1,25
76300,Greg,Bunch,,California State-Fullerton,USA,78,190,0,1,0,1978,2,34
76301,Dick,Bunt,,New York University,USA,72,170,1,0,0,1952,,
76302,Bill,Buntin,,Michigan,USA,79,250,0,0,1,1965,,
76303,Luther,Burden,,Utah,USA,74,185,1,0,0,1975,2,26
2469,Pat,Burke,,Auburn,Ireland,83,250,0,1,1,-1,-1,-1
203504,Trey,Burke,,Michigan,USA,72,185,1,0,0,2013,1,9
76304,Roger,Burkman,,Louisville,USA,77,175,1,0,0,1981,6,130
202692,Alec,Burks,,Colorado,USA,77,214,1,0,0,2011,1,12
2766,Antonio,Burks,,Memphis,USA,72,195,1,0,0,2004,2,36
101207,Kevin,Burleson,,Minnesota,USA,75,205,1,0,0,-1,-1,-1
76305,Tom,Burleson,,North Carolina State,USA,86,225,0,0,1,1974,1,3
76306,Jack,Burmaster,,Illinois,USA,75,190,0,0,0,-22,-22,-22
76307,David,Burns,,St. Louis,USA,74,180,1,0,0,1981,3,49
76308,Evers,Burns,,Maryland,USA,80,260,0,1,0,1993,2,31
76309,Jim,Burns,,Northwestern,USA,75,195,1,0,0,1967,4,34
197,Scott,Burrell,,Connecticut,USA,79,218,1,0,0,1993,1,20
76311,Art,Burris,,Tennessee,USA,77,220,0,1,0,1950,3,
675,Junior,Burrough,,Virginia,USA,80,242,0,1,0,1995,2,33
76313,Bob,Burrow,,Kentucky,USA,79,228,0,0,1,1956,,
1629126,Deonte,Burton,,Iowa State,USA,76,240,1,1,0,,,
203907,Deonte,Burton,,,,,,,,,,,
76314,Ed,Burton,,Michigan State,USA,78,225,0,1,0,-22,-22,-22
1631174,Tyler,Burton,,,,,,,,,,,
416,Willie,Burton,,Minnesota,USA,80,210,0,1,0,1990,1,9
76316,Steve,Burtt,,Iona,USA,74,185,1,0,0,1984,2,30
76317,Don,Buse,,Evansville,USA,76,190,1,0,0,1972,3,34
202221,Brian,Butch,,Wisconsin,USA,83,240,0,0,1,-1,-1,-1
76318,Donnie,Butcher,,Pikeville,USA,74,200,1,0,0,1961,7,60
76319,Al,Butler,,Niagara,USA,74,175,1,0,0,1961,2,17
2406,Caron,Butler,,Connecticut,USA,79,228,0,1,0,2002,1,10
202364,Da'Sean,Butler,,West Virginia,USA,79,230,0,1,0,2010,2,42
76320,Greg,Butler,,Stanford,USA,83,240,0,0,1,1988,2,37
2866,Jackie,Butler,,Coastal Christian Academy (VA),USA,82,260,0,0,1,-1,-1,-1
1630215,Jared,Butler,,Baylor,USA,75,193,1,0,0,2021,2,40
1642966,Lamont,Butler,,,,,,,,,,,
348,Mitchell,Butler,,UCLA,USA,77,210,1,0,0,-1,-1,-1
2446,Rasual,Butler,,La Salle,USA,79,215,0,1,0,2002,2,52
202710,Jimmy,Butler III,,Marquette,USA,78,230,0,0,0,2011,1,30
1631219,John,Butler Jr.,,Florida State,USA,84,190,0,1,0,-22,-22,-22
202779,Dwight,Buycks,,Marquette,USA,75,190,1,0,0,-1,-1,-1
1641824,Matas,Buzelis,,,,,,FALSE,FALSE,FALSE,,,
201182,Derrick,Byars,,Vanderbilt,USA,79,220,1,1,0,2007,2,42
9000,Sergey,Bykov,,,,,,,,,,,
101115,Andrew,Bynum,,No College,USA,84,285,0,0,1,2005,1,10
101198,Will,Bynum,,Georgia Tech,USA,72,185,1,0,0,-1,-1,-1
550,Will,Bynum,,,,,,,,,,,
201239,Rashid,Byrd,,,,,,,,,,,
76321,Marty,Byrnes,,Syracuse,USA,79,215,0,1,0,1978,1,19
76322,Tommy,Byrnes,,Seton Hall,USA,75,175,1,0,0,-1,-1,-1
76323,Mike,Bytzura,,Long Island-Brooklyn,USA,73,170,0,1,0,-1,-1,-1
2560,Zarko,Cabarkapa,,Buducnost,Serbia,83,230,0,1,1,2003,1,17
40059,Carlos,Cabezas,,,,,,,,,,,
76324,Barney,Cable,,Bradley,USA,79,175,0,1,0,1958,2,10
196294585,Bruno,Caboclo,,,,,,0,0,1,,,
203998,Bruno,Caboclo,,Pinheiros,Brazil,81,218,0,1,0,2014,1,20
1629719,Devontae,Cacok,,UNC-Wilmington,USA,79,240,0,1,0,-1,-1,-1
1962937737,Jason,Cadee,,,,,,,,,,,
1966938165,Agustin,Caffaro,,,,,,,,,,,
679,Jason,Caffey,,Alabama,USA,80,256,0,1,0,1995,1,20
262,Michael,Cage,,San Diego State,USA,81,248,0,0,1,1984,1,14
1631288,Jamal,Cain,,,,,,,,,,,
501,Cakarevic,Cakarevic,,,,,,,,,,,
76326,Gerry,Calabrese,,St. John's (NY),USA,73,175,1,0,0,1950,2,
201979,Nick,Calathes,,Florida,USA,78,213,1,0,0,2009,2,45
56084,Pat,Calathes,,,,,,,,,,,
101181,Jose,Calderon,,Tau Ceramica,Spain,75,200,1,0,0,-1,-1,-1
154,Adrian,Caldwell,,Lamar,USA,80,265,0,0,0,-22,-22,-22
76328,Jim,Caldwell,,Georgia Tech,USA,82,240,0,0,1,1965,3,25
76329,Joe,Caldwell,,Arizona State,USA,77,195,0,1,0,1964,1,2
203484,Kentavious,Caldwell-Pope,,,,,,,,,,,
52608,Mathias,Calfani,,,,,,,,,,,
76331,Bill,Calhoun,,CC of San Francisco,USA,75,180,0,1,0,-1,-1,-1
76330,Corky,Calhoun,,Pennsylvania,USA,79,210,0,1,0,1972,1,4
76332,Demetrius,Calip,,Michigan,USA,73,165,1,0,0,-1,-1,-1
76333,Tom,Callahan,,Rockhurst,USA,73,180,1,0,0,-1,-1,-1
1629825,Perrion,Callandret,,,,,,,,,,,
76334,Rick,Calloway,,Kansas,USA,78,180,1,0,0,-1,-1,-1
76335,Ernie,Calverley,,Rhode Island,USA,70,145,0,0,0,-22,-22,-22
76336,Mack,Calvin,,Southern California,USA,72,165,1,0,0,1969,14,187
1641739,Toumani,Camara,,,,,,FALSE,FALSE,FALSE,,,
76337,Dexter,Cambridge,,Texas,USA,79,224,0,1,0,-22,-22,-22
948,Marcus,Camby,,Massachusetts,USA,83,240,0,1,1,1996,1,2
1630267,Facundo,Campazzo,,Murcia,Argentina,70,195,1,0,0,-1,-1,-1
922,Elden,Campbell,,Clemson,USA,84,279,0,1,1,1990,1,27
101216,Marcus,Campbell,,,,,,,,,,,
76338,Tony,Campbell,,Ohio State,USA,79,215,0,1,0,1984,1,20
203477,Isaiah,Canaan,,Murray State,USA,72,201,1,0,0,2013,2,34
1628427,Vlatko,Cancar,,San Pablo Burgos,Slovenia,80,236,0,1,0,2017,2,49
201231,Nik,Caner-Medley,,,,,,,,,,,
1629962,Devin,Cannady,,Princeton,USA,74,183,1,0,0,2019,,
76339,Larry,Cannon,,La Salle,USA,76,195,1,0,0,1969,1,5
101242,Jason,Capel,,,,,,,,,,,
203991,Clint,Capela,,,,,,,,,,,
202382,Derrick,Caracter,,Texas-El Paso,USA,81,275,0,1,0,2010,2,58
43220,Derrick,Caracter,,,,,,,,,,,
2073,Brian,Cardinal,,Purdue,USA,80,240,0,1,0,2000,2,44
1642928,Dylan,Cardwell,,,,,,,,,,,
1630176,Vernon,Carey Jr.,,Duke,USA,82,270,0,0,1,2020,2,32
76340,Howie,Carl,,DePaul,USA,69,160,1,0,0,1961,5,50
76341,Chet,Carlisle,,California,USA,77,195,0,1,0,-1,-1,-1
2367,Geno,Carlisle,,California,USA,75,200,1,0,0,-1,-1,-1
76342,Rick,Carlisle,,Virginia,USA,77,210,1,0,0,1984,3,70
76343,Al,Carlson,,Oregon,USA,83,235,0,0,1,-22,-22,-22
1642382,Branden,Carlson,,,,,,,,,,,
76344,Don,Carlson,,Minnesota,USA,72,170,1,0,0,-1,-1,-1
42558,Jackie,Carmichael,,,,,,,,,,,
76345,Bob,Carney,,Bradley,USA,75,170,0,0,1,1954,6,47
200760,Rodney,Carney,,Memphis,USA,79,205,0,1,0,2006,1,16
76346,Bob,Carpenter,,Texas A&M-Commerce,USA,77,200,0,1,0,-1,-1,-1
156,Antoine,Carr,,Wichita State,USA,81,270,0,1,0,1983,1,8
76348,Austin,Carr,,Notre Dame,USA,76,200,1,0,0,1971,1,1
713,Chris,Carr,,Southern Illinois,USA,78,220,1,0,0,1995,2,56
1757,Cory,Carr,,Texas Tech,USA,76,210,1,0,0,1998,2,49
56085,Cory,Carr,,,,,,,,,,,
76350,Kenny,Carr,,North Carolina State,USA,79,220,0,1,0,1977,1,6
76351,M.L.,Carr,,Guilford,USA,78,205,0,1,0,1973,5,76
1628974,Tony,Carr,,,USA,,,0,0,0,2018,2,51
56063,Marco,Carraretto,,,,,,,,,,,
76352,Bob,Carrington,,Boston College,USA,78,195,1,0,0,1976,2,28
1642267,Bub,Carrington,,,,,,FALSE,FALSE,FALSE,,,
201960,DeMarre,Carroll,,Missouri,USA,78,215,0,1,0,2009,1,27
56055,Jaycee,Carroll,,,,,,,,,,,
1629050,Jeffrey,Carroll,,,,,,,,,,,
76353,Joe Barry,Carroll,,Purdue,USA,84,225,0,0,1,1980,1,1
2679,Matt,Carroll,,Notre Dame,USA,78,212,0,0,0,-22,-22,-22
200828,Pat,Carroll,,,,,,,,,,,
1131,Jimmy,Carruth,,Virginia Tech,USA,82,265,0,1,0,-1,-1,-1
1853,Anthony,Carter,,Hawaii,USA,74,195,0,0,0,-22,-22,-22
76355,Butch,Carter,,Indiana,USA,77,180,1,0,0,1980,2,37
1642269,Devin,Carter,,,,,,FALSE,FALSE,FALSE,,,
76356,Fred,Carter,,Mount St. Mary's,USA,75,185,1,0,0,1969,3,43
76357,George,Carter,,St. Bonaventure,USA,76,210,0,1,0,1967,8,81
76358,Howard,Carter,,Louisiana State,USA,77,215,1,0,0,1983,1,15
76359,Jake,Carter,,Texas A&M-Commerce,USA,,,0,1,0,1948,,
1628975,Jevon,Carter,,,,,,,,,,,
2466,Maurice,Carter,,Louisiana State,USA,77,210,1,0,0,-1,-1,-1
76360,Reggie,Carter,,St. John's (NY),USA,75,175,1,0,0,1979,2,27
76361,Ron,Carter,,Virginia Military Institute,USA,77,190,1,0,0,1978,2,26
1627258,Sampson,Carter,,,,,,,,,,,
202405,Tweety,Carter,,,,,,,,,,,
1713,Vince,Carter,,North Carolina,USA,78,220,1,1,0,1998,1,5
201999,Warren,Carter,,,,,,,,,,,
1628976,Wendell,Carter Jr.,,,,,,FALSE,FALSE,FALSE,,,
203487,Michael,Carter-Williams,,Syracuse,USA,77,190,1,0,0,2013,1,11
1630618,D.J.,Carton,,Marquette,USA,75,200,0,0,0,-22,-22,-22
76362,Bill,Cartwright,,San Francisco,USA,85,245,0,0,1,1979,1,3
76363,Jay,Carty,,Oregon State,USA,79,220,0,1,0,1962,6,46
1627936,Alex,Caruso,,,,,,,,,,,
1626271,Kyle,Casey,,,,,,,,,,,
76364,Cornelius,Cash,,Bowling Green,USA,80,215,0,1,0,1975,2,24
208,Sam,Cassell,,Florida State,USA,75,185,1,0,0,1993,1,24
201956,Omri,Casspi,,Maccabi Tel Aviv,Israel,81,225,0,1,0,2009,1,23
551,Omri,Casspi,,,,,,,,,,,
1642264,Stephon,Castle,,,,,,FALSE,FALSE,FALSE,,,
101255,Steve,Castleberry,,,,,,,,,,,
1630658,Colin,Castleton,,,,,,,,,,,
76365,Harvey,Catchings,,Hardin-Simmons,USA,81,218,0,0,1,1974,3,42
767,Terry,Catledge,,South Alabama,USA,80,220,0,1,0,1985,1,21
76367,Sid,Catlett,,Notre Dame,USA,78,230,0,1,0,1971,4,55
1509,Kelvin,Cato,,Iowa State,USA,83,275,0,0,1,1997,1,15
76368,Bobby,Cattage,,Auburn,USA,81,250,0,1,0,1981,8,165
1626161,Willie,Cauley-Stein,,Kentucky,USA,84,240,0,0,1,2015,1,6
1628505,Troy,Caupain,,Cincinnati,USA,76,210,1,0,0,-1,-1,-1
196294530,Fabien,Causeur,,,,,,,,,,,
190,Duane,Causwell,,Temple,USA,84,255,0,0,1,1990,1,18
1628463,Tyler,Cavanaugh,,George Washington,USA,81,238,0,1,0,-1,-1,-1
76370,Ron,Cavenall,,Texas Southern,USA,85,230,0,0,1,-1,-1,-1
1629958,Ahmad,Caver,,Old Dominion,USA,74,174,1,0,0,2019,,
1630608,Malcolm,Cazalon,,Mega Basket,France,78,185,0,0,0,-22,-22,-22
76,Cedric,Ceballos,,California State-Fullerton,USA,79,220,0,1,0,1990,2,48
1911,John,Celestand,,Villanova,USA,75,190,1,0,0,1999,2,30
52609,Leandro,Cerminato,,,,,,,,,,,
76373,Al,Cervi,,East HS (NY),USA,71,170,1,0,0,-1,-1,-1
43308,Serhat,Cetin,,,,,,,,,,,
43218,Gege,Chaia,,,,,,,,,,,
2763,Lionel,Chalmers,,Xavier,USA,72,180,1,0,0,2004,2,33
201596,Mario,Chalmers,,Kansas,USA,74,190,1,0,0,2008,2,34
76374,Bill,Chamberlain,,North Carolina,USA,78,188,0,1,0,1972,3,43
76375,Wilt,Chamberlain,,Kansas,USA,85,250,0,0,1,1959,,
76376,Jerry,Chambers,,Utah,USA,77,185,0,1,0,1966,1,7
1472,Tom,Chambers,,Utah,USA,82,220,0,1,0,1981,1,8
1630577,Julian,Champagnie,,,,,,FALSE,FALSE,FALSE,,,
1630551,Justin,Champagnie,,,,,,,,,,,
76378,Mike,Champion,,Gonzaga,USA,82,230,0,1,0,-1,-1,-1
1631113,Kennedy,Chandler,,,,,,FALSE,FALSE,FALSE,,,
2199,Tyson,Chandler,,Dominguez HS (CA),USA,84,235,0,0,1,2001,1,2
201163,Wilson,Chandler,,DePaul,USA,80,235,0,1,0,2007,1,23
76379,Don,Chaney,,Houston,USA,77,210,1,0,0,1968,1,12
76380,John,Chaney,,Louisiana State,USA,,,0,1,0,-1,-1,-1
64115,Lin,Chang,,,,,,,,,,,
364,Rex,Chapman,,Kentucky,USA,76,195,1,0,0,1988,1,8
76382,Len,Chappell,,Wake Forest,USA,80,240,0,1,0,1962,1,4
76383,Ken,Charles,,Fordham,USA,75,180,1,0,0,1973,3,38
76384,Lorenzo,Charles,,North Carolina State,USA,79,225,0,1,0,1985,2,41
200856,Brian,Chase,,,,,,,,,,,
1629147,Joe,Chealey,,College of Charleston,USA,75,190,1,0,0,2018,,
384,Calbert,Cheaney,,Indiana,USA,79,210,1,1,0,1993,1,6
1629597,Zylan,Cheatham,,Arizona State,USA,77,220,0,1,0,-1,-1,-1
196294578,Zylan,Cheatham,,,,,,0,1,0,,,
76385,Maurice,Cheeks,,West Texas A&M,USA,73,180,1,0,0,1978,2,36
64140,Ying-Chun,Chen,,,,,,1,0,0,,,
27008,Yingjun,Chen,,,,,,,,,,,
64127,Zanyu,Chen,,,,,,,,,,,
76386,Phil,Chenier,,California,USA,75,180,1,0,0,-22,-22,-22
2251,Eric,Chenowith,,,,,,,,,,,
203805,Will,Cherry,,Montana,USA,,,0,0,0,-1,-1,-1
76387,Derrick,Chievous,,Missouri,USA,79,195,0,1,0,1988,1,16
432,Pete,Chilcutt,,North Carolina,USA,82,245,0,1,0,1991,1,27
267618,Josh,Childress,,,,,,,,,,,
2735,Josh,Childress,,Stanford,USA,80,210,1,1,0,2004,1,6
719,Randolph,Childress,,Wake Forest,USA,74,188,1,0,0,1995,1,19
164,Chris,Childs,,Boise State,USA,75,195,1,0,0,-1,-1,-1
1630213,Yoeli,Childs,,,USA,,,0,0,0,-22,-22,-22
56037,David,Chiotti,,,,,,,,,,,
1629185,Chris,Chiozza,,Florida,USA,71,175,1,0,0,-1,-1,-1
76391,Leroy,Chollet,,Canisius,USA,74,190,0,1,0,-1,-1,-1
1642279,Ulrich,Chomche,,NBA Global Academy,Cameroon,83,235,0,0,1,2024,2,57
76392,Jim,Chones,,Marquette,USA,83,220,0,0,1,1973,2,31
1627737,Marquese,Chriss,,Washington,USA,81,240,0,1,0,2016,1,8
76393,Fred,Christ,,Fordham,USA,76,210,1,0,0,-1,-1,-1
76394,Cal,Christensen,,Toledo,USA,77,210,0,1,0,1950,5,
76395,Bob,Christian,,Grambling,USA,82,255,0,0,1,1969,8,109
1642353,Cam,Christie,,,,,,,,,,,
57,Doug,Christie,,Pepperdine,USA,78,205,1,1,0,1992,1,17
1631108,Max,Christie,,,,,,FALSE,FALSE,FALSE,,,
1962936270,Dionte,Christmas,,,,,,,,,,,
202091,Dionte,Christmas,,Temple,USA,77,205,1,0,0,-1,-1,-1
1626176,Rakeem,Christmas,,Syracuse,USA,81,250,0,1,0,2015,2,36
203902,Semaj,Christon,,Xavier,USA,75,190,1,0,0,2014,2,55
1630528,Josh,Christopher,,Arizona State,USA,76,215,1,0,0,2021,1,24
203565,Patrick,Christopher,,California,USA,,,0,0,0,-1,-1,-1
101250,Adam,Chubb,,,,,,,,,,,
42564,Alex,Chubrevich,,,,,,,,,,,
43233,Alex,Chubrevich,,,,,,0,0,0,,,
56086,Alex,Chubrevich,,,,,,,,,,,
43215,Luis,Chupeta,,,,,,,,,,,
928,Robert,Churchwell,,Georgetown,USA,78,195,0,1,0,-1,-1,-1
538,Cinciarini,Cinciarini,,,,,,,,,,,
1966938134,Lucas,Cipolini,,,,,,,,,,,
1630619,Moussa,Cisse,,,,,,,,,,,
1631321,Sidy,Cissoko,,,,,,,,,,,
2439,Sam,Clancy,,,,,,,,,,,
76397,Archie,Clark,,Minnesota,USA,74,175,1,0,0,1966,4,37
76398,Carlos,Clark,,Mississippi,USA,76,210,1,0,0,1983,4,91
40016,Daniel Mark,Clark,,,,,,,,,,,
201947,Earl,Clark,,Louisville,USA,82,234,0,1,0,2009,1,14
1629109,Gary,Clark,,Cincinnati,USA,78,225,0,1,0,-22,-22,-22
203546,Ian,Clark,,Belmont,USA,75,175,1,0,0,-1,-1,-1
1641740,Jaylen,Clark,,,,,,,,,,,
1721,Keon,Clark,,UNLV,USA,83,221,0,1,1,1998,1,13
200858,Milone,Clark,,,,,,,,,,,
1629634,Brandon,Clarke,,,,,,,,,,,
1626262,Coty,Clarke,,Arkansas,USA,79,225,0,1,0,-1,-1,-1
203903,Jordan,Clarkson,,,,,,,,,,,
1628492,Gian,Clavell,,Colorado State,Puerto Rico,76,185,1,0,0,-1,-1,-1
201964,Victor,Claver,,Valencia,Spain,81,224,0,0,0,2009,1,22
1127,Charles,Claxton,,Georgia,USA,84,265,0,0,1,1994,2,50
1629651,Nic,Claxton,,,,,,FALSE,FALSE,FALSE,,,
2049,Speedy,Claxton,,Hofstra,USA,71,170,1,0,0,2000,1,20
1642383,Walter,Clayton Jr.,,,,,,,,,,,
76402,Jim,Cleamons,,Ohio State,USA,75,185,1,0,0,1971,1,13
2043,Mateen,Cleaves,,Michigan State,USA,74,210,1,0,0,2000,1,14
76403,John,Clemens,,Ohio Wesleyan,USA,78,210,0,1,0,1965,3,19
1629598,Chris,Clemons,,Campbell University,USA,69,180,1,0,0,-1,-1,-1
1628499,Antonius,Cleveland,,S.E. Missouri,USA,77,195,1,0,0,-22,-22,-22
196294102,Antonius,Cleveland,,,,,,0,0,0,,,
1642888,Matthew,Cleveland,,,,,,,,,,,
1642363,Nique,Clifford,,,,,,FALSE,FALSE,FALSE,,,
76404,Nat,Clifton,,Xavier of Louisiana,USA,78,220,0,0,1,-1,-1,-1
1642270,Donovan,Clingan,,,,,,FALSE,FALSE,FALSE,,,
76406,Bill,Closs,,Rice,USA,78,195,0,1,0,-1,-1,-1
1569,Keith,Closs,,Central Connecticut State,USA,87,212,0,0,1,-1,-1,-1
1641730,Noah,Clowney,,,,,,FALSE,FALSE,FALSE,,,
76407,Paul,Cloyd,,Wisconsin,USA,,,1,0,0,1947,,
76408,Marion,Cluggish,,Kentucky,USA,82,235,0,0,1,-1,-1,-1
76409,Ben,Clyde,,Florida State,USA,79,198,0,1,0,1974,5,89
203965,Justin,Cobbs,,,,,,,,,,,
1629352,Jeffrey,Coby,,,,,,,,,,,
1629599,Amir,Coffey,,,,,,,,,,,
76410,Richard,Coffey,,Minnesota,USA,78,212,1,0,0,-1,-1,-1
76411,Fred,Cofield,,Eastern Michigan,USA,75,190,1,0,0,1985,4,73
56087,Bryan,Cohen,,,,,,,,,,,
43188,Jake,Cohen,,,,,,,,,,,
1966938155,David,Cohn,,,,,,,,,,,
715,John,Coker,,Boise State,USA,84,253,0,0,1,-1,-1,-1
78655,John,Coker,,,,,,,,,,,
196294141,Norris,Cole,,,,,,0,0,0,,,
202708,Norris,Cole,,Cleveland State,USA,74,175,1,0,0,2011,1,28
76412,Ben,Coleman,,Maryland,USA,81,235,0,1,0,1984,2,37
934,Derrick,Coleman,,Syracuse,USA,82,270,0,1,0,1990,1,1
76413,E.C.,Coleman,,Houston Baptist,USA,80,225,0,1,0,1973,3,51
76414,Jack,Coleman,,Louisville,USA,79,195,0,1,0,1949,2,
76415,Norris,Coleman,,Kansas State,USA,80,210,0,1,0,1987,2,38
1630645,Matt,Coleman III,,,USA,,,0,0,0,-22,-22,-22
902,Bimbo,Coles,,Virginia Tech,USA,74,182,1,0,0,1990,2,40
1642268,Isaiah,Collier,,,,,,,,,,,
2044,Jason,Collier,,Georgia Tech,USA,84,260,0,0,1,2000,1,15
76416,Art,Collins,,St. Thomas (FL),USA,76,185,1,0,0,1976,6,103
201653,Coleman,Collins,,,,,,,,,,,
40089,DeJuan,Collins,,,,,,,,,,,
76418,Don,Collins,,Washington State,USA,78,190,1,0,0,1980,1,18
76421,Doug,Collins,,Illinois State,USA,78,180,1,0,0,1973,1,1
1530,James,Collins,,Florida State,USA,76,196,1,0,0,1997,2,36
2260,Jarron,Collins,,Stanford,USA,83,249,0,0,1,2001,2,52
2215,Jason,Collins,,Stanford,USA,84,255,0,0,1,2001,1,18
76419,Jimmy,Collins,,New Mexico State,USA,74,175,1,0,0,1970,1,11
1628381,John,Collins,,,,,,FALSE,FALSE,FALSE,,,
200776,Mardy,Collins,,Temple,USA,78,220,1,0,0,2006,1,29
202395,Sherron,Collins,,Kansas,USA,71,205,1,0,0,-1,-1,-1
1641879,Yuri,Collins,,St. Louis,USA,72,190,1,0,0,,,
1628380,Zach,Collins,,Gonzaga,USA,81,240,0,1,1,2017,1,10
1627858,Kyle,Collinsworth,,Brigham Young,USA,78,210,1,0,0,2016,,
201954,Darren,Collison,,UCLA,USA,72,175,1,0,0,2009,1,21
2555,Nick,Collison,,Kansas,USA,82,255,0,1,1,2003,1,12
76422,Joe,Colone,,Bloomsburg,USA,77,210,0,1,0,-1,-1,-1
1629045,Bonzie,Colson,,Notre Dame,USA,78,225,0,1,0,-1,-1,-1
2173,Sean,Colson,,North Carolina-Charlotte,USA,72,175,1,0,0,-1,-1,-1
306,Steve,Colter,,New Mexico State,USA,75,165,1,0,0,1984,2,33
1628435,Chance,Comanche,,Arizona,USA,82,210,0,0,0,-22,-22,-22
76425,Leroy,Combs,,Oklahoma State,USA,80,210,0,1,0,1983,2,26
76426,Dallas,Comegys,,DePaul,USA,81,205,0,0,1,1987,1,21
76427,Larry,Comley,,Kansas State,USA,77,210,1,0,0,1961,10,91
1642022,George,Conditt IV,,,Puerto Rico,,,0,0,0,-22,-22,-22
76428,Gene,Conley,,Washington State,USA,80,225,0,0,1,1952,10,
201144,Mike,Conley,,,,,,FALSE,FALSE,FALSE,,,
76429,Ed,Conlin,,Fordham,USA,78,200,0,1,0,1955,1,5
55,Marty,Conlon,,Providence,USA,83,245,0,0,1,-1,-1,-1
1626192,Pat,Connaughton,,,,,,,,,,,
76431,Lester,Conner,,Oregon State,USA,76,180,1,0,0,1982,1,14
76432,Chuck,Connors,,Seton Hall,USA,77,190,0,1,0,-1,-1,-1
101215,Will,Conroy,,Washington,USA,74,195,1,0,0,-1,-1,-1
76433,Anthony,Cook,,Arizona,USA,81,205,0,1,0,1989,1,24
76434,Bert,Cook,,Utah State,USA,75,185,1,0,0,-22,-22,-22
76438,Bobby,Cook,,Wisconsin,USA,70,155,1,0,0,1948,,
2567,Brian,Cook,,Illinois,USA,81,250,0,1,1,2003,1,24
201161,Daequan,Cook,,Ohio State,USA,77,210,1,0,0,2007,1,21
76435,Darwin,Cook,,Portland,USA,75,184,1,0,0,1980,4,70
1627765,Elgin,Cook,,,,,,,,,,,
76436,Jeff,Cook,,Idaho State,USA,82,215,0,1,0,1978,3,49
1630269,Keandre,Cook,,,USA,,,0,0,0,-22,-22,-22
76437,Norm,Cook,,Kansas,USA,80,210,0,1,0,1976,1,16
2241,Omar,Cook,,St. John's (NY),USA,73,190,1,0,0,2001,2,31
56034,Omar,Cook,,,,,,,,,,,
1626188,Quinn,Cook,,Duke,USA,73,180,1,0,0,-1,-1,-1
1629076,Tyler,Cook,,Iowa,USA,80,255,0,1,0,-22,-22,-22
1628429,Charles,Cooke,,Dayton,USA,77,196,1,0,0,-1,-1,-1
76439,David,Cooke,,Saint Mary's,USA,80,230,0,1,0,-1,-1,-1
1631451,Javonte,Cooke,,,,,,,,,,,
76440,Joe,Cooke,,Indiana,USA,75,175,1,0,0,1970,6,94
1627496,Derek,Cooke Jr.,,,,,,,,,,,
1641645,Xavier,Cooks,,Winthrop,Australia,80,183,0,1,0,-22,-22,-22
204022,Jack,Cooley,,Notre Dame,USA,82,274,0,1,1,-1,-1,-1
76442,Chuck,Cooper,,Duquesne,USA,77,210,0,1,0,1950,2,
1030,Duane,Cooper,,Southern California,USA,73,185,1,0,0,1992,2,36
76443,Joe,Cooper,,Colorado,USA,82,230,0,0,1,1981,5,95
76444,Michael,Cooper,,New Mexico,USA,79,170,1,0,0,1978,3,60
1630536,Sharife,Cooper,,,,,,,,,,,
76441,Wayne,Cooper,,New Orleans,USA,82,220,0,0,1,1978,2,40
76446,Tom,Copa,,Marquette,USA,82,275,0,1,0,-1,-1,-1
203142,Chris,Copeland,,Colorado,USA,80,235,0,1,0,-1,-1,-1
76447,Hollis,Copeland,,Rutgers,USA,78,180,0,1,0,1978,3,46
76448,Lanard,Copeland,,Georgia State,USA,78,190,0,1,0,-1,-1,-1
895,Tyrone,Corbin,,DePaul,USA,78,225,0,1,0,1985,2,35
76450,Chris,Corchiani,,North Carolina State,USA,72,185,1,0,0,1991,2,36
76451,Ken,Corley,,Central Oklahoma,USA,,,0,0,0,-22,-22,-22
76452,Ray,Corley,,Georgetown,USA,72,180,1,0,0,1949,5,
1627822,Petr,Cornelie,,Pau Orthez,France,83,220,0,0,0,2016,2,53
1969,Peter,Cornell,,,,,,,,,,,
76453,Dave,Corzine,,DePaul,USA,83,250,0,0,1,1978,1,18
76454,Larry,Costello,,Niagara,USA,73,186,1,0,0,1954,2,12
1627856,Matt,Costello,,Michigan State,USA,82,240,0,1,1,-1,-1,-1
203955,Bryce,Cotton,,Providence,USA,73,165,1,0,0,-1,-1,-1
76456,Jack,Cotton,,Wyoming,USA,79,200,0,1,0,-1,-1,-1
1526,James,Cotton,,Long Beach State,USA,77,220,1,0,0,1997,2,32
76457,John,Coughran,,California,USA,79,225,0,1,0,1973,5,74
1641731,Bilal,Coulibaly,,,,,,FALSE,FALSE,FALSE,,,
1641741,Ricky,Council IV,,Arkansas,USA,78,207,0,1,0,,,
76458,Mel,Counts,,Oregon State,USA,84,230,0,0,1,1964,1,7
76459,Steve,Courtin,,St. Joseph's (PA),USA,73,188,1,0,0,1964,3,24
1432,Joe,Courtney,,Southern Mississippi,USA,80,235,0,1,0,-1,-1,-1
202408,Marcus,Cousin,,Houston,USA,83,255,0,1,0,-1,-1,-1
202326,DeMarcus,Cousins,,Kentucky,USA,82,270,0,0,1,2010,1,5
1627766,Isaiah,Cousins,,,,,,,,,,,
1627902,Jaleel,Cousins,,,,,,,,,,,
600003,Bob,Cousy,,Holy Cross,USA,73,175,1,0,0,1950,1,3
203496,Robert,Covington,,Tennessee State,USA,79,209,0,1,0,-1,-1,-1
1642907,Cedric,Coward,,,,,,FALSE,FALSE,FALSE,,,
76462,Dave,Cowens,,Florida State,USA,81,230,0,0,1,1970,1,4
76463,John,Cox,,San Francisco,USA,74,180,1,0,0,1978,8,159
76464,Johnny,Cox,,Kentucky,USA,76,180,1,0,0,1959,4,28
76465,Wesley,Cox,,Louisville,USA,78,215,0,1,0,1977,1,18
203459,Allen,Crabbe,,California,USA,78,212,1,1,0,2013,2,31
203905,Aaron,Craft,,,,,,,,,,,
1628470,Torrey,Craig,,South Carolina Upstate,USA,77,221,0,1,0,-1,-1,-1
1544,Chris,Crawford,,Marquette,USA,81,235,0,1,0,1997,2,50
204039,Chris,Crawford,,,,,,,,,,,
203990,Drew,Crawford,,,,,,,,,,,
76466,Freddie,Crawford,,St. Bonaventure,USA,76,189,1,0,0,1964,4,26
1642384,Isaiah,Crawford,,,,,,,,,,,
2037,Jamal,Crawford,,Michigan,USA,77,200,1,0,0,2000,1,8
201621,Joe,Crawford,,Kentucky,USA,77,210,1,0,0,2008,2,58
202348,Jordan,Crawford,,Xavier,USA,77,195,1,0,0,2010,1,27
1629156,Markel,Crawford,,,,,,,,,,,
1628249,Mitchell,Creek,,Gottingen,Australia,78,225,1,1,0,-1,-1,-1
76468,Jim,Creighton,,Colorado,USA,80,200,0,1,0,1972,3,40
64145,Kevin,Crescenzi,,,,,,,,,,,
76469,Ron,Crevier,,Boston College,USA,84,235,0,0,1,1983,4,75
76470,Hal,Crisler,,Iowa State,USA,75,215,0,1,0,-1,-1,-1
2343,Joe,Crispin,,Penn State,USA,72,185,1,0,0,-1,-1,-1
76471,Charlie,Criss,,New Mexico State,USA,68,165,1,0,0,-1,-1,-1
76472,Winston,Crite,,Texas A&M,USA,79,233,0,1,0,1987,3,53
201159,Javaris,Crittenton,,Georgia Tech,USA,77,200,1,0,0,2007,1,19
76473,Dillard,Crocker,,Western Michigan,USA,76,205,0,1,0,-1,-1,-1
76474,Jeffrey,Crompton,,North Carolina,USA,83,280,0,0,1,1978,4,70
76475,Terry,Crosby,,Tennessee,USA,76,195,1,0,0,1979,3,62
1506,Austin,Croshere,,Providence,USA,82,235,0,1,0,1997,1,12
76476,Jeff,Cross,,Maine,USA,82,240,0,1,0,1984,3,61
76477,Pete,Cross,,San Francisco,USA,81,230,0,0,1,1970,2,23
76478,Russell,Cross,,Purdue,USA,82,215,0,0,1,1983,1,6
76479,Francis,Crossin,,Pennsylvania,USA,73,165,1,0,0,1947,1,6
180,John,Crotty,,Virginia,USA,74,194,1,0,0,-1,-1,-1
76481,Mark,Crow,,Duke,USA,79,210,0,1,0,1977,6,111
76482,Corey,Crowder,,Kentucky Wesleyan,USA,77,214,0,1,0,-1,-1,-1
203109,Jae,Crowder,,Marquette,USA,78,235,0,1,0,2012,2,34
1630622,Jalen,Crutcher,,Dayton,USA,73,175,1,0,0,,,
1643018,LJ,Cryer,,,,,,,,,,,
42565,David,Cubillan,,,,,,,,,,,
196294614,Martin,Cuello,,,,,,,,,,,
1629633,Jarrett,Culver,,Texas Tech,USA,78,195,1,1,0,2019,1,6
1629600,Jarron,Cumberland,,Cincinnati,USA,77,205,1,0,0,-1,-1,-1
1962937920,Lochlan,Cummings,,,,,,,,,,,
76483,Pat,Cummings,,Cincinnati,USA,81,230,0,0,1,1978,3,59
200555,TJ,Cummings,,,,,,,,,,,
187,Terry,Cummings,,DePaul,USA,81,250,0,1,0,1982,1,2
1907,Vonteego,Cummings,,Pittsburgh,USA,75,190,0,0,0,1999,1,26
1626270,Will,Cummings,,,,,,,,,,,
76487,Billy,Cunningham,,North Carolina,USA,78,210,0,1,0,1965,1,5
1630595,Cade,Cunningham,,,,,,FALSE,FALSE,FALSE,,,
201967,Dante,Cunningham,,Villanova,USA,80,230,0,1,0,2009,2,33
76485,Dick,Cunningham,,Murray State,USA,82,245,0,0,1,1968,2,21
203099,Jared,Cunningham,,Oregon State,USA,76,195,1,0,0,2012,1,24
1061,William,Cunningham,,Temple,USA,83,240,0,0,1,-1,-1,-1
76488,Radisav,Curcic,,Union Olimpija,Serbia,82,275,0,0,1,-1,-1,-1
76489,Armand,Cure,,Rhode Island,USA,72,198,0,1,0,-1,-1,-1
940,Earl,Cureton,,Detroit,USA,81,210,0,0,0,1979,3,58
223,Bill,Curley,,Boston College,USA,81,245,0,1,0,1994,1,22
76492,Fran,Curran,,Notre Dame,USA,72,175,1,0,0,-1,-1,-1
209,Dell,Curry,,Virginia Tech,USA,77,205,1,1,0,1986,1,15
2201,Eddy,Curry,,Thornwood HS (IL),USA,84,295,0,0,1,2001,1,4
201191,JamesOn,Curry,,Oklahoma State,USA,75,190,1,0,0,2007,2,51
688,Michael,Curry,,Georgia Southern,USA,77,210,1,1,0,-1,-1,-1
203552,Seth,Curry,,,,,,,,,,,
201939,Stephen,Curry,,,,,,,,,,,
687,Rastko,Cvetkovic,,Crvena zvezda,Serbia,85,260,0,0,1,-1,-1,-1
203589,Olek,Czyz,,,,,,,,,,,
76505,Mike,D'Antoni,,Marshall,USA,75,185,1,0,0,1973,2,20
1642359,Pacome,Dadiet,,,,,,,,,,,
76496,Ed,Dahler,,Duquesne,USA,77,190,0,1,0,1950,2,
76497,Quintin,Dailey,,San Francisco,USA,75,180,1,0,0,1982,1,7
1643120,Dain,Dainja,,,,,,,,,,,
2223,Samuel,Dalembert,,Seton Hall,Haiti,83,250,0,0,1,2001,1,26
76498,Howie,Dallmar,,Stanford,USA,76,200,0,1,0,-1,-1,-1
1962937738,Sam,Daly,,,,,,,,,,,
956,Erick,Dampier,,Mississippi State,USA,83,265,0,0,1,1996,1,10
76499,Lou,Dampier,,Kentucky,USA,72,170,0,0,0,1967,4,38
76500,Bob,Dandridge,,Norfolk State,USA,78,195,0,1,0,1969,4,45
1966938204,Koperberg,Daniel,,,,,,,,,,,
1498,Antonio,Daniels,,Bowling Green,USA,76,205,1,0,0,1997,1,4
1641915,Caleb,Daniels,,,USA,,,0,0,0,-22,-22,-22
202808,Chris,Daniels,,,,,,,,,,,
196295307,Dash,Daniels,,,,,,,,,,,
1630700,Dyson,Daniels,,,,,,FALSE,FALSE,FALSE,,,
2845,Erik,Daniels,,Kentucky,USA,80,214,0,0,0,-22,-22,-22
1380,Lloyd,Daniels,,Mt. San Antonio,USA,79,205,1,0,0,-1,-1,-1
2605,Marquis,Daniels,,Auburn,USA,78,200,0,1,0,-22,-22,-22
76502,Mel,Daniels,,New Mexico,USA,81,220,0,0,1,1967,1,9
203584,Troy,Daniels,,Va Commonwealth,USA,76,200,1,0,0,-1,-1,-1
390,Sasha,Danilovic,,Virtus Bologna,Serbia,78,200,1,0,0,1992,2,43
1642368,N'Faly,Dante,,Oregon,Mali,83,230,0,0,1,,,
76504,Adrian,Dantley,,Notre Dame,USA,77,208,0,1,0,1976,1,6
76506,Henry,Darcey,,Oklahoma State,USA,79,217,0,0,1,-1,-1,-1
76507,Jimmy,Darden,,Denver,USA,73,170,1,0,0,1947,,
212,Yinka,Dare,,George Washington,USA,84,265,0,0,1,1994,1,14
76509,Jesse,Dark,,Virginia Commonwealth,USA,76,210,1,0,0,1974,2,32
196295062,Max,Darling,,,,,,0,0,0,,,
1630268,Nate,Darling,,Delaware,Canada,78,200,1,0,0,,,
76511,Jimmy,Darrow,,Bowling Green,USA,70,170,0,0,0,1960,5,38
41532,Vladimir,Dasic,,,,,,,,,,,
203540,Gigi,Datome,,Virtus Roma,Italy,80,215,0,1,0,-1,-1,-1
921,Brad,Daugherty,,North Carolina,USA,84,245,0,0,1,1986,1,1
1600,Kornel,David,,Budapest AEH,USA,81,230,0,1,0,-1,-1,-1
201176,Jermareo,Davidson,,Alabama,USA,82,230,0,1,0,2007,2,36
76514,Bob,Davies,,Seton Hall,USA,73,175,1,0,0,-1,-1,-1
203561,Brandon,Davies,,Brigham Young,USA,82,240,0,1,0,-1,-1,-1
203076,Anthony,Davis,,Kentucky,USA,82,253,0,0,0,2012,1,1
213,Antonio,Davis,,Texas-El Paso,USA,81,245,0,1,1,1990,2,45
76515,Aubrey,Davis,,Oklahoma Baptist,USA,74,175,1,0,0,-1,-1,-1
1884,Baron,Davis,,UCLA,USA,75,212,1,0,0,1999,1,3
989,Ben,Davis,,Arizona,USA,81,245,0,1,0,1996,2,43
201834,Bennet,Davis,,,,,,,,,,,
76538,Bill,Davis,,Notre Dame,USA,75,215,0,1,0,1968,12,160
76533,Bob,Davis,,Weber State,USA,79,215,0,1,0,1972,2,14
76516,Brad,Davis,,Maryland,USA,75,180,1,0,0,1977,1,15
76517,Brian,Davis,,Duke,USA,79,200,0,1,0,1992,2,48
76518,Charlie,Davis,,Vanderbilt,USA,79,215,0,1,0,1981,2,35
76519,Charlie,Davis,,Wake Forest,USA,73,160,1,0,0,1971,8,120
905,Dale,Davis,,Clemson,USA,83,252,0,1,1,1991,1,13
1627738,Deyonta,Davis,,Michigan State,USA,83,237,0,0,0,2016,2,31
76521,Double D,Davis,,Houston,USA,80,220,0,1,0,1972,1,3
202334,Ed,Davis,,North Carolina,USA,81,218,0,1,1,2010,1,13
76522,Edward,Davis,,Duquesne,USA,79,195,0,1,0,1972,7,113
1023,Emanual,Davis,,Delaware State,USA,77,195,1,0,0,-1,-1,-1
201175,Glen,Davis,,Louisiana State,USA,81,289,0,1,1,2007,2,35
76523,Harry,Davis,,Florida State,USA,79,220,0,1,0,1978,2,33
93,Hubert,Davis,,North Carolina,USA,77,183,1,0,0,1992,1,20
76524,James,Davis,,St. John's (NY),USA,79,220,0,0,1,1954,6,52
76525,Jim,Davis,,Colorado,USA,81,225,0,0,1,1964,4,27
1631098,Johnny,Davis,,Wisconsin,USA,76,195,1,0,0,2022,1,10
76526,Johnny,Davis,,Dayton,USA,74,170,1,0,0,1976,2,22
1629860,Jon,Davis,,,,,,,,,,,
201820,Josh,Davis,,,,,,,,,,,
204027,Josh,Davis,,,,,,,,,,,
2668,Josh,Davis,,Wyoming,USA,80,235,0,1,0,-1,-1,-1
101225,Justin,Davis,,,,,,,,,,,
1630660,Kendric,Davis,,,USA,,,0,0,0,-22,-22,-22
707,Mark,Davis,,Texas Tech,USA,79,205,1,1,0,1995,2,48
76528,Mark,Davis,,Old Dominion,USA,78,195,0,1,0,1985,4,79
76529,Mel,Davis,,St. John's (NY),USA,78,220,0,1,0,1973,1,14
76530,Michael,Davis,,Maryland,USA,82,230,0,1,0,-1,-1,-1
76531,Mike,Davis,,Virginia Union,USA,75,185,1,0,0,1969,1,14
76520,Monti,Davis,,Tennessee State,USA,79,205,0,1,0,1980,1,21
200781,Paul,Davis,,Michigan State,USA,83,270,0,0,1,2006,2,34
1642930,R.J.,Davis,,,,,,,,,,,
76532,Ralph,Davis,,Cincinnati,USA,76,180,1,0,0,1960,3,17
1729,Ricky,Davis,,Iowa,USA,79,195,1,0,0,1998,1,21
76534,Ron,Davis,,Washington State,USA,78,198,1,0,0,1976,5,70
1629056,Terence,Davis,,Mississippi,USA,76,201,1,0,0,,,
426,Terry,Davis,,Virginia Union,USA,82,270,0,1,1,-1,-1,-1
1629093,Tyler,Davis,,Texas A&M,USA,82,266,0,0,1,-1,-1,-1
76536,Walt,Davis,,Texas A&M,USA,80,205,0,0,1,1952,2,
1453,Walter,Davis,,North Carolina,USA,78,193,1,0,0,1977,1,5
196295065,Carlin,Davison,,,,,,,,,,,
1631120,JD,Davison,,,,,,,,,,,
203958,Andre,Dawkins,,Duke,USA,77,219,1,0,0,-1,-1,-1
76539,Darryl,Dawkins,,Maynard Evans HS (FL),USA,83,251,0,0,1,1975,1,5
1008,Johnny,Dawkins,,Duke,USA,74,165,1,0,0,1986,1,10
76541,Paul,Dawkins,,Northern Illinois,USA,77,190,0,1,0,1979,1,185
1626183,Branden,Dawson,,Michigan State,USA,78,225,0,1,0,2015,2,56
201286,Eric,Dawson,,Midwestern State,USA,81,255,0,1,0,-1,-1,-1
1627873,Shawn,Dawson,,,,,,,,,,,
76542,Tony,Dawson,,Florida State,USA,79,215,0,1,0,-22,-22,-22
103,Todd,Day,,Arkansas,USA,78,188,1,1,0,1992,1,8
201948,Austin,Daye,,Gonzaga,USA,83,220,0,1,0,2009,1,15
76543,Darren,Daye,,UCLA,USA,80,220,0,1,0,1983,3,57
1630620,Darius,Days,,Winnipeg Sea Bears,USA,79,245,0,1,0,-1,-1,-1
201986,Nando,De Colo,,Valencia,France,77,195,1,0,0,2009,2,53
64062,Adris,De Leon,,,,,,,,,,,
41548,Ignacio,De Miguel,,,,,,,,,,,
1966938135,Jimmy,De Oliveira,,,,,,0,1,0,,,
76545,Dave,DeBusschere,,Detroit,USA,78,220,0,1,0,1962,,
692,Andrew,DeClercq,,Florida,USA,82,255,0,0,1,1995,2,34
1629602,Javin,DeLaurier,,Duke,USA,82,234,0,0,1,-1,-1,-1
76551,Nate,DeLong,,Wisconsin-River Falls,USA,78,220,0,0,1,1950,9,
201942,DeMar,DeRozan,,,,,,FALSE,FALSE,FALSE,,,
64004,Keron,DeShields,,,,,,1,0,0,,,
76562,Hank,DeZonie,,Clark Atlanta,USA,77,215,0,1,0,-1,-1,-1
76544,Greg,Deane,,Utah,USA,76,190,1,0,0,1979,4,67
201252,Willie,Deane,,,,,,,,,,,
1962937922,Sunday,Dech,,,,,,,,,,,
1962937933,Sunday,Dech,,,,,,,,,,,
196294114,Sunday,Dech,,,,,,0,0,0,,,
1630466,Gabriel,Deck,,Real Madrid,Argentina,78,231,0,1,0,-1,-1,-1
52607,Gabriel,Deck,,,,,,0,0,0,,,
203473,Dewayne,Dedmon,,USC,USA,82,245,0,0,1,-1,-1,-1
76546,Archie,Dees,,Indiana,USA,80,205,0,1,0,1958,1,2
143,Terry,Dehere,,Seton Hall,USA,76,190,1,0,0,1993,1,13
76548,Red,Dehnert,,Columbia,USA,,,0,0,0,-22,-22,-22
1626214,Bryce,Dejean-Jones,,Iowa State,USA,78,203,1,0,0,-1,-1,-1
1626155,Sam,Dekker,,Wisconsin,USA,81,230,0,1,0,2015,1,18
219,Vinny,Del Negro,,North Carolina State,USA,76,200,0,0,0,1988,2,29
196295482,Finn,Delaney,,,,,,0,0,0,,,
1966938181,Finn,Delaney,,,,,,,,,,,
1627098,Malcolm,Delaney,,Virginia Tech,USA,75,190,1,0,0,-1,-1,-1
196294603,Finn,Delany,,,,,,,,,,,
64076,Finn,Delany,,,,,,,,,,,
183,Bison,Dele,,Arizona,USA,83,260,0,1,1,1991,1,10
2568,Carlos,Delfino,,Fortitudo Bologna,Argentina,78,230,1,1,0,2003,1,25
1629116,Angel,Delgado,,Seton Hall,Dominican Republic,82,245,0,0,1,2018,,
202411,Richard,Delk,,,,,,,,,,,
960,Tony,Delk,,Kentucky,USA,74,189,1,0,0,1996,1,16
203521,Matthew,Dellavedova,,Saint Mary's,Australia,75,200,1,0,0,-1,-1,-1
76552,Fennis,Dembo,,Wyoming,USA,77,215,0,1,0,1988,2,30
76553,Larry,Demic,,Arizona,USA,81,225,0,1,0,1979,1,9
1642856,Egor,Demin,,,,,,FALSE,FALSE,FALSE,,,
196294531,Egor,Demin,,,,,,,,,,,
1628610,Cody,Demps,,,,,,,,,,,
725,Dell,Demps,,Pacific,USA,75,205,1,0,0,-1,-1,-1
76555,George,Dempsey,,King's,USA,75,190,1,0,0,1951,7,68
1627641,Deng,Deng,,,,,,,,,,,
2736,Luol,Deng,,Duke,United Kingdom,81,237,0,1,0,2004,1,7
64067,Majok,Deng,,,,,,,,,,,
1966938128,Qunfei,Deng,,,,,,,,,,,
76556,Kenny,Dennard,,Duke,USA,80,220,0,1,0,1981,4,78
76557,Blaine,Denning,,Lawrence Tech,USA,74,175,1,0,0,1952,,
1641926,Dexter,Dennis,,Texas A&M,USA,77,210,1,0,0,,,
1642484,RayJ,Dennis,,,,,,,,,,,
202417,Stephen,Dennis,,,,,,,,,,,
202458,Justin,Dentmon,,Washington,USA,71,185,1,0,0,-1,-1,-1
76558,Randy,Denton,,Duke,USA,82,240,0,0,1,1971,4,61
196294604,Gui,Deodato,,,,,,1,0,0,,,
76559,Rod,Derline,,Seattle,USA,72,175,1,0,0,1974,10,169
1629094,Marcus,Derrickson,,Georgetown,USA,79,249,0,1,0,-1,-1,-1
76560,Dave,Deutsch,,Rochester,USA,73,170,1,0,0,1966,12,98
76561,Walter,Devlin,,George Washington,USA,77,195,1,0,0,1955,2,9
1631238,Michael,Devoe,,,USA,,,0,0,0,-22,-22,-22
76568,Ernie,DiGregorio,,Providence,USA,72,180,1,0,0,1973,1,3
1628978,Donte,DiVincenzo,,,,,,FALSE,FALSE,FALSE,,,
1631217,Moussa,Diabate,,,,,,FALSE,FALSE,FALSE,,,
512,Vladimir,Diachok,,,,,,,,,,,
196294532,Ismaila,Diagne,,,,,,,,,,,
502,Diakite,Diakite,,,,,,,,,,,
1629603,Mamadi,Diakite,,Virginia,Guinea,81,228,0,1,0,-1,-1,-1
196294586,Mamadi,Diakite,,,,,,,,,,,
1760,Derrick,Dial,,Eastern Michigan,USA,76,184,1,0,0,1998,2,52
1627767,Cheick,Diallo,,Kansas,Mali,80,219,0,1,1,2016,2,33
1628977,Hamidou,Diallo,,Kentucky,USA,77,202,1,0,0,2018,2,45
40072,Dimitrios,Diamantidis,,,,,,,,,,,
1966938133,Lucas,Dias,,,,,,0,1,0,,,
2564,Boris,Diaw,,Pau Orthez,France,80,250,0,1,1,2003,1,21
1642885,Mohamed,Diawara,,,,,,,,,,,
200821,Yakhouba,Diawara,,Pepperdine,USA,79,225,1,1,0,-1,-1,-1
200799,Guillermo,Diaz,,Miami,USA,74,185,0,0,0,2006,2,52
1641711,Gradey,Dick,,,,,,,,,,,
2424,Dan,Dickau,,Gonzaga,USA,72,180,1,0,0,2002,1,28
2079,Kaniel,Dickens,,Idaho,USA,80,215,0,0,0,2000,2,50
76563,Henry,Dickerson,,University of Charleston,USA,76,190,1,0,0,-1,-1,-1
1722,Michael,Dickerson,,Arizona,USA,77,190,1,0,0,1998,1,14
76564,Derrek,Dickey,,Cincinnati,USA,79,218,0,1,0,1973,2,29
76565,Dick,Dickey,,North Carolina State,USA,73,175,1,0,0,1950,3,
1630621,Hunter,Dickinson,,Kansas,USA,85,255,0,0,1,,,
101143,Travis,Diener,,Marquette,USA,73,175,1,0,0,2005,2,38
203476,Gorgui,Dieng,,Louisville,Senegal,82,248,0,0,1,2013,1,21
1631172,Ousmane,Dieng,,,,,,FALSE,FALSE,FALSE,,,
76566,Connie,Dierking,,Cincinnati,USA,82,222,0,0,1,1958,1,5
76567,Coby,Dietrick,,San Jose State,USA,83,220,0,0,1,1970,1,155
40070,Demos,Dikoudis,,,,,,,,,,,
76569,Mickey,Dillard,,Florida State,USA,75,170,1,0,0,1981,3,55
76570,Bob,Dille,,Valparaiso,USA,75,190,0,1,0,-1,-1,-1
1642265,Rob,Dillingham,,,,,,,,,,,
1966938148,Daniel,Dillon,,,,,,,,,,,
76571,John,Dillon,,North Carolina,USA,75,180,0,1,0,1948,,
40087,Vilmantas,Dilys,,,,,,,,,,,
21005,Jinhui,Ding,,,,,,,,,,,
1629142,Yanyuhang,Ding,,,,,,,,,,,
76574,Byron,Dinkins,,North Carolina-Charlotte,USA,73,170,1,0,0,-1,-1,-1
76575,Jackie,Dinkins,,Voorhees,USA,77,210,0,1,0,1971,9,150
76576,Bill,Dinwiddie,,New Mexico Highlands,USA,79,220,0,1,0,-1,-1,-1
203915,Spencer,Dinwiddie,,Colorado,USA,77,215,1,0,0,2014,2,38
101113,Ike,Diogu,,Arizona State,USA,81,250,0,1,0,2005,1,9
2205,DeSagana,Diop,,Oak Hill Academy (VA),Senegal,84,280,0,0,1,2001,1,8
76577,Terry,Dischinger,,Purdue,USA,79,189,0,1,0,1962,2,8
76578,Fred,Diute,,St. Bonaventure,USA,75,210,1,0,0,1951,3,27
124,Vlade,Divac,,Partizan,Serbia,85,260,0,0,1,1989,1,26
1628679,Daniel,Dixon,,,,,,,,,,,
1642915,Eric,Dixon,,,,,,,,,,,
2413,Juan,Dixon,,Maryland,USA,75,165,1,0,0,2002,1,17
2833,Nigel,Dixon,,,,,,,,,,,
56077,Nihad,Djedovic,,,,,,,,,,,
41208,Branislav,Djekic,,,,,,,,,,,
1059,Aleksandar,Djordjevic,,Fortitudo Bologna,Serbia,74,198,1,0,0,-1,-1,-1
76580,Earl,Dodd,,Truman State,USA,77,175,0,1,0,1949,5,
1720,Michael,Doleac,,Utah,USA,83,262,0,0,1,1998,1,12
76581,Joe,Dolhon,,New York University,USA,72,175,1,0,0,-1,-1,-1
76582,Bob,Doll,,Colorado,USA,76,195,0,1,0,-1,-1,-1
76583,James,Donaldson,,Washington State,USA,86,275,0,0,1,1979,4,73
1629029,Luka,Doncic,,,,80,229,,,,,,
1962937071,Luka,Doncic,,,,80,229,,,,,,
1962937441,Luka,Doncic,,,,80,229,,,,,,
76584,Bob,Donham,,Ohio State,USA,74,190,1,0,0,1950,3,
76586,Billy,Donovan,,Providence,USA,71,171,1,0,0,1987,3,68
76585,Harry,Donovan,,Muhlenberg,USA,74,180,1,0,0,1949,2,
2039,Keyon,Dooling,,Missouri,USA,75,195,1,0,0,2000,1,10
76587,Jacky,Dorsey,,Georgia,USA,79,230,0,1,0,1976,2,26
201595,Joey,Dorsey,,Memphis,USA,81,275,0,0,0,2008,2,33
1628416,Tyler,Dorsey,,Oregon,USA,77,183,1,0,0,2017,2,41
1629652,Luguentz,Dort,,,,,,FALSE,FALSE,FALSE,,,
1630245,Ayo,Dosunmu,,,,,,FALSE,FALSE,FALSE,,,
1628422,Damyean,Dotson,,Houston,USA,77,210,1,0,0,2017,2,44
1629653,Devon,Dotson,,Kansas,USA,74,185,1,0,0,-1,-1,-1
200763,Quincy,Douby,,Rutgers,USA,75,175,1,0,0,2006,1,19
76588,Bruce,Douglas,,Illinois,USA,75,195,1,0,0,1986,3,57
76589,John,Douglas,,Kansas,USA,74,170,1,0,0,1978,6,118
76590,Leon,Douglas,,Alabama,USA,82,230,0,0,1,1976,1,4
428,Sherman,Douglas,,Syracuse,USA,73,195,1,0,0,1989,2,28
201962,Toney,Douglas,,Florida State,USA,74,195,1,0,0,2009,1,29
201604,Chris,Douglas-Roberts,,Memphis,USA,79,210,1,0,0,2008,2,40
1629635,Sekou,Doumbouya,,                                   ,France,80,230,0,1,0,2019,1,15
76592,Lloyd,Dove,,St. John's (NY),USA,80,198,0,1,0,1967,1,4
202220,Zabian,Dowdell,,Virginia Tech,USA,75,191,1,0,0,-1,-1,-1
201630,Dion,Dowell,,,,,,,,,,,
76593,Bill,Downey,,Marquette,USA,78,210,0,0,1,-1,-1,-1
76594,Steve,Downing,,Indiana,USA,80,225,0,0,1,1973,1,17
203190,Micah,Downs,,,,,,,,,,,
1630288,Jeff,Dowtin Jr.,,Rhode Island,USA,75,177,1,0,0,,,
64068,Adam,Doyle,,,,,,,,,,,
76595,Danny,Doyle,,Belmont Abbey,USA,80,200,0,1,0,1961,5,44
1628495,Milton,Doyle,,Loyola-Chicago,USA,76,180,0,0,0,2017,,
1628408,PJ,Dozier,,South Carolina,USA,78,205,1,1,0,,,
201993,Robert,Dozier,,,,,,,,,,,
76596,Terry,Dozier,,South Carolina,USA,81,210,0,1,0,-1,-1,-1
201609,Goran,Dragic,,Union Olimpija,Slovenia,76,190,1,0,0,2008,2,45
204054,Zoran,Dragic,,Malaga,Slovenia,77,200,1,1,0,-22,-22,-22
202069,Dontaye,Draper,,,,,,,,,,,
56046,Dontaye,Draper,,,,,,,,,,,
1068,Greg,Dreiling,,Kansas,USA,85,265,0,0,1,1986,2,26
40036,Christian,Drejer,,,,,,,,,,,
1630929,Henri,Drell,,Victoria Libertas,Estonia,81,220,0,1,0,-22,-22,-22
1724,Bryce,Drew,,Valparaiso,USA,75,184,1,0,0,1998,1,16
76598,John,Drew,,Gardner-Webb,USA,78,205,0,1,0,1974,2,25
76599,Larry,Drew,,Missouri,USA,73,170,1,0,0,1980,1,17
203580,Larry,Drew II,,UCLA,USA,74,180,1,0,0,-1,-1,-1
17,Clyde,Drexler,,Houston,USA,79,222,1,0,0,1983,1,14
1962936104,Yannik,Driesen,,,,,,,,,,,
1041,Nate,Driggers,,Montevallo,USA,77,215,1,1,0,-22,-22,-22
76603,Terry,Driscoll,,Boston College,USA,79,215,0,1,0,1969,1,4
196294103,Anthony,Drmic,,,,,,,,,,,
64071,Anthony,Drmic,,,,,,,,,,,
1542,Predrag,Drobnjak,,Efes Pilsen,Serbia,83,270,0,0,1,1997,2,48
76604,Ralph,Drollinger,,UCLA,USA,86,250,0,0,1,1978,5,105
203083,Andre,Drummond,,,,,,,,,,,
2271,Robb,Dryden,,,,,,,,,,,
76623,Dennis,DuVal,,Syracuse,USA,75,175,1,0,0,1974,2,30
64122,Hongrui,Duan,,,,,,,,,,,
64118,Jiangpeng,Duan,,,,,,,,,,,
1630537,Chris,Duarte,,Oregon,Dominican Republic,77,190,1,0,0,2021,1,13
1642505,Alex,Ducas,,St. Mary's (CA),Australia,79,220,1,0,0,,,
76605,Dick,Duckett,,St. John's (NY),USA,73,185,1,0,0,1957,2,9
404,Kevin,Duckworth,,Eastern Illinois,USA,84,300,0,0,1,1986,2,33
196294587,Julien,Ducree,,,,,,,,,,,
76607,Charles,Dudley,,Washington,USA,74,180,1,0,0,1972,5,76
201,Chris,Dudley,,Yale,USA,83,260,0,0,1,1987,4,75
201162,Jared,Dudley,,Boston College,USA,78,237,0,1,0,2007,1,22
76608,Terry,Duerod,,Detroit,USA,74,180,1,0,0,1979,3,48
76609,Bob,Duffy,,Tulane,USA,76,175,0,1,0,1962,2,10
76610,Bob,Duffy,,Colgate,USA,75,185,1,0,0,1962,2,10
2768,Chris,Duhon,,Duke,USA,73,190,1,0,0,2004,2,38
1626251,Duje,Dukan,,Wisconsin,Croatia,81,220,0,1,0,-1,-1,-1
1630561,David,Duke Jr.,,Providence,USA,76,204,1,0,0,,,
76611,Walter,Dukes,,Seton Hall,USA,84,220,0,0,1,1953,,
247,Joe,Dumars,,McNeese State,USA,75,195,1,0,0,1985,1,18
30,Richard,Dumas,,Oklahoma State,USA,79,225,0,1,0,1991,2,46
434,Tony,Dumas,,Missouri-Kansas City,USA,78,190,1,0,0,1994,1,19
76615,Andy,Duncan,,William & Mary,USA,78,195,0,1,0,1947,,
1495,Tim,Duncan,,Wake Forest,US Virgin Islands,83,250,0,1,1,1997,1,1
203195,Michael,Dunigan,,,,,,,,,,,
2399,Mike,Dunleavy,,Duke,USA,81,230,1,1,0,2002,1,3
76616,Mike,Dunleavy,,South Carolina,USA,75,180,1,0,0,1976,6,99
1627739,Kris,Dunn,,,,,,,,,,,
76617,Pat,Dunn,,Utah State,USA,74,170,1,0,0,-22,-22,-22
1642346,Ryan,Dunn,,,,,,,,,,,
76618,T.R.,Dunn,,Alabama,USA,76,192,1,0,0,1977,2,41
2859,Jerry,Dupree,,,,,,,,,,,
2648,Ronald,Dupree,,Louisiana State,USA,79,209,0,0,0,-22,-22,-22
201142,Kevin,Durant,,,,89,240,FALSE,FALSE,FALSE,,,
1631105,Jalen,Duren,,,,,,FALSE,FALSE,FALSE,,,
76619,John,Duren,,Georgetown,USA,75,195,1,0,0,1980,1,19
1090,Pat,Durham,,Colorado State,USA,79,210,0,1,0,1989,2,35
76621,Devin,Durrant,,Brigham Young,USA,79,200,0,1,0,1984,2,25
76622,Ken,Durrett,,La Salle,USA,79,190,0,1,0,1971,1,4
1631347,Anthony,Duruji,,,USA,,,,,,-1,-1,-1
1628979,Trevon,Duval,,Duke,USA,74,189,1,0,0,-1,-1,-1
76624,Jack,Dwan,,Loyola-Chicago,USA,76,200,0,1,0,-22,-22,-22
76625,Craig,Dykema,,Long Beach State,USA,80,190,0,1,0,1981,3,66
76626,Gene,Dyker,,DePaul,USA,78,225,0,1,0,1953,,
202406,Jerome,Dyson,,Connecticut,USA,75,180,1,0,0,-22,-22,-22
289,Ledell,Eackles,,New Orleans,USA,77,231,1,0,0,1988,2,36
76628,Jim,Eakins,,Brigham Young,USA,83,215,0,0,1,1968,5,57
768,Acie,Earl,,Iowa,USA,83,240,0,1,1,1993,1,19
76630,Ed,Earle,,Loyola-Chicago,USA,75,190,0,1,0,-1,-1,-1
203921,Cleanthony,Early,,Wichita State,USA,80,210,0,1,0,2014,2,34
1631106,Tari,Eason,,,,,,,,,,,
1642398,Sean,East II,,,,,,FALSE,FALSE,FALSE,,,
76631,Mark,Eaton,,UCLA,USA,88,275,0,0,1,1982,4,72
76632,Jerry,Eaves,,Louisville,USA,76,180,1,0,0,1982,3,55
202365,Devin,Ebanks,,West Virginia,USA,81,215,0,1,0,2010,2,43
76633,Bill,Ebben,,Detroit,USA,76,190,1,0,0,1957,3,18
76634,Al,Eberhard,,Missouri,USA,78,225,0,1,0,1974,1,15
2569,Ndudi,Ebi,,Westbury Christian HS (TX),USA,81,195,0,1,0,2003,1,26
1630220,Paul,Eboua,,,Cameroon,,,0,0,0,-22,-22,-22
1630693,Jaime,Echenique,,Wichita State,Colombia,82,258,0,0,1,-1,-1,-1
204067,Jarell,Eddie,,Virginia Tech,USA,79,218,1,1,0,-22,-22,-22
76635,Patrick,Eddie,,Mississippi,USA,83,240,0,0,1,-1,-1,-1
76636,Thomas,Eddleman,,Illinois,USA,74,189,0,1,0,1949,3,
76637,Kent,Edelin,,Virginia,USA,80,205,0,1,0,1984,7,140
1641744,Zach,Edey,,Purdue,Canada,87,305,0,0,1,2024,1,9
1642845,VJ,Edgecombe,,,,,,FALSE,FALSE,FALSE,,,
76638,Keith,Edmonson,,Purdue,USA,77,195,1,0,0,1982,1,10
721,Tyus,Edney,,UCLA,USA,70,166,1,0,0,1995,2,47
1630162,Anthony,Edwards,,,,,,,,,,,
76646,Bill,Edwards,,Wright State,USA,80,215,0,1,0,-1,-1,-1
898,Blue,Edwards,,East Carolina,USA,76,229,0,1,0,1989,1,21
1629035,Carsen,Edwards,,Purdue,USA,71,200,1,0,0,2019,2,33
2451,Corsley,Edwards,,Central Connecticut State,USA,81,275,0,1,0,2002,2,57
346,Doug,Edwards,,Florida State,USA,79,235,0,1,0,1993,1,15
76641,Franklin,Edwards,,Cleveland State,USA,73,170,1,0,0,1981,1,22
229,James,Edwards,,Washington,USA,85,252,0,0,1,1977,3,46
76643,Jay,Edwards,,Indiana,USA,76,185,0,1,0,1989,2,33
1642399,Jesse,Edwards,,West Virginia,Netherlands,84,236,0,0,0,,,
2823,John,Edwards,,Kent State,USA,84,275,0,0,1,-1,-1,-1
1642348,Justin,Edwards,,,,,,,,,,,
1630556,Kessler,Edwards,,Pepperdine,USA,79,203,0,1,0,2021,2,44
236,Kevin,Edwards,,DePaul,USA,75,210,1,0,0,1988,1,20
1630306,Rob,Edwards,,Arizona State,USA,77,205,1,0,0,-1,-1,-1
202197,Shane,Edwards,,Arkansas-Little Rock,USA,,,0,0,0,-22,-22,-22
1629053,Vincent,Edwards,,Purdue,USA,80,225,0,1,0,2018,2,52
76647,Johnny,Egan,,Providence,USA,72,180,1,0,0,1961,2,12
1629786,John,Egbunu,,,,,,,,,,,
76648,Lonnie,Eggleston,,Oklahoma State,USA,72,170,1,0,0,-1,-1,-1
1626295,Nnanna,Egwu,,,,,,,,,,,
201792,Moses,Ehambe,,,,,,,,,,,
76649,Eddie,Ehlers,,Purdue,USA,75,198,1,0,0,1947,1,3
378,Craig,Ehlo,,Washington State,USA,79,205,1,0,0,1983,3,48
76651,Dick,Eichhorst,,Southeast Missouri,USA,75,200,0,0,0,-22,-22,-22
2676,Chuck,Eidson,,,,,,,,,,,
41630,Chuck,Eidson,,,,,,,,,,,
458,Howard,Eisley,,Boston College,USA,74,185,1,0,0,1994,2,30
587,Antoine,Eito,,,,,,,,,,,
203929,Melvin,Ejim,,,,,,,,,,,
1918,Obinna,Ekezie,,Maryland,Nigeria,81,270,0,0,1,1999,2,37
2064,Khalid,El-Amin,,Connecticut,USA,70,200,1,0,0,2000,2,34
76653,Don,Eliason,,Hamline,USA,74,210,0,1,0,-1,-1,-1
53,Mario,Elie,,American International,USA,77,225,1,1,0,1985,7,160
40077,Lior,Eliyahu,,,,,,,,,,,
1629604,CJ,Elleby,,Washington State,USA,78,200,1,1,0,2020,2,46
76655,Ray,Ellefson,,West Texas A&M,USA,80,230,0,0,1,-1,-1,-1
1627740,Henry,Ellenson,,Marquette,USA,83,245,0,1,1,2016,1,18
201961,Wayne,Ellington,,North Carolina,USA,76,207,1,0,0,2009,1,28
76656,Bob,Elliott,,Arizona,USA,81,225,0,0,1,1977,2,42
251,Sean,Elliott,,Arizona,USA,80,220,0,1,0,1989,1,3
76658,Alexander,Ellis,,Niagara,USA,77,185,0,1,0,1958,3,16
76664,Bo,Ellis,,Marquette,USA,81,197,0,1,0,1977,1,17
1642407,Boogie,Ellis,,,USA,,,0,0,0,-22,-22,-22
200951,Chris,Ellis,,,,,,,,,,,
107,Dale,Ellis,,Tennessee,USA,79,215,1,0,0,1983,1,9
1677,Harold,Ellis,,Morehouse,USA,77,220,1,1,0,-1,-1,-1
76661,Joe,Ellis,,San Francisco,USA,78,175,0,1,0,1966,2,13
1631165,Keon,Ellis,,,,,,FALSE,FALSE,FALSE,,,
111,LaPhonso,Ellis,,Notre Dame,USA,80,240,0,1,0,1992,1,5
1034,LeRon,Ellis,,Syracuse,USA,81,225,0,0,1,1991,1,22
76663,Leroy,Ellis,,St. John's (NY),USA,83,210,0,1,0,1962,1,6
101145,Monta,Ellis,,Lanier HS (MS),USA,75,185,1,0,0,2005,2,40
1627768,Perry,Ellis,,,,,,,,,,,
200863,Tyrone,Ellis,,,,,,,,,,,
1630707,Malik,Ellison,,,USA,,,0,0,0,-22,-22,-22
442,Pervis,Ellison,,Louisville,USA,82,235,0,0,1,1989,1,1
600010,Len,Elmore,,Maryland,USA,82,220,0,0,1,1974,1,13
1922,Francisco,Elson,,California,Netherlands,84,240,0,0,0,1999,2,41
76667,Darrell,Elston,,North Carolina,USA,75,190,1,0,0,1974,3,43
2408,Melvin,Ely,,Fresno State,USA,82,260,0,1,1,2002,1,12
552,Elyahu,Elyahu,,,,,,,,,,,
203954,Joel,Embiid,,,,84,280,FALSE,FALSE,FALSE,,,
76668,Wayne,Embry,,Miami (Ohio),USA,80,240,0,0,1,1958,3,22
2765,Andre,Emmett,,Texas Tech,USA,77,230,1,0,0,2004,2,35
1642400,Tristan,Enaruna,,,,,,,,,,,
76669,Ned,Endress,,Akron,USA,74,200,0,1,0,-1,-1,-1
76670,Chris,Engler,,Wyoming,USA,83,245,0,0,1,1982,3,60
76671,Wayne,Englestad,,California-Irvine,USA,80,245,0,1,0,-1,-1,-1
76672,A.J.,English,,Virginia Union,USA,75,175,1,0,0,1990,2,37
76673,Alex,English,,South Carolina,USA,80,190,0,1,0,1976,2,23
2606,Carl,English,,,,,,,,,,,
76674,Claude,English,,Rhode Island,USA,76,185,1,0,0,1970,7,110
76676,Jojo,English,,South Carolina,USA,76,195,1,0,0,-1,-1,-1
203119,Kim,English,,Missouri,USA,78,200,1,0,0,2012,2,44
76675,Scott,English,,Texas-El Paso,USA,78,205,0,1,0,1972,3,33
76677,Gene,Englund,,Wisconsin,USA,76,205,0,1,0,-1,-1,-1
203898,Tyler,Ennis,,Syracuse,Canada,75,194,1,0,0,2014,1,18
203516,James,Ennis III,,Cal State-Long Beach,USA,78,215,0,1,0,2013,2,50
76678,Ray,Epps,,Norfolk State,USA,78,195,0,1,0,1977,5,104
583,Cuneyt,Erden,,,,,,,,,,,
201623,Semih,Erden,,Fenerbahce,Turkey,84,240,0,0,1,2008,2,60
43303,Semih,Erden,,,,,,,,,,,
40014,Serkan,Erdogan,,,,,,,,,,,
76679,Bo,Erias,,Niagara,USA,75,220,0,1,0,1954,5,43
203149,Micheal,Eric,,,,,,,,,,,
76680,Keith,Erickson,,UCLA,USA,77,195,0,1,0,1965,3,18
42534,Baris,Ermis,,,,,,,,,,,
56002,Baris,Ermis,,,,,,,,,,,
76681,Julius,Erving,,Massachusetts,USA,79,200,0,1,0,1972,1,12
1915,Evan,Eschmeyer,,Northwestern,USA,83,250,0,0,1,1999,2,34
76682,Jack,Eskridge,,Kansas,USA,,,0,0,1,-1,-1,-1
64005,Ariel,Eslava,,,,,,,,,,,
76683,Vincenzo,Esposito,,Fortitudo Bologna,Italy,75,198,1,0,0,-1,-1,-1
1642855,Noa,Essengue,,-,France,80,194,0,1,0,2025,1,12
196295093,Noa,Essengue,,,,,,0,0,0,,,
1642401,Aaron,Estrada,,,USA,,,0,0,0,-22,-22,-22
1630623,Tyson,Etienne,,,,,,,,,,,
1629234,Drew,Eubanks,,,,,,,,,,,
76687,Bob,Evans,,Butler,USA,74,175,1,0,0,1949,4,
967,Brian,Evans,,Indiana,USA,80,220,0,0,0,1996,1,27
76685,Earl,Evans,,UNLV,USA,80,202,0,1,0,1978,8,157
1628980,Jacob,Evans,,Cincinnati,USA,76,210,1,1,0,2018,1,28
1628393,Jawun,Evans,,Oklahoma State,USA,72,190,1,0,0,2017,2,39
202379,Jeremy,Evans,,Western Kentucky,USA,81,200,0,1,0,2010,2,55
1629037,Keenan,Evans,,,,,,,,,,,
2230,Maurice,Evans,,Texas,USA,77,220,1,1,0,-1,-1,-1
76686,Mike,Evans,,Kansas State,USA,73,170,1,0,0,1978,1,21
2501,Reggie,Evans,,Iowa,USA,80,245,0,1,1,-1,-1,-1
201936,Tyreke,Evans,,Memphis,USA,78,220,1,0,0,2009,1,4
1641787,Tosan,Evbuomwan,,,,,,,,,,,
101137,Daniel,Ewing,,Duke,USA,75,185,1,0,0,2005,2,32
121,Patrick,Ewing,,Georgetown,Jamaica,84,255,0,0,1,1985,1,1
201607,Patrick,Ewing,,Georgetown,USA,80,235,0,1,0,2008,2,43
203957,Dante,Exum,,Australian Institute of Sport,Australia,77,214,1,0,0,2014,1,5
201963,Christian,Eyenga,,DKV Joventut,Congo,79,210,0,1,0,2009,1,30
56062,Benjamin,Eze,,,,,,,,,,,
203105,Festus,Ezeli,,Vanderbilt,Nigeria,83,265,0,0,1,2012,1,30
76689,Johnny,Ezersky,,Rhode Island,USA,75,175,1,1,0,1947,,
76690,Joe,Fabel,,Pittsburgh,USA,73,190,0,1,0,-1,-1,-1
203927,CJ,Fair,,,,,,,,,,,
76691,John,Fairchild,,Brigham Young,USA,79,205,0,1,0,1965,2,16
1629605,Tacko,Fall,,UCF,Senegal,89,311,0,0,1,-1,-1,-1
196295070,Tacko,Fall,,,,,,,,,,,
202820,Jarrid,Famous,,,,,,,,,,,
101253,Olu,Famutimi,,,,,,,,,,,
27009,Ziming,Fan,,,,,,,,,,,
64112,Shuo,Fang,,,,,,,,,,,
76692,Phil,Farbman,,City College of New York,USA,73,185,0,1,0,-1,-1,-1
202702,Kenneth,Faried,,Morehead State,USA,80,220,0,1,1,2011,1,22
76693,Dick,Farley,,Indiana,USA,76,190,1,0,0,1954,2,15
200770,Jordan,Farmar,,UCLA,USA,74,180,1,0,0,2006,1,26
2824,Desmon,Farmer,,Southern California,USA,77,220,1,0,0,-1,-1,-1
76695,Jim,Farmer,,Alabama,USA,76,190,0,1,0,1987,1,20
76694,Mike,Farmer,,San Francisco,USA,79,210,0,1,0,1958,1,3
1108,Tony,Farmer,,Nebraska,USA,81,244,0,1,0,-1,-1,-1
203201,Mustapha,Farrakhan,,,,,,,,,,,
76696,Bob,Faught,,Notre Dame,USA,77,185,0,0,0,-22,-22,-22
203543,Vitor,Faverani,,Valencia,Brazil,83,260,0,0,1,-1,-1,-1
202324,Derrick,Favors,,Georgia Tech,USA,81,265,0,1,0,2010,1,3
201174,Nick,Fazekas,,Nevada,USA,83,235,0,1,0,2007,2,34
1642847,Jeremiah,Fears,,,,,,,,,,,
76697,Dave,Fedor,,Florida State,USA,78,190,0,1,0,1962,3,23
76698,Bob,Feerick,,Santa Clara,USA,75,190,0,0,0,-22,-22,-22
76699,Butch,Feher,,Vanderbilt,USA,76,185,1,0,0,1976,2,33
994,Jamie,Feick,,Michigan State,USA,80,255,0,1,0,1996,2,48
76701,Ron,Feiereisel,,DePaul,USA,75,185,1,0,0,1953,,
76702,George,Feigenbaum,,Kentucky,USA,73,185,0,0,0,-22,-22,-22
76703,Dave,Feitl,,Texas-El Paso,USA,83,235,0,0,1,1986,2,43
1627770,Kay,Felder,,Oakland,USA,69,176,1,0,0,2016,2,54
1626245,Cristiano,Felicio,,Flamengo,Brazil,83,270,0,1,1,-1,-1,-1
43219,Cristiano,Felicio,,,,,,,,,,,
203467,Carrick,Felix,,Arizona State,USA,78,201,1,1,0,2013,2,33
101230,Noel,Felix,,Fresno State,USA,81,225,0,1,0,-1,-1,-1
76704,Ray,Felix,,Long Island-Brooklyn,USA,83,220,0,0,1,1953,1,1
203587,Courtney,Fells,,,,,,,,,,,
101109,Raymond,Felton,,North Carolina,USA,73,205,1,0,0,2005,1,5
76705,Jake,Fendley,,Northwestern,USA,72,180,1,0,0,1951,3,23
76706,Bill,Fenley,,Manhattan,USA,75,190,0,1,0,-1,-1,-1
2850,Anwar,Ferguson,,,,,,,,,,,
2724,Desmond,Ferguson,,Detroit,USA,79,210,0,1,0,-1,-1,-1
1628390,Terrance,Ferguson,,Adelaide,USA,78,190,1,0,0,2017,1,21
52605,Lisandro,Fernandez,,,,,,,,,,,
196294533,Rodolfo,Fernandez,,,,,,,,,,,
201164,Rudy,Fernandez,,DKV Joventut,Spain,78,185,1,0,0,2007,1,24
56047,Rudy,Fernandez,,,,,,,,,,,
1628041,Vashil,Fernandez,,,,,,,,,,,
1628981,Bruno,Fernando,,Maryland,Anla,81,240,0,1,1,2019,2,34
76707,Eric,Fernsten,,San Francisco,USA,82,205,0,0,1,1975,4,62
76708,Al,Ferrari,,Michigan State,USA,76,190,1,0,0,1955,3,15
76709,Rolando,Ferreira,,Houston,USA,85,240,0,1,0,1988,2,26
273,Duane,Ferrell,,Georgia Tech,USA,79,215,0,1,0,-1,-1,-1
1627812,Yogi,Ferrell,,Indiana,USA,72,178,1,0,0,-1,-1,-1
76711,Arnie,Ferrin,,Utah,USA,76,180,0,1,0,1948,,
76712,Bob,Ferry,,St. Louis,USA,80,230,0,0,1,1959,,
198,Danny,Ferry,,Duke,USA,82,235,0,1,0,1989,1,2
201178,Kyrylo,Fesenko,,Ukraine,Ukraine,85,280,0,0,1,2007,2,38
202071,Michael,Fey,,,,,,,,,,,
2386,Kimani,Ffriend,,,,,,,,,,,
1642499,Max,Fiedler,,,USA,,,0,0,0,-22,-22,-22
76713,Kenny,Fields,,UCLA,USA,77,220,0,1,0,1984,1,21
202361,Landry,Fields,,Stanford,USA,79,215,1,1,0,2010,2,39
1630835,LJ,Figueroa,,,USA,,,0,0,0,-22,-22,-22
76714,Ron,Filipek,,Tennessee Tech,USA,77,205,0,1,0,1967,9,100
196294613,Marko,Filipovity,,,,,,0,1,0,,,
1642271,Kyle,Filipowski,,,,,,FALSE,FALSE,FALSE,,,
76715,Greg,Fillmore,,Cheyney,USA,85,240,0,0,1,1970,8,136
76716,Hank,Finkel,,Dayton,USA,84,240,0,0,1,1966,2,17
714,Michael,Finley,,Wisconsin,USA,79,225,1,1,0,1995,1,21
76717,Danny,Finn,,St. John's (NY),USA,73,185,1,0,0,-1,-1,-1
1627827,Dorian,Finney-Smith,,,,,,,,,,,
101217,D'or,Fischer,,,,,,,,,,,
900,Matt,Fish,,North Carolina-Wilmington,USA,83,265,0,0,0,1992,2,50
64006,Anthony,Fisher,,,,,,,,,,,
41633,D'or,Fisher,,,,,,,,,,,
965,Derek,Fisher,,Arkansas-Little Rock,USA,73,210,1,0,0,1996,1,24
2809,Gerald,Fitch,,Kentucky,USA,75,188,1,0,0,-1,-1,-1
1630238,Malik,Fitts,,St. Mary's College,USA,77,230,0,1,0,-1,-1,-1
76720,Bob,Fitzgerald,,Fordham,USA,77,190,0,1,0,-22,-22,-22
76719,Dick,Fitzgerald,,Seton Hall,USA,74,175,0,1,0,-1,-1,-1
2033,Marcus,Fizer,,Iowa State,USA,80,260,0,1,0,2000,1,4
1966938166,Maximo,Fjelurup,,,,,,,,,,,
1642843,Cooper,Flagg,,,,,,FALSE,FALSE,FALSE,,,
1641745,Adam,Flagler,,Baylor,USA,75,180,1,0,0,,,
1629967,Skyler,Flatten,,,,,,,,,,,
76721,Jerry,Fleishman,,New York University,USA,74,190,1,0,0,-1,-1,-1
76722,Al,Fleming,,Arizona,USA,79,215,0,1,0,1976,2,30
76723,Ed,Fleming,,Niagara,USA,75,189,1,0,0,1955,3,16
1642853,Rasheer,Fleming,,,,,,,,,,,
313,Vern,Fleming,,Georgia,USA,77,185,1,0,0,1984,1,18
2784,Luis,Flores,,Manhattan,USA,74,195,1,0,0,2004,2,55
76725,Bruce,Flowers,,Notre Dame,USA,80,225,0,1,0,1979,2,26
202956,Gary,Flowers,,,,,,,,,,,
1642280,Trentyn,Flowers,,Adelaide,USA,81,185,0,1,0,,,
196295069,Jordan,Floyd,,,,,,,,,,,
76726,Sleepy,Floyd,,Georgetown,USA,75,170,1,0,0,1982,1,13
201938,Jonny,Flynn,,Syracuse,USA,72,185,1,0,0,2009,1,6
1630201,Malachi,Flynn,,San Diego State,USA,73,185,1,0,0,2020,1,29
76727,Mike,Flynn,,Kentucky,USA,74,180,1,0,0,1975,7,113
203176,Kyle,Fogg,,,,,,,,,,,
76728,Larry,Fogle,,Canisius,USA,77,205,1,0,0,1975,2,34
504,Foirest,Foirest,,,,,,,,,,,
76729,Jack,Foley,,Holy Cross,USA,75,170,0,1,0,1962,2,16
1829,Ike,Fontaine,,Washington State,USA,,,0,0,0,-1,-1,-1
76731,Levi,Fontaine,,Maryland-Eastern Shore,USA,76,190,1,0,0,1970,5,70
1631323,Simone,Fontecchio,,,,,,,,,,,
202880,Jeff,Foote,,Cornell,USA,84,265,0,1,1,-1,-1,-1
1627854,Bryn,Forbes,,Michigan State,USA,74,205,1,0,0,-1,-1,-1
201814,Gary,Forbes,,Massachusetts,Panama,79,220,0,1,0,-1,-1,-1
1630758,Aleem,Ford,,Wisconsin,USA,80,220,0,1,0,-1,-1,-1
76732,Alphonso,Ford,,Mississippi Valley State,USA,73,190,0,1,0,1993,2,32
2228,Alton,Ford,,Houston,USA,81,280,0,1,0,2001,2,50
76733,Chris,Ford,,Villanova,USA,77,190,1,0,0,1972,2,17
76734,Don,Ford,,California-Santa Barbara,USA,81,215,0,1,0,1975,6,92
76735,Jake,Ford,,Maryland-Eastern Shore,USA,75,180,1,0,0,1970,2,20
1630259,Jordan,Ford,,St. Mary's College,USA,73,175,1,0,0,-22,-22,-22
76736,Phil,Ford,,North Carolina,USA,74,175,1,0,0,1978,1,2
1627880,Quincy,Ford,,,,,,,,,,,
101213,Sharrod,Ford,,Clemson,USA,81,235,0,0,0,-22,-22,-22
726,Sherell,Ford,,Illinois-Chicago,USA,79,210,0,1,0,1995,1,26
2551,T.J.,Ford,,Texas,USA,72,165,1,0,0,2003,1,8
76738,Donnie,Forman,,New York University,USA,70,175,1,0,0,-1,-1,-1
76739,Bayard,Forrest,,Grand Canyon,USA,82,235,0,0,1,1976,2,19
1630235,Trent,Forrest,,Florida State,USA,76,210,1,0,0,-1,-1,-1
2218,Joseph,Forte,,North Carolina,USA,76,194,1,0,0,2001,1,21
202622,Courtney,Fortson,,Arkansas,USA,71,185,1,0,0,-1,-1,-1
1504,Danny,Fortson,,Cincinnati,USA,80,260,0,1,1,1997,1,10
76740,Fred,Foster,,Miami (Ohio),USA,77,210,0,1,0,1968,3,28
323,Greg,Foster,,Texas-El Paso,USA,83,250,0,0,1,1990,2,35
1902,Jeff,Foster,,Southwest Texas State,USA,83,250,0,1,1,1999,1,21
76742,Rod,Foster,,UCLA,USA,73,160,1,0,0,1983,2,28
1630701,Michael,Foster Jr.,,NBA G League Ignite,USA,80,250,0,1,0,-1,-1,-1
56033,Antonios,Fotsis,,,,,,,,,,,
2238,Antonis,Fotsis,,Panathinaikos,Greece,82,219,0,1,0,2001,2,47
196294576,Dan,Fotu,,,,,,,,,,,
203095,Evan,Fournier,,Poitiers Basket 86,France,78,205,1,1,0,2012,1,20
76744,Larry,Foust,,La Salle,USA,81,215,0,0,1,1950,1,5
76745,Jerry,Fowler,,Missouri,USA,79,230,0,0,1,-1,-1,-1
1762,Tremaine,Fowlkes,,Fresno State,USA,78,212,0,1,0,1998,2,54
1628368,De'Aaron,Fox,,,,,,FALSE,FALSE,FALSE,,,
76746,Harold,Fox,,Jacksonville,USA,74,175,1,0,0,1972,2,15
76747,Jim,Fox,,South Carolina,USA,82,230,0,0,1,1965,8,67
296,Rick,Fox,,North Carolina,Canada,79,235,0,1,0,1991,1,24
196295504,Austin,Foxwell,,,,,,,,,,,
196295502,Owen,Foxwell,,,,,,0,0,0,,,
200751,Randy,Foye,,Villanova,USA,76,218,1,0,0,2006,1,7
1502,Adonal,Foyle,,Colgate,St. Vincent & Grenadines,82,270,0,0,1,1997,1,8
2499,Richie,Frahm,,Gonzaga,USA,77,210,0,0,0,-22,-22,-22
1883,Steve,Francis,,Maryland,USA,75,210,1,0,0,1999,1,2
76748,Tellis,Frank,,Western Kentucky,USA,82,225,0,1,0,1987,1,14
76749,Nat,Frankel,,Brooklyn,USA,72,195,0,1,0,-1,-1,-1
1641848,Armaan,Franklin,,,USA,,,0,0,0,-22,-22,-22
203479,Jamaal,Franklin,,San Diego State,USA,77,191,1,0,0,2013,2,41
1629606,Robert,Franks,,Washington State,USA,79,225,0,0,0,-22,-22,-22
196294101,Robert,Franks,,,,,,0,0,0,,,
204025,Tim,Frazier,,Penn State,USA,72,170,0,0,0,,,
76750,Walt,Frazier,,Southern Illinois,USA,76,200,1,0,0,1967,1,5
76751,Will,Frazier,,Grambling,USA,79,210,0,1,0,1965,2,9
1626187,Michael,Frazier II,,Florida,USA,75,200,1,0,0,-1,-1,-1
1628982,Melvin,Frazier Jr.,,Tulane,USA,77,215,1,1,0,2018,2,35
76752,Anthony,Frederick,,Pepperdine,USA,79,205,0,1,0,1986,6,133
1962937431,Jimmer,Fredette,,,,,,0,0,0,,,
1962937769,Jimmer,Fredette,,,,,,,,,,,
202690,Jimmer,Fredette,,Brigham Young,USA,74,195,1,0,0,2011,1,10
76753,World,Free,,Guilford,USA,75,185,1,0,0,1975,2,23
202683,Enes,Freedom,,Fenerbahce,Turkey,82,250,0,0,1,2011,1,3
200777,Joel,Freeland,,Malaga,United Kingdom,82,225,0,1,1,2006,1,30
76754,Donnie,Freeman,,Illinois,USA,75,185,1,0,0,1966,3,29
1642402,Enrique,Freeman,,,,,,,,,,,
76755,Gary,Freeman,,Oregon State,USA,81,210,0,1,0,1970,1,16
76756,Rod,Freeman,,Vanderbilt,USA,79,225,0,1,0,1973,11,166
1627887,Trey,Freeman,,,,,,,,,,,
1631241,Javon,Freeman-Liberty,,DePaul,USA,75,190,1,0,0,-22,-22,-22
2782,Matt,Freije,,Vanderbilt,USA,81,249,0,1,0,2004,2,53
76757,Frido,Frey,,Long Island-Brooklyn,USA,74,195,0,1,0,-1,-1,-1
42575,Vitaly,Fridzon,,,,,,,,,,,
513,Vitaly,Fridzon,,,,,,,,,,,
76758,Larry,Friend,,California,USA,76,185,1,0,0,1957,2,13
76759,Pat,Frink,,Colorado,USA,76,195,1,0,0,1968,3,27
43234,Will,Frisby,,,,,,,,,,,
76760,Jim,Fritsche,,Hamline,USA,80,210,0,0,1,1953,1,7
1629096,Harry,Froling,,,,,,,,,,,
101112,Channing,Frye,,Arizona,USA,84,255,0,1,1,2005,1,8
76761,Bernie,Fryer,,Brigham Young,USA,75,185,1,0,0,1972,7,109
76762,Frank,Fucarino,,Long Island-Brooklyn,USA,74,175,0,1,0,-1,-1,-1
40037,Gregor,Fucka,,,,,,,,,,,
1641788,Alex,Fudge,,Florida,USA,80,200,0,1,0,-22,-22,-22
76763,Herm,Fuetsch,,Polytechnic HS (CA),USA,72,170,1,0,0,-1,-1,-1
76764,Joe,Fulks,,Murray State,USA,77,190,0,1,0,-1,-1,-1
1962937810,Tom,Fullarton,,,,,,,,,,,
2673,Hiram,Fuller,,Fresno State,USA,81,240,0,1,0,-1,-1,-1
957,Todd,Fuller,,North Carolina State,USA,83,255,0,0,1,1996,1,11
76765,Tony,Fuller,,Pepperdine,USA,76,180,1,0,0,1980,5,93
1628365,Markelle,Fultz,,,,,,,,,,,
1444,Lawrence,Funderburke,,Ohio State,USA,81,230,0,1,0,1994,2,51
1641847,Andrew,Funk,,Penn State,USA,77,200,0,0,0,-22,-22,-22
1641917,Taylor,Funk,,,USA,,,0,0,0,-22,-22,-22
76767,Terry,Furlow,,Michigan State,USA,77,190,1,0,0,1976,1,12
1642277,Johnny,Furphy,,,,,,,,,,,
40031,Roberto,Gabini,,,,,,,,,,,
76768,Billy,Gabor,,Syracuse,USA,71,170,1,0,0,1948,,
40061,German,Gabriel,,,,,,,,,,,
42552,German,Gabriel,,,,,,,,,,,
1629117,Wenyen,Gabriel,,Kentucky,South Sudan,81,205,0,1,0,-1,-1,-1
203583,Abdul,Gaddy,,,USA,,,0,0,0,2013,0,0
200390,Cheyne,Gadson,,,,,,,,,,,
2429,Dan,Gadzuric,,UCLA,Netherlands,83,240,0,0,1,2002,2,33
202070,Tony,Gaffney,,Massachusetts,USA,80,205,0,1,0,-1,-1,-1
1629655,Daniel,Gafford,,,,,,FALSE,FALSE,FALSE,,,
196295500,Guy,Gafnu,,,,,,,,,,,
101184,Deng,Gai,,Fairfield,South Sudan,81,250,0,1,0,-1,-1,-1
76769,Elmer R.,Gainer,,DePaul,USA,,,0,0,0,1947,,
200510,Charles,Gaines,,,,,,,,,,,
76770,Corey,Gaines,,Loyola-Marymount,USA,75,195,1,0,0,1988,3,65
2558,Reece,Gaines,,Louisville,USA,78,205,1,0,0,2003,1,15
202178,Sundiata,Gaines,,Georgia,USA,73,200,1,0,0,-1,-1,-1
196294555,Akoldah,Gak,,,,,,0,0,1,,,
76771,Mike,Gale,,Elizabeth City State,USA,76,185,1,0,0,1971,3,47
76772,Chad,Gallagher,,Creighton,USA,82,255,0,0,1,1991,2,32
76773,Harry,Gallatin,,Truman State,USA,78,210,0,1,0,1948,,
201568,Danilo,Gallinari,,Olimpia Milano,Italy,82,236,0,1,0,2008,1,6
1641945,Jaylin,Galloway,,Sydney Kings,Australia,78,190,0,0,0,-22,-22,-22
196294110,Kyrin,Galloway,,,,,,,,,,,
204038,Langston,Galloway,,St. Joseph's (PA),USA,73,200,1,0,0,-1,-1,-1
76774,Dave,Gambee,,Oregon State,USA,78,215,0,1,0,1958,1,6
333,Kevin,Gamble,,Iowa,USA,78,225,0,1,0,1987,3,63
6001,Gabriele,Ganeto,,,,,,,,,,,
1629721,JaKeenan,Gant,,,,,,,,,,,
76776,Bob,Gantt,,Duke,USA,76,205,0,1,0,-1,-1,-1
200816,Jorge,Garbajosa,,Malaga,Spain,81,245,0,1,0,-1,-1,-1
41533,Jorge,Garbajosa,,,,,,,,,,,
2092,Ruben,Garces,,Providence,USA,,,0,1,0,-1,-1,-1
2682,Alex,Garcia,,Ribeirao Preto,Brazil,75,195,0,0,0,-22,-22,-22
11001,Ander,Garcia,,,,,,,,,,,
1643158,Andersson,Garcia,,,,,,FALSE,FALSE,FALSE,,,
1630615,Dawson,Garcia,,,,,,,,,,,
101128,Francisco,Garcia,,Louisville,Dominican Republic,79,195,1,1,0,2005,1,23
196294084,Leandro,Garcia Morales,,,,,,,,,,,
76778,Earl,Gardner,,DePauw,USA,75,195,0,1,0,1948,,
1642066,Myron,Gardner,,,,,,,,,,,
201242,Thomas,Gardner,,Missouri,USA,77,225,1,0,0,-1,-1,-1
76779,Vern,Gardner,,Utah,USA,77,200,0,0,1,1949,1,5
76780,Jack,Garfinkel,,St. John's (NY),USA,72,190,1,0,0,-1,-1,-1
1627868,Patricio,Garino,,George Washington,Argentina,78,203,1,1,0,-1,-1,-1
1629636,Darius,Garland,,,,,,FALSE,FALSE,FALSE,,,
76781,Gary,Garland,,DePaul,USA,76,180,1,0,0,1979,2,30
76782,Winston,Garland,,Missouri State,USA,74,170,1,0,0,1987,2,40
1962937739,Tom,Garlepp,,,,,,,,,,,
76783,Dick,Garmaker,,Minnesota,USA,75,200,1,0,0,1955,,
1612,Chris,Garner,,Memphis,USA,70,156,1,0,0,-1,-1,-1
76785,Bill,Garnett,,Wyoming,USA,81,225,0,1,0,1982,1,4
708,Kevin,Garnett,,Farragut Academy HS (IL),USA,83,240,0,1,0,1995,1,5
1831,Marlon,Garnett,,Santa Clara,USA,74,186,1,0,0,-1,-1,-1
1628656,Billy,Garrett,,DePaul,USA,78,215,1,1,0,-1,-1,-1
76786,Calvin,Garrett,,Oral Roberts,USA,79,190,0,1,0,1979,3,47
1051,Dean,Garrett,,Indiana,USA,83,250,0,0,1,1988,2,38
203197,Diante,Garrett,,Iowa State,USA,76,190,1,0,0,-1,-1,-1
76788,Eldo,Garrett,,Southern Illinois,USA,75,185,1,0,0,1969,2,27
1630585,Marcus,Garrett,,Kansas,USA,77,205,1,0,0,-1,-1,-1
76789,Rowland,Garrett,,Florida State,USA,78,210,0,1,0,1972,5,78
539,Garri,Garri,,,,,,,,,,,
76790,Tom,Garrick,,Rhode Island,USA,74,185,1,0,0,1988,2,45
76791,John,Garris,,Boston College,USA,80,205,0,1,0,1983,2,27
1619,Kiwane,Garris,,Illinois,USA,74,183,1,0,0,-22,-22,-22
1727,Pat,Garrity,,Notre Dame,USA,81,238,0,1,0,1998,1,19
1630586,Usman,Garuba,,Real Madrid,Spain,80,229,0,1,0,2021,1,23
76793,Jim,Garvin,,Boston University,USA,79,200,0,1,0,1973,17,204
1630568,Luka,Garza,,,,,,,,,,,
201188,Marc,Gasol,,FC Barcelona,Spain,83,255,0,0,1,2007,2,48
2200,Pau,Gasol,,FC Barcelona,Spain,84,250,0,1,1,2001,1,3
76794,Frank,Gates,,Sam Houston State,USA,72,160,0,0,0,-22,-22,-22
1629232,Kaiser,Gates,,Xavier,USA,79,225,0,0,0,-22,-22,-22
423,Chris,Gatling,,Old Dominion,USA,82,230,0,1,0,1991,1,16
930,Kenny,Gattison,,Old Dominion,USA,80,225,0,1,0,1986,3,55
200752,Rudy,Gay,,Connecticut,USA,80,250,1,1,0,2006,1,8
76797,Ed,Gayda,,Washington State,USA,76,210,1,0,0,1950,2,
1845,Andrew,Gaze,,Seton Hall,USA,79,205,0,1,0,-1,-1,-1
1627771,Michael,Gbinije,,Syracuse,USA,79,200,1,1,0,2016,2,49
1002,Reggie,Geary,,Arizona,USA,74,187,1,0,0,1996,2,56
41011,Martynas,Gecevicius,,,,,,,,,,,
202087,Alonzo,Gee,,Alabama,USA,78,225,0,1,0,-1,-1,-1
196294085,Rom,Geffen,,,,,,0,0,0,,,
761,Matt,Geiger,,Georgia Tech,USA,85,248,0,0,1,1992,2,42
101153,Mickael,Gelabale,,Real Madrid,France,79,215,0,1,0,2005,2,48
56043,Alessandro,Gentile,,,,,,,,,,,
1904,Devean,George,,Augsburg,USA,80,235,0,1,0,1999,1,23
76800,Jack,George,,La Salle,USA,75,190,1,0,0,1953,,
1641718,Keyonte,George,,,,,,,,,,,
1642273,Kyshawn,George,,,,,,,,,,,
101239,Otis,George,,,,,,,,,,,
202331,Paul,George,,,,,,FALSE,FALSE,FALSE,,,
76801,Tate,George,,Connecticut,USA,77,190,1,0,0,1990,1,22
1627875,Marcus,Georges-Hunt,,Georgia Tech,USA,77,226,1,0,0,-1,-1,-1
76802,Gus,Gerard,,Virginia,USA,80,200,0,1,0,1975,3,50
76803,Derrick,Gervin,,Texas-San Antonio,USA,80,200,0,1,0,1985,4,90
76804,George,Gervin,,Eastern Michigan,USA,79,180,1,0,0,1974,3,40
76805,Gorham,Getchell,,Temple,USA,76,205,0,0,1,-1,-1,-1
540,Giachetti,Giachetti,,,,,,,,,,,
40028,Jacopo,Giachetti,,,,,,,,,,,
56030,Jacopo,Giachetti,,,,,,,,,,,
76806,John,Gianelli,,Pacific,USA,82,220,0,0,1,1972,2,20
196295499,Theodoros,Giannakopoulos,,,,,,,,,,,
76807,Dick,Gibbs,,Texas-El Paso,USA,77,210,0,1,0,1971,3,49
45842,Adam,Gibson,,,,,,,,,,,
200789,Daniel,Gibson,,Texas,USA,74,200,1,0,0,2006,2,42
76808,Dee,Gibson,,Western Kentucky,USA,71,175,1,0,0,1948,,
1626780,Jonathan,Gibson,,New Mexico State,USA,74,185,1,0,0,-1,-1,-1
76809,Mel,Gibson,,Western Carolina,USA,75,180,1,0,0,1963,2,16
76810,Mike,Gibson,,South Carolina Upstate,USA,82,205,0,1,0,1982,2,44
201959,Taj,Gibson,,,,,,,,,,,
76811,Ward,Gibson,,Creighton,USA,,,0,0,1,-1,-1,-1
201592,J.R.,Giddens,,New Mexico,USA,77,215,1,0,0,2008,1,30
1630581,Josh,Giddey,,,,,,FALSE,FALSE,FALSE,,,
43196,Niels,Giffy,,,,,,0,0,0,,,
1642933,Keshon,Gilbert,,,,,,,,,,,
201821,Trey,Gilder,,Northwestern State,USA,81,205,0,0,0,-22,-22,-22
201636,CJ,Giles,,,,,,,,,,,
1628385,Harry,Giles III,,Duke,USA,82,240,0,1,1,2017,1,20
1628983,Shai,Gilgeous-Alexander,,,,78,194,FALSE,FALSE,FALSE,,,
1630264,Anthony,Gill,,,,,,,,,,,
2109,Eddie,Gill,,Weber State,USA,72,190,1,0,0,-1,-1,-1
383,Kendall,Gill,,Illinois,USA,77,216,1,0,0,1990,1,5
1630265,Romaro,Gill,,,Jamaica,,,0,0,0,-22,-22,-22
76812,Ben,Gillery,,Georgetown,USA,84,235,0,0,1,-1,-1,-1
1631221,Collin,Gillespie,,,,,,FALSE,FALSE,FALSE,,,
1630273,Freddie,Gillespie,,Baylor,USA,81,245,0,0,1,-1,-1,-1
196295067,Freddie,Gillespie,,,,,,,,,,,
76813,Gene,Gillette,,Saint Mary's,USA,,,0,0,0,-1,-1,-1
288,Armen,Gilliam,,UNLV,USA,81,260,0,1,0,1987,1,2
76815,Herm,Gilliam,,Purdue,USA,75,190,1,0,0,1969,1,8
600014,Artis,Gilmore,,Jacksonville,USA,86,240,0,0,1,1971,7,117
76817,Walt,Gilmore,,Fort Valley State,USA,78,225,0,1,0,1970,2,25
76818,Chuck,Gilmur,,Washington,USA,76,225,0,1,0,-1,-1,-1
1631367,Jacob,Gilyard,,Richmond,USA,68,160,1,0,0,-22,-22,-22
1938,Manu,Ginobili,,Virtus Bologna,Argentina,78,205,1,0,0,1999,2,57
1921,Gordan,Giricek,,CSKA Moscow,Croatia,78,220,1,0,0,1999,2,40
201620,James,Gist,,,,,,,,,,,
76819,Jack,Givens,,Kentucky,USA,77,205,0,1,0,1978,1,16
64007,Samme,Givens,,,,,,0,1,0,,,
202148,Mickell,Gladness,,Alabama A&M,USA,83,220,0,0,1,-1,-1,-1
76820,George,Glamack,,North Carolina,USA,78,225,0,0,1,-1,-1,-1
76821,Gerald,Glass,,Mississippi,USA,77,221,0,1,0,1990,1,20
76822,Mike,Glenn,,Southern Illinois,USA,74,175,1,0,0,1977,2,23
76823,Norman,Glick,,Loyola-Marymount,USA,78,190,0,1,0,-1,-1,-1
196294569,Cam,Gliddon,,,,,,,,,,,
76824,Georgi,Glouchkov,,Akademik Varna,Bulgaria,80,235,0,1,0,1985,7,148
196295496,Angus,Glover,,,,,,,,,,,
76825,Clarence,Glover,,Western Kentucky,USA,80,210,0,1,0,1971,1,10
1901,Dion,Glover,,Georgia Tech,USA,77,225,1,1,0,1999,1,20
2601,Andreas,Glyniadakis,,AEK Athens,Greece,85,280,0,0,1,2003,2,58
267625,Andreas,Glyniadakis,,,,,,,,,,,
76826,Mike,Gminski,,Duke,USA,83,250,0,0,1,1980,1,7
203497,Rudy,Gobert,,,,,,FALSE,FALSE,FALSE,,,
76827,Dan,Godfread,,Evansville,USA,82,250,0,1,0,-1,-1,-1
76828,Tom,Gola,,La Salle,USA,78,205,1,0,0,1955,,
1631371,Grant,Golden,,,USA,,,0,0,0,-22,-22,-22
76829,Ben,Goldfaden,,George Washington,USA,73,185,0,0,0,-22,-22,-22
1642884,Vladislav,Goldin,,,,,,,,,,,
924,Anthony,Goldwire,,Houston,USA,74,182,1,0,0,1994,2,52
101155,Ryan,Gomes,,Providence,USA,79,245,0,1,0,2005,2,50
76830,Glen,Gondrezick,,UNLV,USA,78,218,0,1,0,1977,2,26
76831,Grant,Gondrezick,,Pepperdine,USA,77,205,1,0,0,1986,4,77
575,Kerem,Gonlum,,,,,,,,,,,
1642864,Hugo,Gonzalez,,,,,,,,,,,
196294536,Hugo,Gonzalez,,,,,,,,,,,
1966938167,Luciano,Gonzalez,,,,,,,,,,,
2400,Drew,Gooden,,Kansas,USA,82,250,0,1,0,2002,1,4
76832,Gail,Goodrich,,UCLA,USA,73,170,1,0,0,1965,,
1864,Steve,Goodrich,,Princeton,USA,82,220,0,0,1,-1,-1,-1
202393,Vernon,Goodridge,,,,,,,,,,,
203462,Archie,Goodwin,,Kentucky,USA,77,205,1,0,0,2013,1,29
1629164,Brandon,Goodwin,,Florida Gulf Coast,USA,72,180,1,0,0,-1,-1,-1
1641863,Dane,Goodwin,,,USA,,,0,0,0,-22,-22,-22
1630692,Jordan,Goodwin,,,,,,,,,,,
76833,Wilfred,Goodwin,,St John's Prep HS (NY),USA,74,203,0,1,0,-1,-1,-1
203932,Aaron,Gordon,,,,,,FALSE,FALSE,FALSE,,,
2732,Ben,Gordon,,Connecticut,USA,75,205,1,0,0,2004,1,3
204079,Drew,Gordon,,New Mexico,USA,81,245,0,1,1,-1,-1,-1
201569,Eric,Gordon,,Indiana,USA,75,215,1,0,0,2008,1,7
9001,Jamont,Gordon,,,,,,,,,,,
76834,Lancaster,Gordon,,Louisville,USA,75,185,1,0,0,1984,1,8
76835,Paul,Gordon,,Notre Dame,USA,75,185,0,0,0,-22,-22,-22
514,Boris,Gorenc,,,,,,,,,,,
101162,Marcin,Gortat,,RheinEnergie Cologne,Poland,83,240,0,0,1,2005,2,57
1641789,Jazian,Gortman,,Overtime Elite,USA,74,184,1,0,0,,,
76836,Leo,Gottlieb,,DeWitt Clinton HS (NY),USA,71,180,1,0,0,-1,-1,-1
202726,Andrew,Goudelock,,Charleston,USA,75,200,1,0,0,2011,2,46
43300,Andrew,Goudelock,,,,,,0,0,0,,,
203164,Lance,Goulbourne,,,,,,,,,,,
42824,Chris,Goulding,,,,,,,,,,,
64030,Chris,Goulding,,,,,,,,,,,
76837,Bato,Govedarica,,DePaul,USA,71,185,1,0,0,1951,3,24
76838,Joe,Graboski,,Tuley HS (IL),USA,80,195,0,1,0,-1,-1,-1
76839,Ricky,Grace,,Oklahoma,USA,73,180,1,0,0,1988,3,67
1631242,Kellan,Grady,,,USA,,,0,0,0,-22,-22,-22
1628984,Devonte',Graham,,Kansas,USA,73,195,1,0,0,2018,2,34
37,Greg,Graham,,Indiana,USA,76,182,1,0,0,1993,1,17
101121,Joey,Graham,,Oklahoma State,USA,79,230,0,1,0,2005,1,16
76843,Mal,Graham,,New York University,USA,73,185,1,0,0,1967,1,11
76841,Orlando,Graham,,Auburn-Montgomery,USA,80,220,0,1,0,1988,2,40
76842,Paul,Graham,,Ohio,USA,78,200,1,0,0,-1,-1,-1
101211,Stephen,Graham,,Oklahoma State,USA,78,215,1,1,0,-22,-22,-22
1628680,Torian,Graham,,,,,,,,,,,
1626203,Treveon,Graham,,Va Commonwealth,USA,77,219,1,1,0,-1,-1,-1
76844,Jim,Grandholm,,South Florida,USA,84,235,0,0,1,1984,4,76
97,Ronnie,Grandison,,New Orleans,USA,78,220,0,1,0,1987,5,100
101122,Danny,Granger,,New Mexico,USA,81,222,1,1,0,2005,1,17
76847,Stewart,Granger,,Villanova,USA,75,190,1,0,0,1983,1,24
258,Brian,Grant,,Xavier,USA,81,254,0,1,1,1994,1,8
76850,Bud,Grant,,Minnesota,USA,75,195,0,1,0,1950,4,
202,Gary,Grant,,Michigan,USA,75,185,0,0,0,1988,1,15
285,Greg,Grant,,College of New Jersey,USA,67,140,1,0,0,1989,2,52
265,Harvey,Grant,,Oklahoma,USA,81,225,0,1,0,1988,1,12
270,Horace,Grant,,Clemson,USA,82,245,0,0,1,1987,1,10
203924,Jerami,Grant,,,,,,,,,,,
1626170,Jerian,Grant,,Notre Dame,USA,76,198,1,0,0,2015,1,19
76852,Josh,Grant,,Utah,USA,81,223,0,1,0,1993,2,43
1514,Paul,Grant,,Wisconsin,USA,84,245,0,0,1,1997,1,20
76853,Travis,Grant,,Kentucky State,USA,79,215,0,1,0,1972,1,13
1629055,Donte,Grantham,,Clemson,USA,80,215,0,1,0,2018,,
76854,Don,Grate,,Ohio State,USA,74,185,1,0,0,-1,-1,-1
76855,Butch,Graves,,Yale,USA,75,200,0,1,0,1984,3,68
1962937545,Will,Graves,,,,,,0,0,0,,,
1629755,Hassani,Gravett,,South Carolina,USA,74,187,1,0,0,2019,,
201189,Aaron,Gray,,Pittsburgh,USA,84,270,0,0,1,2007,2,49
1070,Devin,Gray,,Clemson,USA,79,240,0,0,0,-22,-22,-22
1516,Ed,Gray,,California,USA,75,210,1,0,0,1997,1,22
1026,Evric,Gray,,UNLV,USA,79,235,0,1,0,-1,-1,-1
76859,Gary,Gray,,Oklahoma City,USA,73,185,1,0,0,1967,3,26
1627982,Josh,Gray,,Louisiana State,USA,72,180,1,0,0,-1,-1,-1
76860,Leonard,Gray,,Long Beach State,USA,80,240,0,1,0,1974,2,26
1630564,RaiQuan,Gray,,Florida State,USA,79,269,0,1,0,2021,2,59
1629154,Rob,Gray,,,,,,,,,,,
203160,Steven,Gray,,,,,,,,,,,
76861,Stuart,Gray,,UCLA,USA,84,235,0,0,1,1984,2,29
76862,Sylvester,Gray,,Memphis,USA,78,230,0,1,0,1988,2,35
76863,Wyndol,Gray,,Harvard,USA,73,175,1,0,0,-1,-1,-1
81,Jeff,Grayer,,Iowa State,USA,77,210,1,0,0,1988,1,13
76865,Bob,Greacen,,Rutgers,USA,79,206,0,1,0,1969,2,17
920,A.C.,Green,,Oregon State,USA,81,225,0,1,0,1985,1,23
1631260,AJ,Green,,,,,,,,,,,
201980,Danny,Green,,North Carolina,USA,78,215,1,0,0,2009,2,46
101209,Devin,Green,,Hampton,USA,79,212,1,1,0,-1,-1,-1
203110,Draymond,Green,,,,,,FALSE,FALSE,FALSE,,,
203475,Erick,Green,,Virginia Tech,USA,76,185,1,0,0,2013,2,46
203629,Garlon,Green,,,,,,,,,,,
101123,Gerald,Green,,No College,USA,79,205,1,1,0,2005,1,18
554,Green,Green,,,,,,,,,,,
203210,JaMychal,Green,,Alabama,USA,81,227,0,1,1,-1,-1,-1
1630224,Jalen,Green,,,,,,FALSE,FALSE,FALSE,,,
1629750,Javonte,Green,,,,,,FALSE,FALSE,FALSE,,,
201145,Jeff,Green,,,,,,,,,,,
76867,Johnny,Green,,Michigan State,USA,77,200,0,1,0,1959,1,5
1630182,Josh,Green,,,,,,,,,,,
76868,Ken,Green,,Texas-Pan American,USA,80,215,0,1,0,1981,2,34
76869,Kenny,Green,,Wake Forest,USA,78,210,1,0,0,1985,1,12
600011,Lamar,Green,,Morehead State,USA,79,210,0,1,0,1969,3,33
1036,Litterial,Green,,Georgia,USA,73,195,0,0,0,1992,2,39
76872,Luther,Green,,Long Island-Brooklyn,USA,79,190,0,1,0,1969,3,41
76873,Mike,Green,,Louisiana Tech,USA,82,200,0,0,1,1973,1,4
76874,Rickey,Green,,Michigan,USA,72,170,1,0,0,1977,1,16
76875,Sean,Green,,Iona,USA,77,210,1,0,0,1991,2,41
76877,Si,Green,,Duquesne,USA,74,185,1,0,0,1956,1,1
76876,Sidney,Green,,UNLV,USA,81,220,0,1,0,1983,1,5
76878,Steve,Green,,Indiana,USA,79,220,0,1,0,1975,2,30
201192,Taurean,Green,,Florida,USA,72,177,1,0,0,2007,2,52
76879,Tommy,Green,,Southern,USA,74,185,1,0,0,1978,2,35
2584,Willie,Green,,Detroit Mercy,USA,75,205,1,0,0,2003,2,41
41626,Yaniv,Green,,,,,,,,,,,
505,Brian,Greene,,,,,,,,,,,
201590,Donte,Greene,,Syracuse,USA,83,226,0,1,0,2008,1,28
101158,Orien,Greene,,Louisiana-Lafayette,USA,76,208,1,0,0,2005,2,53
76880,Jerry,Greenspan,,Maryland,USA,77,195,0,1,0,1963,3,24
76881,David,Greenwood,,UCLA,USA,81,222,0,1,0,1979,1,2
76882,Hal,Greer,,Marshall,USA,74,175,1,0,0,1958,2,13
2696,Lynn,Greer,,Temple,USA,74,175,1,0,0,-1,-1,-1
76883,Gary,Gregor,,South Carolina,USA,79,225,0,1,0,1968,1,8
76884,Claude,Gregory,,Wisconsin,USA,80,205,0,1,0,1981,2,41
40011,Kenny,Gregory,,,,,,,,,,,
76885,John,Greig,,Oregon,USA,79,215,0,1,0,1982,3,65
76886,Norm,Grekin,,La Salle,USA,77,180,0,1,0,1953,3,
76887,Kevin,Grevey,,Kentucky,USA,77,210,1,0,0,1975,1,18
200813,Vincent,Grier,,,,,,,,,,,
1631100,AJ,Griffin,,Duke,USA,78,220,0,1,0,2022,1,16
1559,Adrian,Griffin,,Seton Hall,USA,77,230,1,1,0,-1,-1,-1
201933,Blake,Griffin,,Oklahoma,USA,81,250,0,1,0,2009,1,1
2204,Eddie,Griffin,,Seton Hall,USA,82,240,0,1,0,2001,1,7
203547,Eric,Griffin,,,,,,,,,,,
76888,Greg,Griffin,,Idaho State,USA,79,190,0,1,0,1977,4,71
76889,Paul,Griffin,,Western Michigan,USA,81,205,0,1,0,1976,5,74
200842,Rob,Griffin,,,,,,,,,,,
201981,Taylor,Griffin,,Oklahoma,USA,79,238,0,1,0,2009,2,48
76890,Darrell,Griffith,,Louisville,USA,76,190,1,0,0,1980,1,2
76891,Chuck,Grigsby,,Dayton,USA,77,190,1,0,0,1952,,
1165,Luis,Grillo,,,,,,,,,,,
561,Grimau,Grimau,,,,,,,,,,,
42561,Roger,Grimau,,,,,,,,,,,
8003,Roger,Grimau,,,,,,,,,,,
1629656,Quentin,Grimes,,,,,,,,,,,
1575,Derek,Grimm,,Missouri,USA,81,230,0,1,0,-1,-1,-1
76893,George,Grimshaw,,Brown,USA,73,185,1,0,0,-1,-1,-1
76894,Dick,Groat,,Duke,USA,71,180,1,0,0,1952,1,3
76895,Bob,Gross,,Long Beach State,USA,78,200,0,1,0,1975,2,25
76896,Jerry,Grote,,Loyola-Marymount,USA,76,215,1,0,0,1962,4,28
76897,Alex,Groza,,Kentucky,USA,79,218,0,0,0,1949,1,2
101219,Anthony,Grundy,,North Carolina State,USA,75,185,1,0,0,-1,-1,-1
201643,Dan,Grunfeld,,,,,,,,,,,
76899,Ernie,Grunfeld,,Tennessee,USA,78,210,1,0,0,1977,1,11
27010,Yuezhou,Gu,,,,,,,,,,,
76900,Gene,Guarilia,,George Washington,USA,77,220,0,1,0,1959,2,14
76901,Petur,Gudmundsson,,Washington,USA,86,260,0,0,1,1981,3,61
1629741,Marko,Guduric,,Fenerbahce,Serbia,78,201,1,0,0,-22,-22,-22
76902,Richie,Guerin,,Iona,USA,76,195,1,0,0,1954,2,17
1631338,Mouhamadou,Gueye,,Pittsburgh,USA,81,210,0,1,0,,,
1631243,Mouhamed,Gueye,,,,,,,,,,,
339,Tom,Gugliotta,,North Carolina State,USA,82,250,0,1,0,1992,1,6
76903,Andres,Guibert,,Cantera Instituto,Cuba,82,225,0,0,1,-1,-1,-1
76904,Jay,Guidinger,,Minnesota-Duluth,USA,82,255,0,0,1,-1,-1,-1
76905,Coulby,Gunther,,Boston College,USA,76,190,0,1,0,-1,-1,-1
76906,Dave,Gunther,,Iowa,USA,79,190,0,1,0,1959,8,56
1962937727,Kai,Guo,,,,,,,,,,,
27011,Kai,Guo,,,,,,,,,,,
64135,Kai,Guo,,,,,,,,,,,
196295531,Chen,Guohao,,,,,,,,,,,
76907,Al,Guokas,,St. Joseph's (PA),USA,,,0,1,0,-1,-1,-1
76908,Matt,Guokas,,St. Joseph's (PA),USA,78,175,1,0,0,1966,1,9
76909,Matt,Guokas,,St. Joseph's (PA),USA,75,195,0,0,0,-22,-22,-22
203268,Jorge,Gutierrez,,California,Mexico,75,189,1,0,0,-1,-1,-1
1629657,Kyle,Guy,,Virginia,USA,73,167,0,0,0,2019,2,55
2062,A.J.,Guyton,,Indiana,USA,74,185,1,0,0,2000,2,32
2775,Seung-Jin,Ha,,Yonsei,South Korea,87,305,0,0,1,2004,2,46
1629036,Isaac,Haas,,,,,,,,,,,
1629060,Rui,Hachimura,,,,,,FALSE,FALSE,FALSE,,,
56068,Daniel,Hackett,,,,,,,,,,,
76910,Rudy,Hackett,,Syracuse,USA,81,210,0,1,0,1975,3,37
201632,Hamed,Haddadi,,Saba Battery,Iran,86,265,0,0,1,-1,-1,-1
76911,Scott,Haffner,,Evansville,USA,75,180,1,0,0,1989,2,45
76912,Cliff,Hagan,,Kentucky,USA,76,210,0,1,0,1953,3,
76913,Glenn,Hagan,,St. Bonaventure,USA,72,170,1,0,0,1978,2,43
1630204,Ashton,Hagans,,Kentucky,USA,75,190,1,1,0,-1,-1,-1
196294588,Ashton,Hagans,,,,,,,,,,,
76914,Bob,Hahn,,North Carolina State,USA,82,240,0,0,1,-1,-1,-1
196294589,Ori,Hai,,,,,,,,,,,
76915,Al,Hairston,,Bowling Green,USA,73,170,1,0,0,1968,5,52
76916,Happy,Hairston,,New York University,USA,79,225,0,1,0,1964,4,33
76917,Lindsay,Hairston,,Michigan State,USA,79,180,0,1,0,1975,4,64
201612,Malik,Hairston,,Oregon,USA,78,220,1,0,0,2008,2,48
56032,Malik,Hairston,,,,,,,,,,,
203798,PJ,Hairston,,North Carolina,USA,78,230,1,1,0,2014,1,26
2409,Marcus,Haislip,,Tennessee,USA,82,230,0,1,0,2002,1,13
40064,Marcus,Haislip,,,,,,,,,,,
577,Marcus,Haislip,,,,,,,,,,,
76918,Chuck,Halbert,,West Texas A&M,USA,81,225,0,0,1,-1,-1,-1
76919,Harvey,Halbrook,,Oregon State,USA,87,235,0,0,1,-22,-22,-22
76920,Bruce,Hale,,Santa Clara,USA,73,170,1,0,0,-1,-1,-1
917,Jack,Haley,,UCLA,USA,82,242,0,1,0,1987,4,79
1630169,Tyrese,Haliburton,,,,,,,,,,,
76922,Shaler,Halimon,,Utah State,USA,77,199,1,0,0,1968,1,14
1628985,Devon,Hall,,Virginia,USA,77,215,1,0,0,2018,2,53
1629743,Donta,Hall,,Alabama,USA,81,229,0,0,1,-1,-1,-1
1631160,Jordan,Hall,,St. Joseph's (PA),USA,79,215,1,0,0,-1,-1,-1
1630221,Josh,Hall,,Moravian Prep (NC),USA,81,190,0,1,0,-1,-1,-1
200837,Mike,Hall,,George Washington,USA,80,230,0,1,0,-22,-22,-22
1641790,PJ,Hall,,,,,,,,,,,
1629788,Tyler,Hall,,Montana State,USA,76,209,1,0,0,-1,-1,-1
76923,Jeff,Halliburton,,Drake,USA,77,193,1,0,0,1971,3,39
267621,Yotam,Halperin,,,,,,,,,,,
572,Yotam,Halperin,,,,,,,,,,,
201183,Adam,Haluska,,,,,,,,,,,
1032,Darvin,Ham,,Texas Tech,USA,79,240,1,1,0,-1,-1,-1
984,Steve,Hamer,,Tennessee,USA,84,245,0,0,1,1996,2,38
1628174,Alex,Hamilton,,,,,,,,,,,
201266,Brian,Hamilton,,,,,,,,,,,
201646,Brian,Hamilton,,,,,,,,,,,
76925,Dale,Hamilton,,Franklin,USA,72,180,1,0,0,-1,-1,-1
1627772,Daniel,Hamilton,,Connecticut,USA,79,195,1,1,0,2016,2,56
76926,Dennis,Hamilton,,Arizona State,USA,80,210,0,1,0,-1,-1,-1
1628554,Isaac,Hamilton,,,,,,,,,,,
1629148,Johnny,Hamilton,,,USA,,,0,0,0,-22,-22,-22
202706,Jordan,Hamilton,,Texas,USA,79,220,1,1,0,2011,1,26
203120,Justin,Hamilton,,Louisiana State,USA,84,255,0,0,1,2012,2,45
2636,Justin,Hamilton,,,,,,,,,,,
76927,Ralph,Hamilton,,Indiana,USA,,,1,0,0,-1,-1,-1
1888,Richard,Hamilton,,Connecticut,USA,79,193,1,0,0,1999,1,7
76928,Roylee,Hamilton,,UCLA,USA,74,180,1,0,0,1979,1,10
76929,Steve,Hamilton,,Morehead State,USA,78,190,0,1,0,1958,2,8
2347,Tang,Hamilton,,Mississippi State,USA,80,205,0,1,0,-1,-1,-1
676,Thomas,Hamilton,,Pittsburgh,USA,86,330,0,0,1,-1,-1,-1
40041,Venson,Hamilton,,,,,,,,,,,
201649,Vernon,Hamilton,,,,,,,,,,,
1985,Zendon,Hamilton,,St. John's (NY),USA,83,240,0,0,0,-22,-22,-22
903,Geert,Hammink,,Louisiana State,Netherlands,84,262,0,1,1,1993,1,26
43206,Clifford,Hammonds,,,,,,0,0,0,,,
1630262,Rayshaun,Hammonds,,,USA,,,0,0,0,-22,-22,-22
67,Tom,Hammonds,,Georgia Tech,USA,81,225,0,1,0,1989,1,9
1627773,AJ,Hammons,,Purdue,USA,84,260,0,0,1,2016,2,46
1630181,R.J.,Hampton,,Capital City Go-Go,USA,76,175,1,0,0,2020,1,24
1966938183,R.J.,Hampton,,,,,,1,0,0,,,
1962937770,Luo,Hanchen,,,,,,0,0,0,,,
64104,Luo,Hanchen,,,,,,,,,,,
241,Darrin,Hancock,,Kansas,USA,79,205,0,1,0,1994,2,38
204034,Luke,Hancock,,,,,,,,,,,
1052,Ben,Handlogten,,Western Michigan,USA,82,240,0,0,1,-1,-1,-1
76935,Cecil,Hankins,,Oklahoma State,USA,73,175,1,0,0,-1,-1,-1
76936,Phil,Hankinson,,Pennsylvania,USA,80,195,0,1,0,1973,2,35
1962937764,Dong,Hanlin,,,,,,,,,,,
64098,Dong,Hanlin,,,,,,0,0,1,,,
202513,Stefhon,Hannah,,,,,,,,,,,
1628605,Dusty,Hannahs,,Arkansas,USA,75,210,1,0,0,2017,,
76937,Alex,Hannum,,Southern California,USA,79,210,0,1,0,1948,,
76938,Don,Hanrahan,,Loyola-Chicago,USA,79,200,0,1,0,-1,-1,-1
76939,Rollen,Hans,,Long Island-Brooklyn,USA,74,210,1,0,0,-1,-1,-1
203162,Ben,Hansbrough,,Notre Dame,USA,75,203,1,0,0,-22,-22,-22
201946,Tyler,Hansbrough,,North Carolina,USA,81,250,0,1,0,2009,1,13
76942,Bob,Hansen,,Iowa,USA,78,190,1,0,0,1983,3,54
76940,Glenn,Hansen,,Louisiana State,USA,76,205,1,0,0,1975,2,31
76941,Lars,Hansen,,Washington,USA,82,225,0,0,1,1977,7,151
2580,Travis,Hansen,,Brigham Young,USA,78,205,1,1,0,2003,2,37
41534,Travis,Hansen,,,,,,,,,,,
1682,Reggie,Hanson,,Kentucky,USA,80,195,0,1,0,-22,-22,-22
76944,Bill,Hanzlik,,Notre Dame,USA,79,185,0,1,0,1980,1,20
202376,Luke,Harangody,,Notre Dame,USA,79,245,0,1,0,2010,2,52
358,Anfernee,Hardaway,,Memphis State,USA,79,215,0,1,0,1993,1,3
896,Tim,Hardaway,,Texas-El Paso,USA,72,195,1,0,0,1989,1,14
203501,Tim,Hardaway Jr.,,,,,,,,,,,
201935,James,Harden,,,,77,220,FALSE,FALSE,FALSE,,,
76945,Reggie,Harding,,Eastern HS (MI),USA,84,249,0,0,1,1963,6,48
76946,Charlie,Hardnett,,Grambling,USA,80,225,0,1,0,1962,3,19
76947,Alan,Hardy,,Michigan,USA,78,195,1,0,0,-1,-1,-1
1630702,Jaden,Hardy,,,,,,,,,,,
76948,James,Hardy,,San Francisco,USA,80,220,0,1,0,1978,1,11
76949,John,Hargis,,Texas,USA,74,180,1,0,0,-1,-1,-1
1641989,Elijah,Harkless,,,,,,,,,,,
203090,Maurice,Harkless,,"St. John's, N.Y.",USA,79,220,1,1,0,2012,1,15
76950,Jerry,Harkness,,Loyola-Chicago,USA,74,175,1,0,0,1963,2,9
76951,Skip,Harlicka,,South Carolina,USA,73,185,1,0,0,1968,1,13
76952,Jerome,Harmon,,Louisville,USA,76,190,1,0,0,-1,-1,-1
203192,Demonte,Harper,,,,,,,,,,,
157,Derek,Harper,,Illinois,USA,76,206,1,0,0,1983,1,11
1642844,Dylan,Harper,,,,,,,,,,,
1629607,Jared,Harper,,Auburn,USA,70,175,0,0,0,,,
202712,Justin,Harper,,Richmond,USA,82,225,0,1,0,2011,2,32
76954,Mike,Harper,,North Park,USA,82,195,0,0,1,1980,3,56
166,Ron,Harper,,Miami (Ohio),USA,78,215,1,0,0,1986,1,8
1631199,Ron,Harper Jr.,,,,,,,,,,,
1723,Matt,Harpring,,Georgia Tech,USA,79,230,0,1,0,1998,1,15
1626149,Montrezl,Harrell,,Louisville,USA,79,240,0,1,1,2015,2,32
202725,Josh,Harrellson,,Kentucky,USA,82,275,0,1,1,2011,2,45
2492,Adam,Harrington,,Auburn,USA,77,200,1,0,0,-1,-1,-1
1733,Al,Harrington,,St. Patrick HS (NJ),USA,81,245,0,1,0,1998,1,25
2454,Junior,Harrington,,Wingate,USA,76,190,1,0,0,-1,-1,-1
970,Othella,Harrington,,Georgetown,USA,81,235,0,1,1,1996,2,30
76956,Art,Harris,,Stanford,USA,76,185,1,0,0,1968,2,16
76957,Bernie,Harris,,Virginia Commonwealth,USA,82,200,0,1,0,1974,4,63
76959,Bob,Harris,,Oklahoma State,USA,79,195,0,1,0,1949,1,3
1966938178,CJ,Harris,,,,,,0,1,0,,,
76958,Chris,Harris,,Dayton,USA,75,190,1,0,0,-1,-1,-1
2734,Devin,Harris,,Wisconsin,USA,75,185,1,0,0,2004,1,5
203548,Elias,Harris,,Gonzaga,Germany,80,239,0,1,0,-1,-1,-1
203914,Gary,Harris,,,,,,,,,,,
196294112,Hyrum,Harris,,,,,,,,,,,
1630223,Jalen,Harris,,Nevada,USA,77,195,1,0,0,2020,2,59
203925,Joe,Harris,,Virginia,USA,78,220,1,1,0,2014,2,33
1630284,Kevon,Harris,,Stephen F. Austin,USA,77,216,1,0,0,,,
446,Lucious,Harris,,Long Beach State,USA,77,205,1,0,0,1993,2,28
202412,Manny,Harris,,Michigan,USA,77,185,1,0,0,-1,-1,-1
200839,Mike,Harris,,Rice,USA,78,235,0,1,0,-1,-1,-1
76960,Steve,Harris,,Tulsa,USA,77,195,1,0,0,1985,1,19
202227,Terrel,Harris,,Oklahoma State,USA,76,190,1,0,0,-1,-1,-1
202699,Tobias,Harris,,,,,,FALSE,FALSE,FALSE,,,
76961,Tony,Harris,,New Orleans,USA,75,190,1,0,0,-1,-1,-1
1626151,Aaron,Harrison,,Kentucky,USA,78,210,1,0,0,-1,-1,-1
1626150,Andrew,Harrison,,Kentucky,USA,78,213,1,0,0,2015,2,44
76962,Bob,Harrison,,Michigan,USA,73,190,1,0,0,1949,,
2758,David,Harrison,,Colorado,USA,84,280,0,0,1,2004,1,29
1627885,Shaquille,Harrison,,Tulsa,USA,76,195,1,0,0,-1,-1,-1
1962937811,Tyrell,Harrison,,,,,,,,,,,
2078,Jason,Hart,,Syracuse,USA,75,180,1,0,0,2000,2,49
1628404,Josh,Hart,,,,,,FALSE,FALSE,FALSE,,,
1628392,Isaiah,Hartenstein,,,,,,FALSE,FALSE,FALSE,,,
176,Antonio,Harvey,,Pfeiffer,USA,83,250,0,1,1,-1,-1,-1
7002,Brett,Harvey,,,,,,,,,,,
2051,Donnell,Harvey,,Florida,USA,80,220,0,1,0,2000,1,22
200825,Matt,Haryasz,,,,,,,,,,,
202238,Kenny,Hasbrouck,,Siena,USA,75,190,1,0,0,-22,-22,-22
321,Scott,Haskin,,Oregon State,USA,83,250,0,1,0,1993,1,14
76965,Clem,Haskins,,Western Kentucky,USA,75,195,1,0,0,1967,1,3
2617,Udonis,Haslem,,Florida,USA,79,235,0,1,0,-1,-1,-1
202912,Frank,Hassell,,,,,,,,,,,
2239,Trenton,Hassell,,Austin Peay,USA,77,227,1,1,0,2001,2,29
76967,Billy,Hassett,,Notre Dame,USA,70,180,1,0,0,-1,-1,-1
76966,Joey,Hassett,,Providence,USA,77,180,1,0,0,1977,3,52
76968,Scott,Hastings,,Arkansas,USA,82,235,0,1,0,1982,2,29
2213,Kirk,Haston,,Indiana,USA,81,242,0,1,0,2001,1,16
2618,Marcus,Hatten,,,,,,,,,,,
76969,Vern,Hatton,,Kentucky,USA,75,195,1,0,0,1958,2,9
40069,Nikos,Hatzivrettas,,,,,,,,,,,
1641792,Joey,Hauser,,,USA,,,0,0,0,-22,-22,-22
1630573,Sam,Hauser,,,,,,FALSE,FALSE,FALSE,,,
1962937937,Lucas,Hausman,,,,,,,,,,,
76970,John,Havlicek,,Ohio State,USA,77,203,0,1,0,1962,1,7
201150,Spencer,Hawes,,Washington,USA,85,245,0,1,1,2007,1,10
76971,Steve,Hawes,,Washington,USA,81,220,0,0,1,1972,2,24
76972,Connie,Hawkins,,Iowa,USA,80,210,0,1,0,-1,-1,-1
1626186,Corey,Hawkins,,,,,,,,,,,
2835,David,Hawkins,,,,,,,,,,,
6002,David,Hawkins,,,,,,,,,,,
541,Hawkins,Hawkins,,,,,,,,,,,
765,Hersey,Hawkins,,Bradley,USA,75,200,1,0,0,1988,1,6
1641722,Jordan,Hawkins,,,,,,,,,,,
1038,Juaquin,Hawkins,,Long Beach State,USA,79,205,0,1,0,-1,-1,-1
76974,Marshall,Hawkins,,Tennessee,USA,75,205,0,1,0,1948,,
1138,Michael,Hawkins,,Xavier,USA,72,178,1,0,0,-1,-1,-1
76975,Robert,Hawkins,,Illinois State,USA,76,190,1,0,0,1975,3,51
76977,Tom,Hawkins,,Notre Dame,USA,77,210,0,1,0,1959,1,3
76978,Nate,Hawthorne,,Southern Illinois,USA,76,190,1,0,0,1973,7,118
101236,Chuck,Hayes,,Kentucky,USA,78,240,0,1,1,-1,-1,-1
76979,Elvin,Hayes,,Houston,USA,81,235,0,1,0,1968,1,1
2553,Jarvis,Hayes,,Georgia,USA,80,228,0,1,0,2003,1,10
1629637,Jaxson,Hayes,,,,,,,,,,,
1630165,Killian,Hayes,,,,,,,,,,,
76980,Steve,Hayes,,Idaho State,USA,84,205,0,0,1,1977,4,76
1628502,Nigel,Hayes-Davis,,Wisconsin,USA,79,254,0,1,0,,,
43182,Marquez,Haynes,,,,,,0,0,0,,,
202330,Gordon,Hayward,,Butler,USA,79,225,0,1,0,2010,1,9
202351,Lazar,Hayward,,Marquette,USA,78,225,0,1,0,2010,1,30
2217,Brendan,Haywood,,North Carolina,USA,84,263,0,0,1,2001,1,20
76981,Spencer,Haywood,,Detroit,USA,80,225,0,1,0,1971,2,30
76982,John W.,Hazen,,Indiana State,USA,74,172,1,0,0,-1,-1,-1
76983,Walt,Hazzard,,UCLA,USA,74,185,1,0,0,1964,,
101129,Luther,Head,,Illinois,USA,75,185,1,0,0,2005,1,24
1049,Shane,Heal,,Sydney Kings,Australia,72,180,1,0,0,-1,-1,-1
76984,Brian,Heaney,,Acadia (CAN),USA,74,180,1,0,0,1969,19,215
76985,Garfield,Heard,,Oklahoma,USA,78,219,0,1,0,1970,3,40
203687,Reggie,Hearn,,Northwestern,USA,77,210,1,0,0,2013,0,0
201635,Brandon,Heath,,,,,,,,,,,
76986,Herm,Hedderick,,Canisius,USA,77,170,1,0,0,-22,-22,-22
76987,Alvin,Heggs,,Texas,USA,80,225,0,1,0,-1,-1,-1
1641972,Max,Heidegger,,,USA,,,0,0,0,-22,-22,-22
76988,Tom,Heinsohn,,Holy Cross,USA,79,218,0,1,0,1956,,
76989,Dick,Hemric,,Wake Forest,USA,78,220,0,1,0,1955,2,10
673,Alan,Henderson,,Indiana,USA,81,240,0,1,1,1995,1,16
1538,Cedric,Henderson,,Memphis,USA,79,225,0,1,0,1997,2,44
76990,Cedric,Henderson,,Georgia,USA,80,210,0,1,0,1986,2,32
76991,Dave,Henderson,,Duke,USA,77,195,1,0,0,1986,3,58
201945,Gerald,Henderson,,Duke,USA,77,215,1,0,0,2009,1,12
76993,Gerald,Henderson,,Virginia Commonwealth,USA,74,175,1,0,0,1978,3,64
1764,J.R.,Henderson,,UCLA,USA,80,233,0,1,0,1998,2,56
76992,Jerome,Henderson,,New Mexico,USA,83,230,0,1,0,-1,-1,-1
76994,Kevin,Henderson,,California State-Fullerton,USA,76,195,1,0,0,1986,3,50
1626289,Marshall,Henderson,,,,,,,,,,,
1630703,Scoot,Henderson,,,,,,FALSE,FALSE,FALSE,,,
1628516,Terry,Henderson,,,,,,,,,,,
76996,Tom,Henderson,,Hawaii,USA,75,190,1,0,0,1974,1,7
1641707,Taylor,Hendricks,,,,,,FALSE,FALSE,FALSE,,,
971,Mark,Hendrickson,,Washington State,USA,81,220,0,1,0,1996,2,31
201613,Richard,Hendrix,,,,,,,,,,,
56044,Richard,Hendrix,,,,,,,,,,,
27012,Yifeng,Heng,,,,,,,,,,,
64138,Yifeng,Heng,,,,,,,,,,,
76998,Larry,Hennessy,,Villanova,USA,75,185,1,0,0,1953,2,
76999,Don,Henriksen,,California,USA,79,225,0,1,0,-1,-1,-1
1630565,Aaron,Henry,,Michigan State,USA,77,210,0,1,0,-1,-1,-1
77000,Al,Henry,,Wisconsin,USA,81,190,0,0,1,1970,1,12
77004,Bill,Henry,,Rice,USA,81,215,0,0,1,-1,-1,-1
77001,Carl,Henry,,Kansas,USA,78,205,1,0,0,1984,4,80
77002,Conner,Henry,,California-Santa Barbara,USA,79,195,1,0,0,1986,4,89
1627988,Myke,Henry,,DePaul,USA,78,210,0,1,0,2016,,
1966938184,Sek,Henry,,,,,,,,,,,
77003,Skeeter,Henry,,Oklahoma,USA,79,190,1,0,0,-1,-1,-1
202333,Xavier,Henry,,Kansas,USA,78,220,1,1,0,2010,1,12
203089,John,Henson,,North Carolina,USA,81,219,0,1,1,2012,1,14
1667,Steve,Henson,,Kansas State,USA,73,180,1,0,0,1990,2,44
1628176,LaDontae,Henton,,,,,,,,,,,
1642935,Chucky,Hepburn,,Louisville,USA,72,190,1,0,0,,,
196295095,Philipp,Herkenhoff,,,,,,0,0,0,,,
77006,Bill,Herman,,Mount Union,USA,75,170,1,0,0,-1,-1,-1
77007,Clarence,Hermsen,,Minnesota,USA,81,225,0,0,1,-1,-1,-1
1629608,Dewan,Hernandez,,Miami,USA,82,235,0,1,1,2019,2,59
43235,Hector,Hernandez,,,,,,,,,,,
1962937079,Guillermo,Hernangomez,,,,,,,,,,,
56053,Guillermo,Hernangomez,,,,,,,,,,,
1627823,Juancho,Hernangomez,,Estudiantes,Spain,81,214,0,0,0,2016,1,15
1626195,Willy,Hernangomez,,Cajasol Sevilla,Spain,83,250,0,1,1,2015,2,35
1914,Chris,Herren,,Fresno State,USA,74,190,1,0,0,1999,2,33
61,Carl,Herrera,,Houston,USA,81,225,0,1,0,1990,2,30
200835,Walter,Herrmann,,Malaga,Argentina,81,225,0,1,0,-1,-1,-1
43210,Walter,Herrmann,,,,,,0,0,0,,,
1629639,Tyler,Herro,,,,,,FALSE,FALSE,FALSE,,,
77010,Keith,Herron,,Villanova,USA,78,195,1,0,0,1978,2,24
578,Baris,Hersek,,,,,,,,,,,
77011,Sidney,Hertzberg,,City College of New York,USA,70,175,1,0,0,-1,-1,-1
40048,Axel,Hervelle,,,,,,,,,,,
41535,Axel,Hervelle,,,,,,,,,,,
42554,Axel,Hervelle,,,,,,,,,,,
1628987,Kevin,Hervey,,Texas-Arlington,USA,81,230,0,1,0,2018,2,57
204029,Brady,Heslip,,,,,,,,,,,
1966938139,Rafael,Hettsheimeir,,,,,,0,0,1,,,
77012,Fred,Hetzel,,Davidson,USA,80,220,0,1,0,1965,1,1
77013,Bill,Hewitt,,Southern California,USA,79,210,0,1,0,1968,1,11
77014,Jack,Hewson,,Temple,USA,78,195,0,1,0,1947,,
77015,Art,Heyman,,Duke,USA,77,205,1,0,0,1963,1,1
1626209,Mario,Hezonja,,FC Barcelona,Croatia,80,220,1,1,0,2015,1,5
196294537,Mario,Hezonja,,,,,,,,,,,
56024,Mario,Hezonja,,,,,,,,,,,
201579,Roy,Hibbert,,Georgetown,USA,86,270,0,0,1,2008,1,17
43236,Leroy,Hickerson,,,,,,,,,,,
77016,Matthew,Hickey,,Hoboken HS (NJ),USA,71,180,1,0,0,-1,-1,-1
43301,Richard,Hickman Jr.,,,,,,0,0,0,,,
1628439,Isaiah,Hicks,,North Carolina,USA,81,230,0,1,0,-1,-1,-1
77017,Phil,Hicks,,Tulane,USA,79,205,0,1,0,1976,2,27
201581,JJ,Hickson,,North Carolina State,USA,81,242,0,1,1,2008,1,19
1627741,Buddy,Hield,,,,,,,,,,,
202809,Cory,Higgins,,Colorado,USA,77,180,1,0,0,-1,-1,-1
1848,Mike,Higgins,,Northern Colorado,USA,81,220,0,1,0,-1,-1,-1
77019,Rod,Higgins,,Fresno State,USA,79,200,0,1,0,1982,2,31
925,Sean,Higgins,,Michigan,USA,81,215,0,1,0,1990,2,54
77021,Kenny,Higgs,,Louisiana State,USA,72,180,1,0,0,-1,-1,-1
77022,Johnny,High,,Nevada,USA,75,185,1,0,0,1979,2,24
1629312,Haywood,Highsmith,,,,,,,,,,,
77023,Wayne,Hightower,,Kansas,USA,80,192,0,1,0,1962,1,5
2403,Nene,Hilario,,Vasco de Gama,Brazil,83,250,0,0,0,2002,1,7
1629759,Ahmed,Hill,,,,,,,,,,,
77024,Armond,Hill,,Princeton,USA,76,190,1,0,0,1976,1,9
77025,Cleo,Hill,,Winston-Salem State,USA,73,185,1,0,0,1961,1,8
77026,Gary,Hill,,Oklahoma City,USA,76,185,1,0,0,1963,2,11
201588,George,Hill,,Indiana-Purdue Indianapolis,USA,76,188,1,0,0,2008,1,26
255,Grant,Hill,,Duke,USA,80,225,0,1,0,1994,1,3
201195,Herbert,Hill,,Providence,USA,82,240,0,1,1,2007,2,55
201941,Jordan,Hill,,Arizona,USA,82,240,0,1,1,2009,1,8
202797,Lawrence,Hill,,,,,,,,,,,
1630792,Malcolm,Hill,,Illinois,USA,78,220,0,1,0,,,
203524,Solomon,Hill,,Arizona,USA,78,226,0,1,0,2013,1,23
201631,Steven,Hill,,Arkansas,USA,84,245,0,0,0,-22,-22,-22
238,Tyrone,Hill,,Xavier,USA,81,250,0,1,0,1990,1,11
196294086,Daniel,Hillel,,,,,,,,,,,
77027,Art,Hillhouse,,Long Island-Brooklyn,USA,79,220,0,0,1,-22,-22,-22
1626199,Darrun,Hilliard,,Villanova,USA,78,220,1,0,0,2015,2,38
77028,Darnell,Hillman,,San Jose State,USA,81,215,0,1,0,1971,1,8
77029,Fred,Hilton,,Grambling,USA,75,185,1,0,0,1971,2,19
42576,Kyle,Hines,,,,,,,,,,,
2550,Kirk,Hinrich,,Kansas,USA,76,190,1,0,0,2003,1,7
1642396,Blake,Hinson,,,,,,,,,,,
77030,Roy,Hinson,,Rutgers,USA,81,210,0,0,1,1983,1,20
1629609,Amir,Hinton,,,,,,,,,,,
1630207,Nate,Hinton,,Houston,USA,77,210,1,1,0,,,
64035,Greg,Hire,,,,,,,,,,,
77031,Mel,Hirsch,,Brooklyn,USA,66,165,1,0,0,-1,-1,-1
77032,Lew,Hitch,,Kansas State,USA,80,200,0,1,0,1951,2,19
200823,Robert,Hite,,Miami,USA,74,184,1,0,0,-1,-1,-1
1629658,Jaylen,Hoard,,Wake Forest,France,80,216,0,1,0,-1,-1,-1
202359,Darington,Hobson,,New Mexico,USA,79,210,1,0,0,2010,2,37
1641793,D'Moi,Hodge,,Missouri,British Virgin Islands,75,188,0,0,0,-22,-22,-22
1106,Donald,Hodge,,Temple,USA,84,230,0,1,0,1991,2,33
101125,Julius,Hodge,,North Carolina State,USA,79,210,1,0,0,2005,1,20
77034,Craig,Hodges,,Long Beach State,USA,74,190,1,0,0,1982,3,48
77035,Adolph,Hoefer,,Queens,USA,69,158,1,0,0,-1,-1,-1
77036,"Bear, The Body",Hoffman,,Purdue,USA,74,195,1,0,0,1947,,
77037,Bob,Hogsett,,Tennessee,USA,79,230,0,1,0,-22,-22,-22
77038,Paul,Hogue,,Cincinnati,USA,81,240,0,0,1,1962,1,2
697,Fred,Hoiberg,,Iowa State,USA,77,210,1,0,0,1995,2,52
77039,Doug,Holcomb,,Wisconsin,USA,76,200,0,1,0,-1,-1,-1
2450,Randy,Holcomb,,San Diego State,USA,81,220,0,0,0,2002,2,56
526,Holden,Holden,,,,,,,,,,,
416498,J.R.,Holden,,,,,,,,,,,
1628988,Aaron,Holiday,,,,,,,,,,,
201950,Jrue,Holiday,,,,,,FALSE,FALSE,FALSE,,,
203200,Justin,Holiday,,Washington,USA,78,180,1,1,0,,,
77040,Brad,Holland,,UCLA,USA,75,180,1,0,0,1979,1,14
77041,Joe,Holland,,Kentucky,USA,76,185,0,1,0,1948,,
204066,John,Holland,,Boston University,USA,77,205,0,0,0,-22,-22,-22
77042,Wilbur,Holland,,New Orleans,USA,72,175,1,0,0,1975,5,75
1641842,Ronald,Holland II,,,,,,,,,,,
77043,Lionel,Hollins,,Arizona State,USA,75,185,1,0,0,1975,1,6
200797,Ryan,Hollins,,UCLA,USA,84,240,0,0,0,2006,2,50
77044,Essie,Hollis,,St. Bonaventure,USA,78,195,0,1,0,1977,2,44
1626178,Rondae,Hollis-Jefferson,,Arizona,USA,78,217,0,1,0,2015,1,23
1629689,Aric,Holman,,,USA,,,0,0,0,-22,-22,-22
1626182,Jonathan,Holmes,,,,,,,,,,,
1626158,Richaun,Holmes,,Bowling Green,USA,81,235,0,0,1,2015,2,37
1641747,DaRon,Holmes II,,,,,,,,,,,
1631096,Chet,Holmgren,,,,,,FALSE,FALSE,FALSE,,,
77045,Jim,Holstein,,Cincinnati,USA,75,180,0,1,0,1952,,
77046,Alvin,Holt,,Jackson State,USA,79,210,0,1,0,-22,-22,-22
1962937808,Stephen,Holt,,,,,,0,0,0,,,
204071,Stephen,Holt,,,,,,,,,,,
196294087,Jonathan,Holton,,,,,,,,,,,
77047,Michael,Holton,,UCLA,USA,76,185,1,0,0,1983,3,53
77048,Dick,Holub,,Long Island-Brooklyn,USA,78,205,0,0,1,1947,1,5
77049,Joe,Holup,,George Washington,USA,78,215,0,1,0,1956,1,5
1626261,Michael,Holyfield,,,,,,,,,,,
77050,Red,Holzman,,City College of New York,USA,70,175,1,0,0,-1,-1,-1
201243,Jared,Homan,,,,,,,,,,,
1630258,Caleb,Homesley,,Liberty,USA,78,205,1,0,0,-1,-1,-1
1629756,Daulton,Hommes,,,USA,,,0,0,0,-22,-22,-22
1532,Jerald,Honeycutt,,Tulane,USA,81,254,1,1,0,1997,2,38
202715,Tyler,Honeycutt,,UCLA,USA,80,188,0,1,0,2011,2,35
200852,Antoine,Hood,,,,,,,,,,,
1967,Derek,Hood,,Arkansas,USA,80,222,0,1,0,-1,-1,-1
203918,Rodney,Hood,,Duke,USA,80,208,1,1,0,2014,1,23
1641720,Jalen,Hood-Schifino,,Indiana,USA,77,210,1,0,0,2023,1,17
27027,Peter,Hooley,,,,,,,,,,,
64020,Peter,Hooley,,,,,,,,,,,
77051,Tom,Hoover,,Villanova,USA,81,230,0,0,1,1963,1,6
77052,Bob,Hopkins,,Grambling,USA,80,205,0,0,1,1956,10,75
77053,Dave,Hoppen,,Nebraska,USA,83,235,0,0,1,1986,3,65
77054,Dennis,Hopson,,Ohio State,USA,77,200,0,1,0,1987,1,3
203816,Scotty,Hopson,,Tennessee,USA,79,204,1,1,0,2011,0,0
77055,Johnny,Horan,,Dayton,USA,80,190,0,1,0,1955,1,6
77056,Cedrick,Hordges,,South Carolina,USA,80,220,0,0,1,1979,3,49
201143,Al,Horford,,,,,,,,,,,
1626281,Jon,Horford,,,,,,,,,,,
77057,Tito,Horford,,Miami,USA,85,245,0,0,1,1988,2,39
77058,Ron,Horn,,Indiana,USA,79,220,0,1,0,1961,2,16
204,Jeff,Hornacek,,Iowa State,USA,76,190,1,0,0,1986,2,46
202862,Dennis,Horner,,North Carolina State,USA,81,230,0,1,0,-1,-1,-1
1627867,Keith,Hornsby,,,,,,,,,,,
109,Robert,Horry,,Alabama,USA,82,240,0,1,1,1992,1,11
200812,Daniel,Horton,,,,,,,,,,,
77060,Ed,Horton,,Iowa,USA,80,230,0,0,1,1989,2,39
1629659,Talen,Horton-Tucker,,Iowa State,USA,76,234,1,0,0,2019,2,46
77061,Wilmer,Hosket,,Ohio State,USA,79,225,0,1,0,1968,1,10
77062,Bob,Houbregs,,Washington,USA,80,210,0,0,1,1953,1,2
2067,Eddie,House,,Arizona State,USA,73,190,1,0,0,2000,2,37
1627863,Danuel,House Jr.,,Texas A&M,USA,78,220,1,1,0,-1,-1,-1
1631216,Caleb,Houstan,,,,,,,,,,,
275,Allan,Houston,,Tennessee,USA,78,200,1,0,0,1993,1,11
780,Byron,Houston,,Oklahoma State,USA,77,250,0,1,0,1992,1,27
77064,Tom,Hovasse,,Penn State,USA,80,205,0,1,0,-1,-1,-1
77065,Brian,Howard,,North Carolina State,USA,78,204,0,1,0,-1,-1,-1
2730,Dwight,Howard,,SW Atlanta Christian Academy (GA),USA,82,265,0,1,1,2004,1,1
77066,Greg,Howard,,New Mexico,USA,81,215,0,1,0,1970,1,10
1641724,Jett,Howard,,,,,,,,,,,
2572,Josh,Howard,,Wake Forest,USA,79,210,1,1,0,2003,1,29
436,Juwan,Howard,,Michigan,USA,81,250,0,1,0,1994,1,5
1630210,Markus,Howard,,Marquette,USA,70,175,1,0,0,-1,-1,-1
77067,Mo,Howard,,Maryland,USA,74,170,1,0,0,1976,2,32
77069,Otis,Howard,,Austin Peay,USA,79,220,0,1,0,1978,4,80
201351,Ron,Howard,,,,,,,,,,,
1128,Stephen,Howard,,DePaul,USA,81,245,0,1,0,-1,-1,-1
1629739,William,Howard,,Limoges,France,80,207,1,1,0,-1,-1,-1
77070,Bailey,Howell,,Mississippi State,USA,79,210,0,1,0,1959,1,2
203494,Richard,Howell,,,,,,,,,,,
196295526,Zhang,Huafei,,,,,,,,,,,
77072,Bob,Hubbard,,Springfield,USA,78,215,0,0,1,1947,,
201647,Marcus,Hubbard,,,,,,,,,,,
77071,Phil,Hubbard,,Michigan,USA,80,215,0,1,0,1979,1,15
27034,Roi,Huber,,,,,,,,,,,
1631309,Trevor,Hudgins,,Northwest Missouri St.,USA,72,180,1,0,0,-22,-22,-22
201991,Lester,Hudson,,Tennessee-Martin,USA,75,190,1,0,0,2009,2,58
77074,Lou,Hudson,,Minnesota,USA,77,210,0,1,0,1966,1,4
1607,Troy,Hudson,,Southern Illinois,USA,73,178,1,0,0,-1,-1,-1
11249,Marcelinho,Huertas,,,,,,,,,,,
56016,Marcelinho,Huertas,,,,,,,,,,,
1626273,Marcelo,Huertas,,FC Barcelona,Brazil,75,200,1,0,0,-1,-1,-1
1628989,Kevin,Huerter,,,,,,FALSE,FALSE,FALSE,,,
203962,Josh,Huestis,,Stanford,USA,79,230,1,0,0,2014,1,29
1630643,Jay,Huff,,,,,,,,,,,
1572,Nate,Huffman,,Central Michigan,USA,85,245,0,0,1,-1,-1,-1
77076,Alfredrick,Hughes,,Loyola-Chicago,USA,77,215,0,1,0,1985,1,14
77077,Eddie,Hughes,,Colorado State,USA,70,165,1,0,0,1982,7,140
1630190,Elijah,Hughes,,Syracuse,USA,77,215,1,0,0,2020,2,39
77078,Kim,Hughes,,Wisconsin,USA,83,220,0,0,1,1974,3,45
1716,Larry,Hughes,,St. Louis,USA,77,185,1,0,0,1998,1,8
1965,Rick,Hughes,,Thomas More,USA,81,235,0,1,0,-1,-1,-1
1630574,Ariel,Hukporti,,,,,,,,,,,
203133,Robbie,Hummel,,Purdue,USA,81,219,0,1,0,2012,2,58
77080,John,Hummer,,Princeton,USA,81,230,0,1,0,1970,1,15
2415,Ryan,Humphrey,,Notre Dame,USA,80,235,0,1,0,2002,1,19
1629353,Isaac,Humphries,,Kentucky,Australia,84,260,0,0,1,2017,,
55374,Issac,Humphries,,,,,,,,,,,
77081,Jay,Humphries,,Colorado,USA,75,185,1,0,0,1984,1,13
2743,Kris,Humphries,,Minnesota,USA,81,235,0,1,0,2004,1,14
77082,Rod,Hundley,,West Virginia,USA,76,185,1,0,0,1957,1,1
1630624,Feron,Hunt,,Southern Methodist,USA,80,195,0,1,0,-1,-1,-1
2599,Brandon,Hunter,,Ohio,USA,79,266,0,1,0,2003,2,56
77083,Cedric,Hunter,,Kansas,USA,72,180,0,1,0,-1,-1,-1
201805,Chris,Hunter,,Michigan,USA,83,240,0,1,1,-1,-1,-1
1629631,De'Andre,Hunter,,,,,,,,,,,
2111,Jimmie,Hunter,,,,,,,,,,,
196295505,Jordan,Hunter,,,,,,0,0,0,,,
77084,Les,Hunter,,Loyola-Chicago,USA,79,210,0,1,0,1964,2,9
283,Lindsey,Hunter,,Jackson State,USA,74,195,1,0,0,1993,1,10
201629,Othello,Hunter,,Ohio State,USA,80,225,0,1,0,-1,-1,-1
1626154,RJ,Hunter,,Georgia State,USA,77,185,1,0,0,2015,1,28
2212,Steven,Hunter,,DePaul,USA,84,240,0,0,1,2001,1,15
1626205,Vincent,Hunter,,Texas-El Paso,USA,80,208,0,1,0,-1,-1,-1
1643047,CJ,Huntley,,,,,,,,,,,
310,Bobby,Hurley,,Duke,USA,72,165,1,0,0,1993,1,7
77086,Roy,Hurley,,Murray State,USA,74,170,0,1,0,-1,-1,-1
1630562,Matthew,Hurt,,Duke,USA,81,233,0,1,0,-1,-1,-1
77087,Geoff,Huston,,Texas Tech,USA,74,175,1,0,0,1979,3,50
77088,Paul,Huston,,Ohio State,USA,75,175,0,0,0,1947,1,8
77089,Mel,Hutchins,,Brigham Young,USA,78,200,0,1,0,1951,1,2
1628990,Chandler,Hutchison,,Boise State,USA,78,210,1,1,0,2018,1,22
591,Andre,Hutson,,,,,,,,,,,
77090,Joe,Hutton,,Hamline,USA,73,170,1,0,0,1950,7,
77091,Greg,Hyder,,Eastern New Mexico,USA,78,215,0,1,0,1970,3,39
1630538,Bones,Hyland,,,,,,,,,,,
77092,Marc,Iavaroni,,Virginia,USA,82,210,0,1,0,1978,3,55
201586,Serge,Ibaka,,Ricoh Manresa,DR Congo,82,235,0,0,0,2008,1,24
56082,Yassin,Idbihi,,,,,,,,,,,
1642345,Oso,Ighodaro,,,,,,FALSE,FALSE,FALSE,,,
2738,Andre,Iguodala,,Arizona,USA,78,215,1,1,0,2004,1,9
980,Zydrunas,Ilgauskas,,Atletas Kaunas,Lithuania,87,260,0,0,1,1996,1,20
196295490,Shea,Ili,,,,,,0,0,0,,,
64078,Shea,Ili,,,,,,,,,,,
101148,Mile,Ilic,,FMP,Serbia,85,255,0,0,1,2005,2,43
542,Ilievski,Ilievski,,,,,,,,,,,
101141,Ersan,Ilyasova,,FC Barcelona,Turkey,81,235,0,1,0,2005,2,36
77093,Darrall,Imhoff,,California,USA,82,220,0,0,1,1960,1,3
77094,Tom,Ingelsby,,Villanova,USA,75,180,1,0,0,1973,2,27
204060,Joe,Ingles,,,,,,,,,,,
56022,Joe,Ingles,,,,,,,,,,,
203996,Damien,Inglis,,Chorale Roanne,France,80,246,0,1,0,2014,2,31
201281,Andre,Ingram,,American University,USA,75,190,1,0,0,-1,-1,-1
1627742,Brandon,Ingram,,,,,,,,,,,
1631127,Harrison,Ingram,,,,,,,,,,,
77095,Joel,Ingram,,Jackson State,USA,72,210,0,1,0,-22,-22,-22
196294113,Fiston,Ipassou,,,,,,,,,,,
1628528,Ike,Iroegbu,,,,,,,,,,,
77096,Byron,Irvin,,Missouri,USA,77,190,1,0,0,1989,1,22
202681,Kyrie,Irving,,,,,,,,,,,
1628371,Jonathan,Isaac,,,,,,,,,,,
196295057,Kaia,Isaac,,,,,,,,,,,
77097,Dan,Issel,,Kentucky,USA,81,235,0,0,1,1970,8,122
77098,Mike,Iuzzolino,,St. Francis (PA),USA,70,175,1,0,0,1991,2,35
947,Allen,Iverson,,Georgetown,USA,72,165,1,0,0,1996,1,1
1631093,Jaden,Ivey,,,,,,,,,,,
2767,Royal,Ivey,,Texas,USA,76,200,1,0,0,2004,2,37
1628411,Wes,Iwundu,,Kansas State,USA,78,195,0,1,0,2017,2,33
6003,Ibrahim,Jaaber,,,,,,,,,,,
101127,Jarrett,Jack,,Georgia Tech,USA,75,200,1,0,0,2005,1,22
1627292,Kadeem,Jack,,,,,,,,,,,
1628935,Aaron,Jackson,,Duquesne,USA,75,183,1,0,0,-1,-1,-1
42577,Aaron,Jackson,,,,,,,,,,,
64110,Aaron Lee,Jackson,,,,,,,,,,,
77099,Al,Jackson,,Wilberforce,USA,73,185,1,0,0,-1,-1,-1
1517,Bobby,Jackson,,Minnesota,USA,73,185,1,0,0,1997,1,23
202132,Cedric,Jackson,,Cleveland State,USA,75,190,1,0,0,-1,-1,-1
201616,Darnell,Jackson,,Kansas,USA,81,253,0,1,0,2008,2,52
1966938141,David,Jackson,,,,,,1,0,0,,,
2683,David,Jackson,,,,,,,,,,,
1627743,Demetrius,Jackson,,Notre Dame,USA,73,201,1,0,0,2016,2,45
1628402,Frank,Jackson,,Duke,USA,75,205,1,0,0,2017,2,31
1641713,GG,Jackson,,,,,,FALSE,FALSE,FALSE,,,
77101,Greg,Jackson,,Guilford,USA,72,180,1,0,0,1974,5,86
1630543,Isaiah,Jackson,,,,,,,,,,,
1114,Jaren,Jackson,,Georgetown,USA,78,225,1,0,0,-1,-1,-1
1983,Jermaine,Jackson,,Detroit,USA,77,204,1,0,0,-1,-1,-1
754,Jim,Jackson,,Ohio State,USA,78,220,1,1,0,1992,1,4
204061,Joe,Jackson,,,,,,,,,,,
1628367,Josh,Jackson,,Kansas,USA,80,207,1,1,0,2017,1,4
1628382,Justin,Jackson,,North Carolina,USA,80,220,0,0,0,2017,1,15
77103,Lucious,Jackson,,Texas-Pan American,USA,81,240,0,1,0,1964,1,4
2739,Luke,Jackson,,Oregon,USA,79,215,1,1,0,2004,1,10
1531,Marc,Jackson,,Temple,USA,82,253,0,1,0,1997,2,37
349,Mark,Jackson,,St. John's (NY),USA,75,195,1,0,0,1987,1,18
77104,Michael,Jackson,,Georgetown,USA,74,183,1,0,0,1986,2,47
77105,Myron,Jackson,,Arkansas-Little Rock,USA,75,185,1,0,0,1986,4,85
77106,Phil,Jackson,,North Dakota,USA,80,220,0,1,0,1967,2,17
203510,Pierre,Jackson,,Baylor,USA,70,180,1,0,0,2013,2,42
1631245,Quenton,Jackson,,,,,,FALSE,FALSE,FALSE,,,
77107,Ralph,Jackson,,UCLA,USA,74,190,1,0,0,1984,4,71
1872,Randell,Jackson,,Florida State,USA,83,215,0,1,0,1999,,
202704,Reggie,Jackson,,Boston College,USA,74,208,1,0,0,2011,1,24
77109,Stanley,Jackson,,Alabama-Birmingham,USA,75,185,1,0,0,-22,-22,-22
1536,Stephen,Jackson,,Butler C.C. (KS),USA,80,220,1,1,0,1997,2,42
77100,Tony,Jackson,,Florida State,USA,72,170,1,0,0,1980,4,87
77110,Tracy,Jackson,,Notre Dame,USA,78,205,1,0,0,1981,2,25
77111,Wardell,Jackson,,Ohio State,USA,79,200,0,1,0,1974,6,98
1641748,Andre,Jackson Jr.,,,,,,FALSE,FALSE,FALSE,,,
1628991,Jaren,Jackson Jr.,,,,,,,,,,,
196294570,Parker,Jackson-Cartwright,,,,,,1,0,0,,,
196295058,Parker,Jackson-Cartwright,,,,,,0,0,0,,,
1631218,Trayce,Jackson-Davis,,,,,,,,,,,
1627829,Julian,Jacobs,,,,,,,,,,,
77112,Winfred,Jacobs,,Denver,USA,75,175,0,1,0,-1,-1,-1
2418,Casey,Jacobsen,,Stanford,USA,78,215,1,0,0,2002,1,22
1734,Sam,Jacobson,,Minnesota,USA,76,219,1,0,0,1998,1,26
1642857,Kasparas,Jakucionis,,,,,,,,,,,
196295099,Karim,Jallow,,,,,,,,,,,
77114,Dave,Jamerson,,Ohio,USA,77,190,1,0,0,1990,1,15
77115,Aaron,James,,Grambling,USA,80,210,0,1,0,1974,2,28
203108,Bernard,James,,Florida State,USA,82,235,0,0,1,2012,2,33
1642355,Bronny,James,,,,,,,,,,,
202345,Damion,James,,Texas,USA,79,225,0,1,0,2010,1,24
77116,Gene,James,,Marshall,USA,76,180,0,1,0,-1,-1,-1
1080,Henry,James,,St. Mary's (TX),USA,80,220,0,1,0,-1,-1,-1
1744,Jerome,James,,Florida A&M,USA,85,285,0,0,1,1998,2,36
1629713,Justin,James,,Wyoming,USA,79,190,1,1,0,2019,2,40
2544,LeBron,James,,,,,,FALSE,FALSE,FALSE,,,
1628455,Mike,James,,Lamar,USA,73,175,1,0,0,-1,-1,-1
2229,Mike,James,,Duquesne,USA,74,188,1,0,0,-1,-1,-1
1642883,Sion,James,,,,,,,,,,,
1906,Tim,James,,Miami,USA,79,214,0,1,0,1999,1,25
1712,Antawn,Jamison,,North Carolina,USA,81,235,0,0,0,1998,1,4
1942,Harold,Jamison,,Clemson,USA,81,269,0,1,0,-1,-1,-1
77120,John,Janisch,,Valparaiso,USA,75,200,0,0,0,-22,-22,-22
1627841,Stefan,Jankovic,,,,,,,,,,,
40086,Paulius,Jankunas,,,,,,,,,,,
202394,Matt,Janning,,,,,,,,,,,
56067,Matt,Janning,,,,,,,,,,,
77122,Howie,Janotta,,Seton Hall,USA,75,185,0,1,0,-1,-1,-1
1631170,Jaime,Jaquez Jr.,,,,,,,,,,,
2060,Marko,Jaric,,Virtus Bologna,Serbia,79,224,1,0,0,2000,2,30
77123,Tony,Jaros,,Minnesota,USA,75,185,0,1,0,-1,-1,-1
1630610,DeJon,Jarreau,,,,,,,,,,,
555,Jasaitis,Jasaitis,,,,,,,,,,,
40020,Hernan Emilio,Jasen,,,,,,,,,,,
101180,Sarunas,Jasikevicius,,Maryland,Lithuania,76,197,1,0,0,-1,-1,-1
56019,Sarunas,Jasikevicus,,,,,,,,,,,
196294610,Gabriel,Jau,,,,,,0,0,1,,,
201605,Nathan,Jawai,,Midland (Texas),Australia,82,280,0,1,0,2008,2,41
56027,Nathan,Jawai,,,,,,,,,,,
203520,Livio,Jean-Charles,,,,,,,,,,,
77125,Buddy,Jeannette,,Washington & Jefferson,USA,71,175,1,0,0,-1,-1,-1
77126,Abdul,Jeelani,,Wisconsin-Parkside,USA,80,210,0,1,0,-1,-1,-1
2423,Chris,Jefferies,,Fresno State,USA,80,230,0,1,0,2002,1,27
201785,Othyus,Jeffers,,Robert Morris-Chicago,USA,77,210,1,1,0,-1,-1,-1
2744,Al,Jefferson,,No College,USA,82,280,0,0,1,2004,1,15
1628518,Amile,Jefferson,,Duke,USA,81,222,0,0,0,-22,-22,-22
203928,Cory,Jefferson,,Baylor,USA,81,218,0,1,0,2014,2,60
200971,Dontell,Jefferson,,Arkansas,USA,77,195,1,0,0,-22,-22,-22
2210,Richard,Jefferson,,Arizona,USA,79,233,0,1,0,2001,1,13
1629610,DaQuan,Jeffries,,,,,,,,,,,
1631300,Drake,Jeffries,,,USA,,,,,,-1,-1,-1
2407,Jared,Jeffries,,Indiana,USA,83,240,0,1,0,2002,1,11
1641998,Trey,Jemison III,,,,,,,,,,,
202724,Charles,Jenkins,,Hofstra,USA,75,215,1,0,0,2011,2,44
1642450,Daniss,Jenkins,,,,,,FALSE,FALSE,FALSE,,,
2798,Horace,Jenkins,,William Paterson,USA,73,180,1,0,0,-1,-1,-1
579,Horace,Jenkins,,,,,,,,,,,
203098,John,Jenkins,,Vanderbilt,USA,76,215,1,0,0,2012,1,23
204077,Michael,Jenkins,,,,,,,,,,,
201943,Brandon,Jennings,,Virtus Roma,USA,73,170,1,0,0,2009,1,10
2438,Jason,Jennings,,,,,,,,,,,
24,Keith,Jennings,,East Tennessee State,USA,67,160,1,0,0,-1,-1,-1
196295090,Tobias,Jensen,,,,,,,,,,,
1137,Chris,Jent,,Ohio State,USA,79,220,0,1,0,-1,-1,-1
77129,Les,Jepsen,,Iowa,USA,84,237,1,0,0,1990,2,28
201973,Jonas,Jerebko,,Angelico Biella,Sweden,82,231,0,1,0,2009,2,39
1629660,Ty,Jerome,,,,,,,,,,,
201998,Curtis,Jerrells,,Baylor,USA,73,195,1,0,0,-1,-1,-1
1962937813,Grant,Jerrett,,,,,,,,,,,
203511,Grant,Jerrett,,Arizona,USA,82,232,0,1,0,2013,2,40
27021,Tom,Jervis,,,,,,0,0,0,,,
64039,Tomer,Jervis,,,,,,,,,,,
196295092,Justinian,Jessup,,,,,,0,0,0,,,
200817,Pooh,Jeter,,Portland,USA,71,175,1,0,0,-1,-1,-1
2660,Richard,Jeter,,,,,,,,,,,
1630198,Isaiah,Joe,,,,,,,,,,,
2639,Britton,Johnsen,,Utah,USA,82,210,0,1,0,-1,-1,-1
1642358,AJ,Johnson,,,,,,,,,,,
200792,Alexander,Johnson,,Florida State,USA,81,240,0,1,0,2006,2,45
1628993,Alize,Johnson,,Missouri State,USA,79,212,0,1,0,2018,2,50
101161,Amir,Johnson,,Westchester HS (CA),USA,81,240,0,1,1,2005,2,56
77131,Andy,Johnson,,Portland,USA,77,215,0,1,0,-1,-1,-1
1533,Anthony,Johnson,,College of Charleston,USA,75,195,1,0,0,1997,2,39
202356,Armon,Johnson,,Nevada,USA,75,195,1,0,0,2010,2,34
77132,Arnie,Johnson,,Bemidji State,USA,77,236,0,1,0,-1,-1,-1
2865,Arthur,Johnson,,,,,,,,,,,
422,Avery,Johnson,,Southern,USA,71,185,1,0,0,-1,-1,-1
1629168,BJ,Johnson,,La Salle,USA,79,200,0,0,0,-22,-22,-22
1627744,Brice,Johnson,,North Carolina,USA,82,230,0,1,0,2016,1,25
77130,Buck,Johnson,,Alabama,USA,79,190,0,1,0,1986,1,20
1629661,Cameron,Johnson,,,,,,FALSE,FALSE,FALSE,,,
201291,Carldell,Johnson,,Alabama-Birmingham,USA,70,180,1,0,0,-1,-1,-1
1643052,Chaney,Johnson,,,,,,,,,,,
77133,Charlie,Johnson,,California,USA,72,170,1,0,0,1971,6,93
202419,Chris,Johnson,,Louisiana State,USA,83,210,0,1,0,-1,-1,-1
203187,Chris,Johnson,,University of Dayton,USA,78,206,0,1,0,-1,-1,-1
77135,Clay,Johnson,,Missouri,USA,76,175,1,0,0,1978,5,110
77136,Clemon,Johnson,,Florida A&M,USA,82,240,0,0,1,1978,2,44
1626177,Dakari,Johnson,,Kentucky,USA,84,255,0,0,1,2015,2,48
196294111,Daniel,Johnson,,,,,,0,0,0,,,
64070,Daniel,Johnson,,,,,,,,,,,
683,Darryl,Johnson,,Michigan State,USA,73,170,1,0,0,1987,3,58
77138,Dave,Johnson,,Syracuse,USA,79,210,1,0,0,1992,1,26
1630525,David,Johnson,,Louisville,USA,76,203,1,0,0,2021,2,47
77139,David,Johnson,,Huntington,USA,71,170,1,0,0,-1,-1,-1
1746,DeMarco,Johnson,,North Carolina-Charlotte,USA,81,245,0,1,0,1998,2,38
77141,Dennis,Johnson,,Pepperdine,USA,76,185,1,0,0,1976,2,29
2035,DerMarr,Johnson,,Cincinnati,USA,81,210,1,1,0,2000,1,6
698,Eddie,Johnson,,Illinois,USA,79,215,0,1,0,1981,2,29
77144,Eddie,Johnson,,Auburn,USA,74,180,1,0,0,1977,3,49
77145,Eric,Johnson,,Nebraska,USA,74,205,1,0,0,-22,-22,-22
911,Ervin,Johnson,,New Orleans,USA,83,245,0,0,1,1993,1,23
77146,Frank,Johnson,,Wake Forest,USA,75,185,1,0,0,1981,1,11
77147,George,Johnson,,Stephen F. Austin,USA,83,245,0,0,1,1970,1,9
77148,George,Johnson,,St. John's (NY),USA,79,210,0,1,0,1978,1,12
77149,George,Johnson,,Dillard,USA,83,205,0,0,1,1970,5,79
204080,Geron,Johnson,,,,,,,,,,,
77150,Gus,Johnson,,Idaho,USA,78,230,0,1,0,1963,2,10
77151,Harold,Johnson,,Indiana State,USA,78,240,0,0,0,-22,-22,-22
201274,Ivan,Johnson,,California State-San Bernardino,USA,80,255,0,1,0,-1,-1,-1
202707,JaJuan,Johnson,,Purdue,USA,82,221,0,1,0,2011,1,27
1630552,Jalen,Johnson,,,,,,FALSE,FALSE,FALSE,,,
201949,James,Johnson,,Wake Forest,USA,79,240,0,1,0,2009,1,16
204189,Jaron,Johnson,,,,,,,,,,,
1641881,Javan,Johnson,,,USA,,,0,0,0,-22,-22,-22
1628575,Jaylen,Johnson,,,,,,,,,,,
2207,Joe,Johnson,,Arkansas,USA,79,240,1,1,0,2001,1,10
77152,John,Johnson,,Iowa,USA,79,200,0,1,0,1970,1,7
77153,Kannard,Johnson,,Western Kentucky,USA,81,220,0,1,0,1987,2,41
1629640,Keldon,Johnson,,,,,,,,,,,
2256,Ken,Johnson,,Ohio State,USA,82,240,0,1,1,2001,2,48
77154,Ken,Johnson,,Michigan State,USA,80,240,0,1,0,1985,2,28
1630553,Keon,Johnson,,Tennessee,USA,77,185,0,0,0,2021,1,21
1642352,Keshad,Johnson,,,,,,,,,,,
134,Kevin,Johnson,,California,USA,73,190,1,0,0,1987,1,7
1641749,Keyontae,Johnson,,Kansas State,USA,76,230,0,1,0,2023,2,50
77156,Larry,Johnson,,Kentucky,USA,75,205,1,0,0,1977,2,24
913,Larry,Johnson,,UNLV,USA,79,235,0,1,0,1991,1,1
77158,Lee,Johnson,,Texas A&M-Commerce,USA,83,205,0,1,0,1979,1,17
2669,Linton,Johnson,,Tulane,USA,80,205,0,1,0,-1,-1,-1
77159,Lynbert,Johnson,,Wichita State,USA,77,195,0,1,0,1979,3,54
77142,Magic,Johnson,,Michigan State,USA,81,220,1,1,0,1979,1,1
77160,Marques,Johnson,,UCLA,USA,79,218,0,1,0,1977,1,3
77168,Mickey,Johnson,,Aurora,USA,82,190,0,1,0,1974,4,56
2808,Nate,Johnson,,,,,,,,,,,
77161,Neil,Johnson,,Creighton,USA,79,220,0,1,0,1966,2,15
203910,Nick,Johnson,,Arizona,USA,75,202,1,0,0,2014,2,42
77162,Ollie,Johnson,,Temple,USA,78,200,0,1,0,1972,2,30
204179,Omari,Johnson,,Oregon State,Jamaica,81,220,0,1,0,-1,-1,-1
203111,Orlando,Johnson,,Cal-Santa Barbara,USA,77,220,0,0,0,2012,2,36
77163,Reggie,Johnson,,Tennessee,USA,81,205,0,1,0,1980,1,15
77164,Rich,Johnson,,Grambling,USA,79,210,0,0,1,1968,4,46
77165,Ron,Johnson,,Minnesota,USA,80,215,0,1,0,1960,2,12
1626169,Stanley,Johnson,,Arizona,USA,78,242,0,0,0,2015,1,8
77166,Steffond,Johnson,,San Diego State,USA,80,240,0,1,0,1986,5,100
77134,Steve,Johnson,,Oregon State,USA,82,235,0,0,1,1981,1,7
1642848,Tre,Johnson,,,,,,FALSE,FALSE,FALSE,,,
201234,Trey,Johnson,,Jackson State,USA,77,218,1,0,0,-1,-1,-1
204020,Tyler,Johnson,,Fresno State,USA,75,186,1,0,0,-1,-1,-1
202792,Tyren,Johnson,,,,,,,,,,,
77167,Vinnie,Johnson,,Baylor,USA,74,200,1,0,0,1979,1,7
202325,Wesley,Johnson,,Syracuse,USA,79,215,1,1,0,2010,1,4
203130,Darius,Johnson-Odom,,Marquette,USA,74,204,1,0,0,2012,2,55
77170,Nate,Johnston,,Tampa,USA,80,210,0,0,1,1988,3,59
77169,Neil,Johnston,,Ohio State,USA,80,210,0,0,1,-1,-1,-1
77171,Jim,Johnstone,,Wake Forest,USA,83,245,0,0,1,1982,3,51
1628514,Peter,Jok,,,,,,,,,,,
203999,Nikola,Jokic,,,,,,FALSE,FALSE,FALSE,,,
77172,Howie,Jolliff,,Ohio,USA,79,218,0,1,0,1960,7,50
2264,Alvin,Jones,,Georgia Tech,USA,83,265,0,0,1,2001,2,56
77173,Anthony,Jones,,UNLV,USA,78,195,1,0,0,1986,1,21
77174,Askia,Jones,,Kansas State,USA,77,200,0,1,0,-1,-1,-1
77180,Bill,Jones,,Iowa,USA,79,175,0,1,0,1968,7,90
200784,Bobby,Jones,,Washington,USA,79,215,0,1,0,2006,2,37
77193,Bobby,Jones,,North Carolina,USA,81,210,0,1,0,1974,1,5
77175,Caldwell,Jones,,Albany State (GA),USA,83,217,0,0,1,1973,2,32
202841,Cameron,Jones,,,,,,,,,,,
1630637,Carlik,Jones,,Louisville,USA,72,174,1,0,0,-1,-1,-1
279,Charles,Jones,,Albany State (GA),USA,81,215,0,1,1,1979,8,165
77178,Charles,Jones,,Louisville,USA,80,215,0,1,0,1984,2,36
1869,Charles R.,Jones,,Long Island-Brooklyn,USA,75,180,1,0,0,-1,-1,-1
1641732,Colby,Jones,,Xavier,USA,78,207,1,0,0,2023,2,34
1642938,Curtis,Jones,,,,,,,,,,,
2563,Dahntay,Jones,,Duke,USA,78,225,1,1,0,2003,1,20
1627745,Damian,Jones,,Vanderbilt,USA,82,245,0,0,1,2016,1,30
1800,Damon,Jones,,Houston,USA,75,195,1,0,0,-1,-1,-1
203199,DeQuan,Jones,,Miami,USA,80,221,0,1,0,-1,-1,-1
1641794,Dillon,Jones,,,,,,,,,,,
202346,Dominique,Jones,,South Florida,USA,77,215,1,0,0,2010,1,25
963,Dontae',Jones,,Mississippi State,USA,80,220,0,1,0,1996,1,21
101204,Dwayne,Jones,,St. Joseph's (PA),USA,83,248,0,1,1,-1,-1,-1
77182,Dwight,Jones,,Houston,USA,82,210,0,1,0,1973,1,9
77183,Earl,Jones,,District of Columbia,USA,84,210,0,0,1,1984,1,23
224,Eddie,Jones,,Temple,USA,78,200,1,1,0,1994,1,10
77184,Edgar,Jones,,Nevada,USA,82,225,0,1,0,1979,2,31
2410,Fred,Jones,,Oregon,USA,74,225,1,0,0,2002,1,14
1630529,Herbert,Jones,,,,,,FALSE,FALSE,FALSE,,,
1642403,Isaac,Jones,,,,,,,,,,,
77185,Jake,Jones,,Assumption,USA,75,180,1,0,0,1971,6,97
1627883,Jalen,Jones,,Texas A&M,USA,79,220,0,1,0,2016,,
2592,James,Jones,,Miami,USA,80,218,1,1,0,2003,2,49
1629203,Jemerrio,Jones,,New Mexico State,USA,77,174,0,1,0,2018,,
77186,Jimmy,Jones,,Grambling,USA,76,188,1,0,0,1967,2,13
77187,Johnny,Jones,,California State-Los Angeles,USA,79,205,0,1,0,-1,-1,-1
1908,Jumaine,Jones,,Georgia,USA,80,230,0,1,0,1999,1,27
77188,K.C.,Jones,,San Francisco,USA,73,200,1,0,0,1956,2,
1630539,Kai,Jones,,Texas,Bahamas,83,221,0,0,1,2021,1,19
1642880,Kam,Jones,,,,,,,,,,,
203158,Kevin,Jones,,West Virginia,USA,80,260,0,1,0,-1,-1,-1
77200,Larry,Jones,,Toledo,USA,74,180,1,0,0,1964,3,20
1626272,Lazeric,Jones,,,,,,,,,,,
77189,Major,Jones,,Albany State (GA),USA,81,225,0,1,0,1976,2,20
2891,Mark,Jones,,St. Bonaventure,USA,78,215,1,0,0,1983,4,82
90000,Mark,Jones,,St. Bonaventure,USA,,,0,0,0,1983,4,82
1630222,Mason,Jones,,Arkansas,USA,76,200,1,0,0,,,
1628512,Matt,Jones,,,,,,,,,,,
77195,Nick,Jones,,Oregon,USA,74,190,1,0,0,1967,3,31
77191,Ozell,Jones,,California State-Fullerton,USA,83,235,0,0,1,1984,4,90
461,Popeye,Jones,,Murray State,USA,80,265,0,1,0,1992,2,41
77192,Rich,Jones,,Memphis,USA,80,220,0,1,0,1969,5,58
77194,Robin,Jones,,St. Louis,USA,81,225,0,0,1,-1,-1,-1
77196,Sam,Jones,,North Carolina Central,USA,76,198,1,0,0,1957,1,8
204053,Shawn,Jones,,,,,,,,,,,
2652,Shelton,Jones,,St. John's (NY),USA,80,210,0,1,0,1988,2,27
200780,Solomon,Jones,,South Florida,USA,82,245,0,1,0,2006,2,33
1642461,Spencer,Jones,,,,,,,,,,,
77197,Steve,Jones,,Oregon,USA,77,205,1,0,0,-22,-22,-22
196294138,Terrence,Jones,,,,,,,,,,,
203093,Terrence,Jones,,Kentucky,USA,81,252,0,1,0,2012,1,18
1641856,Tevian,Jones,,,USA,,,0,0,0,-22,-22,-22
1630200,Tre,Jones,,,,,,FALSE,FALSE,FALSE,,,
1626145,Tyus,Jones,,,,,,,,,,,
77198,Wali,Jones,,Villanova,USA,74,180,1,0,0,1964,3,18
77199,Wallace,Jones,,Kentucky,USA,76,225,0,1,0,1949,1,8
77201,Wil,Jones,,Albany State (GA),USA,80,205,0,1,0,1969,5,69
77202,Willie,Jones,,Northwestern,USA,75,185,1,0,0,1960,5,36
77203,Willie,Jones,,Vanderbilt,USA,80,190,0,1,0,1982,3,54
1642357,David,Jones Garcia,,Memphis,Dominican Republic,76,210,1,0,0,,,
203103,Perry,Jones III,,Baylor,USA,83,235,0,1,0,2012,1,28
1627884,Derrick,Jones Jr.,,,,,,FALSE,FALSE,FALSE,,,
1817,Adonis,Jordan,,Kansas,USA,71,170,1,0,0,1993,2,42
201599,DeAndre,Jordan,,,,,,,,,,,
77205,Eddie,Jordan,,Rutgers,USA,73,170,1,0,0,1977,2,33
201185,Jared,Jordan,,,,,,,,,,,
202366,Jerome,Jordan,,Tulsa,Jamaica,84,253,0,0,1,2010,2,44
893,Michael,Jordan,,North Carolina,USA,78,216,1,0,0,1984,1,3
674,Reggie,Jordan,,New Mexico State,USA,76,195,1,0,0,-1,-1,-1
77208,Thomas,Jordan,,Oklahoma State,USA,82,220,0,1,0,-1,-1,-1
77209,Walter,Jordan,,Purdue,USA,79,198,0,1,0,1978,4,84
77210,Phil,Jordon,,Whitworth,USA,82,205,0,0,1,1956,,
77211,Johnny,Jorgensen,,DePaul,USA,74,185,1,0,0,-1,-1,-1
77212,Noble,Jorgensen,,Iowa,USA,81,228,0,0,1,-1,-1,-1
77213,Roger,Jorgensen,,Ohio State,USA,77,200,0,0,1,-1,-1,-1
202709,Cory,Joseph,,Texas,Canada,74,200,1,0,0,2011,1,29
2123,Garth,Joseph,,St. Rose,USA,86,306,0,0,1,-1,-1,-1
203126,Kris,Joseph,,Syracuse,Canada,79,210,0,1,0,2012,2,51
77214,Yvon,Joseph,,Georgia Tech,USA,83,245,0,1,0,1985,2,36
589,Kevin,Joss-rauze,,,,,,,,,,,
1627888,Nikola,Jovanovic,,,,,,,,,,,
1631107,Nikola,Jovic,,,,,,,,,,,
27013,Mingxin,Ju,,,,,,0,1,0,,,
1962937728,Mingxing,Ju,,,,,,0,0,0,,,
64141,Mingxu,Ju,,,,,,0,1,0,,,
77215,Jeff,Judkins,,Utah,USA,78,185,1,0,0,1978,2,30
40079,Goran,Jurak,,,,,,,,,,,
1641864,Keshawn,Justice,,,USA,,,0,0,0,-22,-22,-22
1630548,Johnny,Juzang,,,,,,,,,,,
1629662,Mfiondu,Kabengele,,Florida State,Canada,82,250,0,0,1,2019,1,27
203509,Myck,Kabongo,,,,,,,,,,,
77217,Edwin,Kachan,,DePaul,USA,,,1,0,0,1948,,
203483,Kenny,Kadji,,,,,,,,,,,
77218,George,Kaftan,,Holy Cross,USA,75,190,0,1,0,1949,2,
562,Kakiouzis,Kakiouzis,,,,,,,,,,,
77219,Ed,Kalafat,,Minnesota,USA,78,245,0,0,1,1954,1,9
1630686,Georgios,Kalaitzakis,,Panathinaikos,Greece,79,192,0,1,0,2021,2,60
1641750,Ryan,Kalkbrenner,,,,,,,,,,,
40083,Mantas,Kalnietis,,,,,,,,,,,
2549,Chris,Kaman,,Central Michigan,USA,84,265,0,0,1,2003,1,6
1626163,Frank,Kaminsky,,Wisconsin,USA,84,240,0,0,0,2015,1,9
1629226,Ismaila,Kane,,,,,,,,,,,
56058,Kristjan,Kangur,,,,,,,,,,,
77221,Ralph,Kaplowitz,,New York University,USA,74,170,1,0,0,-1,-1,-1
2574,Jason,Kapono,,UCLA,USA,80,215,0,1,0,2003,2,31
77222,Tony,Kappen,,Forest Hills HS (NY),USA,,,1,0,0,-1,-1,-1
56009,Ilkan,Karaman,,,,,,,,,,,
203508,Sergey,Karasev,,Zenit Saint Petersburg,Russia,79,208,1,1,0,2013,1,19
2077,Mark,Karcher,,,,,,,,,,,
201207,Coby,Karl,,Boise State,USA,77,215,1,0,0,-1,-1,-1
77223,George,Karl,,North Carolina,USA,74,185,1,0,0,1973,4,66
77225,Ed,Kasid,,Minneapolis Vocational HS (MN),USA,71,185,1,0,0,-1,-1,-1
563,Kasun,Kasun,,,,,,,,,,,
2435,Mario,Kasun,,Skyliners Frankfurt,Croatia,85,260,0,0,1,2002,2,40
56060,Mario,Kasun,,,,,,,,,,,
77226,Leo,Katkaveck,,North Carolina State,USA,72,185,1,0,0,1948,,
77227,Bob,Kauffman,,Guilford,USA,80,240,0,1,0,1968,1,3
41536,Rimantas,Kaukenas,,,,,,,,,,,
9003,Alexander,Kaun,,,,,,,,,,,
201619,Sasha,Kaun,,Kansas,Russia,83,260,0,0,1,2008,2,56
42578,Sasha,Kaun,,,,,,,,,,,
77228,Wilbert,Kautz,,Loyola-Chicago,USA,71,180,1,0,0,-1,-1,-1
42555,Antanas,Kavaliauskas,,,,,,,,,,,
1642530,Yuki,Kawamura,,,,,,,,,,,
64034,Nick,Kay,,,,,,,,,,,
203529,Arsalan,Kazemi,,,,,,,,,,,
77229,Clarence,Kea,,Lamar,USA,78,218,0,1,0,1980,8,169
77230,Michael,Kearns,,Princeton,USA,74,178,1,0,0,1951,5,48
77231,Tommy,Kearns,,North Carolina,USA,71,185,1,0,0,1958,4,29
41204,Dusan,Kecman,,,,,,,,,,,
228,Adam,Keefe,,Stanford,USA,81,230,0,1,0,1992,1,10
77233,Harold,Keeling,,Santa Clara,USA,76,185,1,0,0,1985,3,63
1631211,Trevor,Keels,,,,,,,,,,,
202076,Thomas,Kelati,,,,,,,,,,,
77234,Ken,Keller,,St. John's (NY),USA,,,0,0,0,-1,-1,-1
1630283,Kylor,Kelley,,Oregon State,USA,84,215,0,0,1,,,
77235,Rich,Kelley,,Stanford,USA,84,235,0,0,1,1975,1,7
201645,Tre,Kelley,,,,,,,,,,,
77236,Clark,Kellogg,,Ohio State,USA,79,225,0,1,0,1982,1,8
77237,Gerard,Kelly,,Marshall,USA,74,172,0,1,0,-1,-1,-1
1642939,Miles,Kelly,,,,,,,,,,,
203527,Ryan,Kelly,,Duke,USA,83,230,0,1,0,2013,2,48
77238,Tom,Kelly,,New York University,USA,72,170,1,0,0,1948,,
196294575,Dom,Kelman-Poto,,,,,,,,,,,
77239,Greg,Kelser,,Michigan State,USA,79,190,0,1,0,1979,1,4
77240,Ben,Kelso,,Central Michigan,USA,75,195,1,0,0,1973,8,129
431,Shawn,Kemp,,Concord HS (IN),USA,82,280,0,1,0,1989,1,17
1118,Tim,Kempton,,Notre Dame,USA,82,245,0,0,1,1986,6,124
1629186,Tiwian,Kendley,,,,,,,,,,,
77242,Frank,Kendrick,,Purdue,USA,78,198,0,1,0,1974,3,47
1628379,Luke,Kennard,,,,,,,,,,,
202810,D.J.,Kennedy,,St. John's (NY),USA,77,214,1,1,0,-1,-1,-1
77243,Eugene,Kennedy,,TCU,USA,77,205,0,0,0,1971,9,139
77244,Joe,Kennedy,,Duke,USA,78,210,0,1,0,1968,10,122
77245,William,Kennedy,,Temple,USA,71,180,1,0,0,1960,2,15
77246,Larry,Kenon,,Memphis,USA,81,205,0,1,0,1973,3,50
1643257,Jayson,Kent,,,,,,,,,,,
77247,Bill,Kenville,,St. Bonaventure,USA,74,187,1,0,0,1953,,
27017,Matthew,Kenyon,,,,,,,,,,,
1801,Jonathan,Kerner,,East Carolina,USA,83,245,0,0,1,-1,-1,-1
77248,Johnny,Kerr,,Illinois,USA,81,230,0,0,1,1954,1,6
70,Steve,Kerr,,Arizona,USA,73,180,1,0,0,1988,2,50
77249,Jack,Kerris,,Loyola-Chicago,USA,78,215,0,1,0,1949,1,9
760,Jerome,Kersey,,Longwood,USA,79,245,0,1,0,1984,2,46
77251,Alec,Kessler,,Georgia,USA,83,230,0,1,0,1990,1,12
1631117,Walker,Kessler,,,,,,,,,,,
1930,Lari,Ketner,,Massachusetts,USA,82,285,0,1,0,1999,2,49
1630296,Braxton,Key,,Virginia,USA,80,225,0,1,0,,,
6663954,Viktor,Keyru,,,,,,,,,,,
705,Randolph,Keys,,Southern Mississippi,USA,79,210,0,1,0,1988,1,22
202961,Julian,Khazzouh,,,,,,,,,,,
42579,Victor,Khryapa,,,,,,,,,,,
2751,Viktor,Khryapa,,CSKA Moscow,Russia,81,218,0,1,0,2004,1,22
27016,Daniel,Kickert,,,,,,0,0,0,,,
64056,Daniel,Kickert,,,,,,,,,,,
467,Jason,Kidd,,California,USA,76,210,1,0,0,1994,1,2
1629742,Stanton,Kidd,,Colorado State,USA,78,216,0,1,0,-1,-1,-1
77254,Warren,Kidd,,Middle Tennessee State,USA,81,235,0,1,0,-1,-1,-1
203077,Michael,Kidd-Gilchrist,,Kentucky,USA,78,232,0,1,0,2012,1,2
77255,Irv,Kiffin,,Oklahoma Baptist,USA,81,225,0,1,0,-1,-1,-1
77256,Jack,Kiley,,Syracuse,USA,73,170,1,0,0,1951,2,13
1630248,Sacha,Killeya-Jones,,,USA,,,0,0,0,-22,-22,-22
7003,Marco,Killingsworth,,,,,,,,,,,
77257,Ernie,Killum,,Stetson,USA,75,180,1,0,0,1970,2,30
77258,Carl,Kilpatrick,,Louisiana-Monroe,USA,82,230,0,0,1,1978,8,158
203930,Sean,Kilpatrick,,Cincinnati,USA,76,212,1,0,0,-1,-1,-1
77259,Toby,Kimball,,Connecticut,USA,78,220,0,1,0,1965,3,26
77260,Bo,Kimble,,Loyola-Marymount,USA,76,190,1,0,0,1990,1,8
77261,Stan,Kimbrough,,Xavier,USA,71,153,0,1,0,-1,-1,-1
77262,Chad,Kinch,,North Carolina-Charlotte,USA,76,190,1,0,0,1980,1,22
77263,Albert,King,,Maryland,USA,78,190,0,1,0,1981,1,10
43197,Alex,King,,,,,,0,0,0,,,
77264,Bernard,King,,Tennessee,USA,79,205,0,1,0,1977,1,7
12,Chris,King,,Wake Forest,USA,80,215,0,1,0,1992,2,45
77266,Dan,King,,Western Kentucky,USA,78,220,0,0,0,-22,-22,-22
701,Frankie,King,,Western Carolina,USA,73,185,1,0,0,1995,2,37
1628994,George,King,,University of Colorado Boulder,USA,78,220,0,1,0,2018,2,59
77268,George,King,,University of Charleston,USA,72,175,1,0,0,1950,8,
1562,Gerard,King,,Nicholls State,USA,81,250,0,1,0,-1,-1,-1
77270,Jim,King,,Tulsa,USA,74,175,1,0,0,1963,2,13
728,Jimmy,King,,Michigan,USA,77,210,1,0,0,1995,2,35
1629663,Louis,King,,Oregon,USA,79,205,0,1,0,-1,-1,-1
77272,Maury,King,,Kansas,USA,74,195,1,0,0,1957,6,48
196295059,Mojave,King,,,,,,,,,,,
1629165,Nick,King,,,,,,,,,,,
77273,Reggie,King,,Alabama,USA,78,225,0,1,0,1979,1,18
1101,Rich,King,,Nebraska,USA,86,260,0,0,1,1991,1,14
351,Stacey,King,,Oklahoma,USA,83,250,0,1,1,1989,1,6
77276,Tom,King,,Michigan,USA,72,165,1,0,0,-1,-1,-1
1629722,V.J.,King,,,,,,,,,,,
77277,Bob,Kinney,,Rice,USA,78,215,0,0,1,-22,-22,-22
1641795,Taevion,Kinsey,,,,,,,,,,,
200814,Tarence,Kinsey,,South Carolina,USA,78,189,1,0,0,-1,-1,-1
1905,Andrei,Kirilenko,,CSKA Moscow,Russia,81,235,0,1,0,1999,1,24
203945,Alex,Kirk,,New Mexico,USA,84,245,0,0,1,-1,-1,-1
77278,Walt,Kirk,,Illinois,USA,75,173,1,0,0,-22,-22,-22
1630557,Corey,Kispert,,,,,,,,,,,
77279,Doug,Kistler,,Duke,USA,81,210,0,1,0,1961,3,26
77280,Curtis,Kitchen,,South Florida,USA,81,235,0,1,0,1986,6,122
1123,Greg,Kite,,Brigham Young,USA,83,250,0,0,1,1983,1,21
954,Kerry,Kittles,,Villanova,USA,77,180,1,0,0,1996,1,8
1628467,Maxi,Kleber,,,,,,,,,,,
170,Joe,Kleine,,Arkansas,USA,84,271,0,0,1,1985,1,6
101132,Linas,Kleiza,,Missouri,Lithuania,80,234,0,1,0,2005,1,27
267622,Linas,Kleiza,,,,,,,,,,,
42536,Linas,Kleiza,,,,,,,,,,,
196295098,Thomas,Klepeisz,,,,,,,,,,,
77283,Leo,Klier,,Notre Dame,USA,74,170,1,0,0,-1,-1,-1
1641752,Bobi,Klintman,,,,,,,,,,,
196294560,Bobi,Klintman,,,,,,0,1,0,,,
77284,Herm,Klotz,,Villanova,USA,67,150,1,0,0,-1,-1,-1
77285,Duane,Klueh,,Indiana State,USA,75,175,1,0,0,1949,8,
1642261,Dalton,Knecht,,,,,,,,,,,
77290,Billy,Knight,,Pittsburgh,USA,78,195,0,1,0,1974,2,21
77287,Bob,Knight,,Weaver HS (CT),USA,74,185,1,1,0,-1,-1,-1
2688,Brandin,Knight,,Pittsburgh,USA,72,180,1,0,0,-1,-1,-1
202688,Brandon,Knight,,Kentucky,USA,74,182,1,0,0,2011,1,8
1510,Brevin,Knight,,Stanford,USA,70,166,1,0,0,1997,1,16
1630233,Nathan,Knight,,William & Mary,USA,80,253,0,1,1,-22,-22,-22
1861,Negele,Knight,,Dayton,USA,73,175,1,0,0,1990,2,31
77288,Ron,Knight,,California State-Los Angeles,USA,79,215,0,1,0,1970,5,76
77289,Toby,Knight,,Notre Dame,USA,81,210,0,1,0,1977,2,32
969,Travis,Knight,,Connecticut,USA,84,235,0,0,1,1996,1,29
77291,Lee,Knorek,,Detroit,USA,79,215,0,0,1,-1,-1,-1
77292,Dick,Knostman,,Kansas State,USA,78,215,0,0,1,1953,,
77293,Rod,Knowles,,Davidson,USA,81,215,0,0,1,1968,6,77
1628995,Kevin,Knox II,,Kentucky,USA,80,215,0,1,0,2018,1,9
1642851,Kon,Knueppel,,,,,,FALSE,FALSE,FALSE,,,
1628460,Bronson,Koenig,,,,,,,,,,,
77294,Bart,Kofoed,,Nebraska-Kearney,USA,76,210,0,1,0,1987,5,107
77295,Don,Kojis,,Marquette,USA,75,202,0,1,0,1961,2,21
42566,Uri,Kokia,,,,,,,,,,,
1642278,Tyler,Kolek,,,,,,,,,,,
1631132,Christian,Koloko,,,,,,,,,,,
77296,Milo,Komenich,,Wyoming,USA,79,212,0,0,1,-1,-1,-1
77297,Howard,Komives,,Bowling Green,USA,73,185,1,0,0,1964,2,13
1628996,Sagaba,Konate,,,,,,,,,,,
402,Jon,Koncak,,Southern Methodist,USA,84,250,0,0,1,1985,1,5
1629723,John,Konchar,,,,,,,,,,,
77299,Bud,Koper,,Oklahoma City,USA,78,210,1,0,0,1964,2,14
1962937546,Daniel,Koperberg,,,,,,,,,,,
64010,Daniel,Koperberg,,,,,,0,0,1,,,
77300,Joe,Kopicki,,Detroit,USA,81,240,0,1,0,1982,3,56
1642046,Miller,Kopp,,,,,,,,,,,
196295489,Tom,Koppens,,,,,,,,,,,
1627788,Furkan,Korkmaz,,Anadolu Efes,Turkey,79,202,1,1,0,2016,1,26
77301,Frank,Kornet,,Vanderbilt,USA,81,225,0,1,0,1989,2,30
1628436,Luke,Kornet,,,,,,,,,,,
101117,Yaroslav,Korolev,,CSKA Moscow,Russia,81,203,0,1,0,2005,1,12
2594,Kyle,Korver,,Creighton,USA,79,212,1,1,0,2003,2,51
203262,Mac,Koshwal,,,,,,,,,,,
77302,Len,Kosmalski,,Tennessee,USA,83,245,0,0,1,1974,2,24
77303,Andy,Kostecka,,Georgetown,USA,75,203,0,0,0,-22,-22,-22
77304,Harold,Kottman,,Culver-Stockton,USA,80,220,0,0,1,-22,-22,-22
201585,Kosta,Koufos,,Ohio State,USA,84,245,0,0,1,2008,1,23
1629746,Christ,Koumadje,,,,,,,,,,,
77305,Tom,Kozelko,,Toledo,USA,80,220,0,1,0,1973,3,48
42567,Ido,Kozikaro,,,,,,,,,,,
56088,Ido,Kozikaro,,,,,,,,,,,
77306,Arvid,Kramer,,Augustana (SD),USA,81,220,0,0,1,1979,3,45
77307,Barry,Kramer,,New York University,USA,76,200,0,1,0,1964,1,6
202423,Chris,Kramer,,,,,,,,,,,
1629749,David,Kramer,,,,,,,,,,,
77308,Joel,Kramer,,San Diego State,USA,79,203,0,1,0,1978,3,63
516,Sergey,Krasnikov,,,,,,,,,,,
77309,Dan,Kraus,,Georgetown,USA,72,195,1,0,0,1948,,
77310,Herb,Krautblatt,,Rider,USA,73,190,1,0,0,1948,,
203139,Viacheslav,Kravtsov,,Donetsk,Ukraine,83,247,0,0,1,-1,-1,-1
77311,Jim,Krebs,,Southern Methodist,USA,80,230,0,0,1,1957,1,3
196295485,Tanner,Krebs,,,,,,,,,,,
1630249,Vit,Krejci,,,,,,,,,,,
77312,Wayne,Kreklow,,Drake,USA,76,175,1,0,0,1979,3,53
77313,Tom,Kron,,Kentucky,USA,77,200,1,0,0,1966,3,24
77314,Tom,Kropp,,Nebraska-Kearney,USA,75,205,1,0,0,1975,3,48
196295487,Fabijan,Krslovic,,,,,,,,,,,
2420,Nenad,Krstic,,Partizan,Serbia,84,240,0,0,1,2002,1,24
42580,Nenad,Krstic,,,,,,,,,,,
201226,Kevin,Kruger,,,,,,,,,,,
1474,Larry,Krystkowiak,,Montana,USA,81,220,0,1,0,1986,2,28
77316,Steve,Kuberski,,Bradley,USA,80,215,0,1,0,1969,4,52
77317,Leo,Kubiak,,Bowling Green,USA,71,160,1,0,0,1948,,
77318,Bruce,Kuczenski,,Connecticut,USA,82,230,0,1,0,1983,3,59
77319,Frank,Kudelka,,Saint Mary's,USA,74,193,1,0,0,-1,-1,-1
77320,John,Kuester,,North Carolina,USA,74,180,1,0,0,1977,3,53
1631339,Tommy,Kuhse,,,USA,,,0,0,0,-22,-22,-22
77322,Ray,Kuka,,Notre Dame,USA,75,200,0,1,0,-1,-1,-1
389,Toni,Kukoc,,Benetton Treviso,Croatia,83,235,0,1,0,1990,2,29
1629083,Arnoldas,Kulboka,,Bilbao,Lithuania,82,209,0,1,0,2018,2,55
1630228,Jonathan,Kuminga,,,,,,,,,,,
77323,Kevin,Kunnert,,Iowa,USA,84,230,0,0,1,1973,1,12
196294562,Bul,Kuol,,,,,,0,1,0,,,
77324,Mitch,Kupchak,,North Carolina,USA,81,230,0,1,0,1976,1,13
77325,Charles,Kupec,,Michigan,USA,78,220,0,0,1,1975,4,56
586,Ermal,Kuqo,,,,,,,,,,,
527,Kurbanov,Kurbanov,,,,,,,,,,,
9005,Nikita,Kurbanov,,,,,,,,,,,
580,Ermal,Kurtoglu,,,,,,,,,,,
1629066,Rodions,Kurucs,,FC Barcelona,Latvia,81,228,0,1,0,2018,2,40
201633,Rob,Kurz,,Notre Dame,USA,81,232,0,1,0,-1,-1,-1
40056,Davor,Kus,,,,,,,,,,,
2825,Ibrahim,Kutluay,,Ulkerspor,Turkey,78,200,1,0,0,-1,-1,-1
1628398,Kyle,Kuzma,,,,,,FALSE,FALSE,FALSE,,,
203136,Ognjen,Kuzmic,,Malaga,Serbia,84,260,0,0,1,2012,2,52
1627851,Mindaugas,Kuzminskas,,Malaga,Lithuania,81,215,0,1,0,-1,-1,-1
1966938145,Obi,Kyei,,,,,,,,,,,
1626252,Michale,Kyser,,,,,,,,,,,
77327,Fred,LaCour,,San Francisco,USA,77,210,1,0,0,1960,3,22
1711,Raef,LaFrentz,,Kansas,USA,83,240,0,1,1,1998,1,3
77328,Tom,LaGarde,,North Carolina,USA,82,220,0,0,1,1977,1,9
1631222,Jake,LaRavia,,,,,,FALSE,FALSE,FALSE,,,
1601,Rusty,LaRue,,Wake Forest,USA,75,185,0,0,0,-22,-22,-22
77340,Rudy,LaRusso,,Dartmouth,USA,80,220,0,1,0,1959,2,10
203897,Zach,LaVine,,,,,,FALSE,FALSE,FALSE,,,
56089,Sean,Labanowski,,,,,,,,,,,
1627746,Skal,Labissiere,,,,,,,,,,,
77326,Sam,Lacey,,New Mexico State,USA,82,235,0,0,1,1970,1,5
363,Christian,Laettner,,Duke,USA,83,245,0,1,1,1992,1,3
201802,Oliver,Lafayette,,Houston,USA,74,190,1,0,0,-1,-1,-1
100263,Bill,Laimbeer,,Notre Dame,USA,83,245,0,0,1,1979,3,65
8004,Jaka,Lakovic,,,,,,,,,,,
564,Lakovic,Lakovic,,,,,,,,,,,
77329,Pete,Lalich,,Ohio,USA,74,190,0,1,0,-1,-1,-1
77330,Bo,Lamar,,Louisiana-Lafayette,USA,73,180,1,0,0,1973,3,44
1630237,Anthony,Lamb,,Vermont,USA,78,227,0,0,0,,,
196294577,Anthony,Lamb,,,,,,,,,,,
203117,Doron,Lamb,,Kentucky,USA,76,200,1,0,0,2012,2,42
203087,Jeremy,Lamb,,Connecticut,USA,77,180,1,1,0,2012,1,12
77331,John,Lambert,,Southern California,USA,82,225,0,0,1,1975,1,15
101254,Herve,Lamizana,,,,,,,,,,,
77332,Jeff,Lamp,,Virginia,USA,78,195,1,0,0,1981,1,15
2573,Maciej,Lampe,,Real Madrid,Poland,83,275,0,1,0,2003,2,30
41631,Maciej,Lampe,,,,,,,,,,,
77333,Jim,Lampley,,Arkansas-Little Rock,USA,82,230,0,1,0,1983,5,102
2253,Sean,Lampley,,California,USA,79,227,0,1,0,2001,2,44
1629111,Jock,Landale,,,,,,FALSE,FALSE,FALSE,,,
43192,Sylven,Landesberg,,,,,,,,,,,
7004,Sylven,Landesberg,,,,,,,,,,,
201171,Carl,Landry,,Purdue,USA,81,248,0,1,0,2007,2,31
202068,Marcus,Landry,,Wisconsin,USA,79,235,0,1,0,-1,-1,-1
77334,Mark,Landsberger,,Arizona State,USA,80,215,0,1,0,1977,2,35
77335,Jerome,Lane,,Pittsburgh,USA,78,230,0,1,0,1988,1,23
457,Andrew,Lang,,Arkansas,USA,83,275,0,0,1,1988,2,28
226,Antonio,Lang,,Duke,USA,80,230,0,1,0,1994,2,29
2591,James,Lang,,Central Park Christian HS (AL),USA,82,305,0,0,1,2003,2,48
2646,Kris,Lang,,,,,,,,,,,
1892,Trajan,Langdon,,Duke,USA,75,197,1,0,0,1999,1,11
528,Trajan,Langdon,,,,,,,,,,,
9006,Trajan,Langdon,,,,,,,,,,,
101247,Keith,Langford,,Kansas,USA,76,215,1,0,0,-1,-1,-1
1629641,Romeo,Langford,,Indiana,USA,77,216,1,1,0,2019,1,14
2061,Dan,Langhi,,Vanderbilt,USA,83,220,0,1,0,2000,2,31
600005,Bob,Lanier,,St. Bonaventure,USA,83,250,0,0,1,1970,1,1
1642404,Chaz,Lanier,,,,,,,,,,,
77338,Stu,Lantz,,Nebraska,USA,75,175,1,0,0,1968,3,23
1627879,Nicolas,Laprovittola,,Estudiantes,Argentina,76,180,1,0,0,-1,-1,-1
43213,Nicolas,Laprovittola,,,,,,0,0,0,,,
77339,York,Larese,,North Carolina,USA,76,183,1,0,0,1961,2,20
203499,Shane,Larkin,,Miami,USA,71,175,1,0,0,2013,1,18
1962937932,Nelson,Larkins,,,,,,,,,,,
1629097,Terry,Larrier,,,,,,,,,,,
1641796,Pelle,Larsson,,,,,,FALSE,FALSE,FALSE,,,
77341,John,Laskowski,,Indiana,USA,78,185,1,0,0,1975,2,32
201186,Stephane,Lasme,,Massachusetts,Gabon,80,215,0,1,0,2007,2,46
41629,Stephane,Lasme,,,,,,,,,,,
77342,Dave,Lattin,,Texas-El Paso,USA,78,225,0,1,0,1967,1,10
203193,Dallas,Lauderdale,,,,,,,,,,,
968,Priest,Lauderdale,,Peristeri,USA,88,325,0,0,1,1996,1,28
77344,Rich,Laurel,,Hofstra,USA,78,190,1,0,0,1977,1,19
77345,Walt,Lautenbach,,Wisconsin,USA,74,185,0,1,0,-1,-1,-1
203530,Joffrey,Lauvergne,,Khimki,France,83,260,0,0,1,2013,2,55
77346,Tony,Lavelli,,Yale,USA,75,185,0,1,0,1949,1,4
64011,Guy,Lavie,,,,,,,,,,,
77347,Bob,Lavoy,,Western Kentucky,USA,79,185,0,1,0,1950,1,8
41537,Darjus,Lavrinovic,,,,,,,,,,,
201151,Acie,Law,,Texas A&M,USA,75,202,1,0,0,2007,1,11
1629724,Vic,Law,,Northwestern,USA,79,201,0,1,0,-1,-1,-1
202371,Gani,Lawal,,Georgia Tech,USA,81,234,0,1,0,2010,2,46
77348,Ed,Lawrence,,McNeese State,USA,83,228,0,0,1,1976,5,84
1630639,A.J.,Lawson,,,,,,,,,,,
1629664,Dedric,Lawson,,,,,,,,,,,
1535,Jason,Lawson,,Villanova,USA,83,240,0,0,1,1997,2,41
201951,Ty,Lawson,,North Carolina,USA,71,195,1,0,0,2009,1,18
1627774,Jake,Layman,,Maryland,USA,80,209,0,1,0,2016,2,47
77350,Dennis,Layton,,Southern California,USA,73,180,1,0,0,1971,3,48
202175,Darnell,Lazare,,,,,,,,,,,
196294568,Izayah,Le'Afa,,,,,,,,,,,
1627747,Caris,LeVert,,,,,,,,,,,
1628388,T.J.,Leaf,,UCLA,USA,82,222,0,1,0,2017,1,18
77351,Emanuel,Leaks,,Niagara,USA,80,225,0,0,1,1968,2,20
77352,Hal,Lear,,Temple,USA,71,163,1,0,0,1956,1,7
77353,Allen,Leavell,,Oklahoma City,USA,73,170,1,0,0,1979,5,104
77354,Jeff,Lebo,,North Carolina,USA,74,180,0,1,0,-22,-22,-22
56066,Luca,Lechthaler,,,,,,,,,,,
287,Eric,Leckner,,Wyoming,USA,83,265,0,0,1,1988,1,17
1629665,Jalen,Lecque,,Brewster Academy (NH),USA,76,185,1,0,0,-1,-1,-1
196294088,Alex,Leder,,,,,,,,,,,
196294590,Alex,Leder,,,,,,,,,,,
203495,Ricky,Ledo,,Providence,USA,79,195,1,0,0,2013,2,43
77356,Butch,Lee,,Marquette,USA,72,185,1,0,0,1978,1,10
200830,Charles,Lee,,,,,,,,,,,
77357,Clyde,Lee,,Vanderbilt,USA,82,205,0,1,0,1966,1,3
201584,Courtney,Lee,,Western Kentucky,USA,77,215,1,0,0,2008,1,22
1627814,Damion,Lee,,Drexel,USA,78,210,1,1,0,,,
101135,David,Lee,,Florida,USA,81,245,0,1,1,2005,1,30
77358,Doug,Lee,,Purdue,USA,77,200,1,0,0,1987,2,35
77359,George,Lee,,Michigan,USA,76,200,0,1,0,1959,4,24
77360,Greg,Lee,,UCLA,USA,75,190,1,0,0,1974,7,115
77361,Keith,Lee,,Memphis,USA,82,215,0,1,0,1985,1,11
77362,Kurk,Lee,,Towson,USA,75,190,1,0,0,-1,-1,-1
202723,Malcolm,Lee,,UCLA,USA,77,200,0,0,0,2011,2,43
1629159,Marcus,Lee,,,,,,,,,,,
203588,Michael,Lee,,,,,,,,,,,
77363,Rock,Lee,,San Diego State,USA,82,220,0,0,1,-1,-1,-1
77364,Ron,Lee,,Oregon,USA,75,193,1,0,0,1976,1,10
77365,Russell,Lee,,Marshall,USA,77,185,0,1,0,1972,1,6
1630240,Saben,Lee,,Vanderbilt,USA,74,183,1,0,0,2020,2,38
77366,Ed,Leede,,Dartmouth,USA,75,185,1,0,0,-22,-22,-22
77367,Hank,Lefkowitz,,Case Western Reserve,USA,74,190,0,1,0,-1,-1,-1
100,Tim,Legler,,La Salle,USA,76,220,1,0,0,-1,-1,-1
77369,George,Lehmann,,Campbell,USA,72,180,1,0,0,-1,-1,-1
1627215,Walt,Lemon Jr.,,Bradley,USA,75,180,1,0,0,2014,,
203458,Alex,Len,,Maryland,Ukraine,84,250,0,0,1,2013,1,5
702,Voshon,Lenard,,Minnesota,USA,76,215,1,0,0,1994,2,46
77371,Bob,Leonard,,Indiana,USA,75,185,1,0,0,1954,2,10
77370,Gary,Leonard,,Missouri,USA,85,250,0,0,1,1989,2,34
202695,Kawhi,Leonard,,,,,,FALSE,FALSE,FALSE,,,
203086,Meyers,Leonard,,Illinois,USA,84,260,0,1,1,2012,1,11
196294605,Matheus,Leoni,,,,,,,,,,,
1642502,Malevy,Leons,,,,,,,,,,,
77372,Jim,Les,,Bradley,USA,71,165,1,0,0,1986,3,70
41215,Sava,Lesic,,,,,,,,,,,
203466,CJ,Leslie,,,,,,,,,,,
202727,Travis,Leslie,,Georgia,USA,76,205,1,0,0,2011,2,47
77373,Ronnie,Lester,,Iowa,USA,74,175,1,0,0,1980,1,10
77374,Clifford,Lett,,Florida,USA,75,170,1,0,0,-1,-1,-1
202720,Jon,Leuer,,Wisconsin,USA,82,228,0,1,0,2011,2,40
77375,Andrew,Levane,,St. John's (NY),USA,74,190,0,1,0,-1,-1,-1
77376,Lafayette,Lever,,Arizona State,USA,75,170,1,0,0,1982,1,11
101256,Anthony,Lever-Pedroza,,,,,,,,,,,
77377,Cliff,Levingston,,Wichita State,USA,80,210,0,1,0,1982,1,9
77385,Bobby,Lewis,,North Carolina,USA,75,175,1,0,0,1967,4,39
736,Cedric,Lewis,,Maryland,USA,82,235,0,1,0,-1,-1,-1
77379,Fred,Lewis,,Eastern Kentucky,USA,74,195,0,1,0,-1,-1,-1
77380,Freddie,Lewis,,Arizona State,USA,72,175,1,0,0,1966,10,88
77381,Grady,Lewis,,Oklahoma,USA,79,215,0,1,0,-1,-1,-1
196294089,Jordan,Lewis,,,,,,,,,,,
1631171,Justin,Lewis,,Marquette,USA,79,245,0,1,0,-1,-1,-1
40023,Larry,Lewis,,,,,,,,,,,
1641831,Malique,Lewis,,,,,,0,0,0,,,
729,Martin,Lewis,,Seward County CC,USA,78,225,0,1,0,1995,2,50
1630665,Matt,Lewis,,,USA,,,0,0,0,-22,-22,-22
1641721,Maxwell,Lewis,,Pepperdine,USA,79,215,0,1,0,2023,2,40
1900,Quincy,Lewis,,Minnesota,USA,79,215,1,1,0,1999,1,19
77383,Ralph,Lewis,,La Salle,USA,78,200,1,0,0,1985,6,139
1740,Rashard,Lewis,,Elsik HS (TX),USA,82,235,0,1,0,1998,2,32
77384,Reggie,Lewis,,Northeastern,USA,79,195,1,0,0,1987,1,22
1630575,Scottie,Lewis,,Florida,USA,77,185,1,0,0,2021,2,56
1629163,Trey,Lewis,,,,,,,,,,,
1630184,Kira,Lewis Jr.,,Alabama,USA,73,170,1,0,0,2020,1,13
1966938125,Gen,Li,,,,,,,,,,,
1962937759,Cai,Liang,,,,,,0,0,0,,,
64091,Cai,Liang,,,,,,,,,,,
77386,Marcus,Liberty,,Illinois,USA,80,205,0,1,0,1990,2,42
77387,Todd,Lichti,,Stanford,USA,76,205,1,0,0,1989,1,15
1630604,E.J.,Liddell,,,,,,,,,,,
202732,DeAndre,Liggins,,Kentucky,USA,78,209,1,0,0,2011,2,53
203558,David,Lighty,,,,,,,,,,,
77388,Bill,Ligon,,Vanderbilt,USA,76,180,1,0,0,1974,10,175
203081,Damian,Lillard,,,,,,,,,,,
41622,Raviv,Limonad,,,,,,,,,,,
202391,Jeremy,Lin,,Harvard,USA,75,200,1,0,0,-1,-1,-1
77389,Steve,Lingenfelter,,South Dakota State,USA,81,225,0,1,0,1981,2,44
43185,Nate,Linhart,,,,,,,,,,,
1962937735,Kevin,Lisch,,,,,,0,0,0,,,
64054,Kevin,Lisch,,,,,,,,,,,
175,Alton,Lister,,Arizona State,USA,84,245,0,1,1,1981,1,21
1629642,Nassir,Little,,North Carolina,USA,78,220,1,1,0,2019,1,25
1966938179,Fengbo,Liu,,,,,,,,,,,
21012,Wei,Liu,,,,,,,,,,,
21011,Xiaoyu,Liu,,,,,,,,,,,
64114,Xiaoyu,Liu,,,,,,,,,,,
1641726,Dereck,Lively II,,,,,,,,,,,
1630587,Isaiah,Livers,,,,,,,,,,,
1641753,Chris,Livingston,,Kentucky,USA,78,220,0,1,0,2023,2,58
1626269,Denzel,Livingston,,,,,,,,,,,
988,Randy,Livingston,,Louisiana State,USA,76,209,1,0,0,1996,2,42
2733,Shaun,Livingston,,Peoria Central HS (IL),USA,79,192,1,0,0,2004,1,4
77392,Ron,Livingstone,,Wyoming,USA,82,220,0,0,1,1949,1,6
1024,Horacio,Llamas,,Grand Canyon,USA,83,285,0,0,1,-1,-1,-1
77394,Earl,Lloyd,,West Virginia State,USA,78,200,0,1,0,1950,9,
77395,Lewis,Lloyd,,Drake,USA,78,205,1,0,0,1981,4,76
77396,Scott,Lloyd,,Arizona State,USA,82,230,0,0,1,1976,2,24
196294541,Sergio,Llull,,,,,,1,0,0,,,
40051,Sergio,Llull,,,,,,,,,,,
41538,Sergio,Llull,,,,,,,,,,,
56056,Sergio,Llull,,,,,,,,,,,
77397,Bob,Lochmueller,,Louisville,USA,77,185,0,1,0,1952,1,7
77398,Robert,Lock,,Kentucky,USA,81,225,0,1,0,1988,3,51
203556,Trent,Lockett,,,,,,,,,,,
77399,Darrell,Lockhart,,Auburn,USA,81,245,0,1,0,1983,2,35
1100,Ian,Lockhart,,Tennessee,USA,80,240,0,1,0,-1,-1,-1
77401,Kevin,Loder,,Alabama State,USA,78,205,0,1,0,1981,1,17
1966938182,Robert,Loe,,,,,,0,0,1,,,
77402,Don,Lofgran,,San Francisco,USA,77,200,0,1,0,1950,1,11
1629155,Zach,Lofton,,New Mexico State,USA,76,180,1,0,0,-1,-1,-1
1631254,Kenneth,Lofton Jr.,,Louisiana Tech,USA,78,275,0,1,0,-1,-1,-1
11250,David,Logan,,,,,,,,,,,
77403,Johnny,Logan,,Indiana,USA,74,175,1,0,0,-1,-1,-1
38,Brad,Lohaus,,Iowa,USA,83,230,0,1,1,1987,2,45
1609,Art,Long,,Cincinnati,USA,81,250,0,1,0,-22,-22,-22
3,Grant,Long,,Eastern Michigan,USA,81,250,0,0,0,1988,2,33
1381,John,Long,,Detroit,USA,77,200,1,0,0,1978,2,29
77406,Paul,Long,,Wake Forest,USA,74,180,1,0,0,1967,5,45
1627848,Shawn,Long,,Louisiana-Lafayette,USA,81,255,0,1,0,-1,-1,-1
201848,Longar,Longar,,,,,,,,,,,
26,Luc,Longley,,New Mexico,USA,86,260,0,0,1,1991,1,7
201731,Kurt,Looby,,,,,,,,,,,
1626172,Kevon,Looney,,,,,,,,,,,
201572,Brook,Lopez,,,,,,FALSE,FALSE,FALSE,,,
1732,Felipe,Lopez,,St. John's (NY),Dominican Republic,77,195,1,1,0,1998,1,24
196295054,Karim,Lopez,,,,,,,,,,,
52602,Lautaro,Lopez,,,,,,,,,,,
2221,Raul,Lopez,,Real Madrid,Spain,72,160,1,0,0,2001,1,24
40052,Raul,Lopez,,,,,,,,,,,
42557,Raul,Lopez,,,,,,,,,,,
201577,Robin,Lopez,,Stanford,USA,84,281,0,0,1,2008,1,15
101151,Erazem,Lorbek,,,,,,,,,,,
40029,Erazem,Lorbek,,,,,,,,,,,
56025,Erazem,Lorbek,,,,,,,,,,,
8005,Erazem,Lorbek,,,,,,,,,,,
43212,Danielzinho,Lorio,,,,,,,,,,,
943,Ryan,Lorthridge,,Jackson State,USA,76,190,1,0,0,-1,-1,-1
77409,Jim,Loscutoff,,Oregon,USA,77,220,0,1,0,1955,1,3
77410,Plummer,Lott,,Seattle,USA,77,210,0,1,0,1967,5,54
77411,Kevin,Loughery,,St. John's (NY),USA,75,190,1,0,0,1962,2,11
1629712,Didi,Louzada,,Sydney,Brazil,77,188,1,0,0,2019,2,35
196294608,Didi,Louzada,,,,,,0,1,0,,,
77412,Bob,Love,,Southern,USA,80,215,0,1,0,1965,4,33
1631126,Caleb,Love,,,,,,,,,,,
201567,Kevin,Love,,,,,,,,,,,
77413,Stan,Love,,Oregon,USA,81,215,0,1,0,1971,1,9
77414,Clyde,Lovellette,,Kansas,USA,81,234,0,0,1,1952,1,9
1643133,Lawson,Lovering,,,,,,FALSE,FALSE,FALSE,,,
7005,Derrick,Low,,,,,,,,,,,
77415,Sidney,Lowe,,North Carolina State,USA,72,195,1,0,0,1983,2,25
77416,Chuck,Lowery,,Puget Sound,USA,75,185,1,0,0,1971,8,125
200768,Kyle,Lowry,,,,,,,,,,,
1628070,Jordan,Loyd,,Indianapolis,USA,76,210,1,0,0,-1,-1,-1
1966938209,Jo,Lual-Acuil Jr,,,,,,0,1,0,,,
77417,Al,Lucas,,Fordham,USA,75,195,0,1,0,-1,-1,-1
201251,Jamon,Lucas,,,,,,,,,,,
77418,Jerry,Lucas,,Ohio State,USA,80,230,0,1,0,-22,-22,-22
77419,John,Lucas,,Maryland,USA,75,175,1,0,0,1976,1,1
203564,Kalin,Lucas,,Michigan State,USA,73,195,1,0,0,-1,-1,-1
77420,Maurice,Lucas,,Marquette,USA,81,215,0,1,0,1974,1,14
101249,John,Lucas III,,Oklahoma State,USA,71,166,1,0,0,-1,-1,-1
41212,Vladimir,Lucic,,,,,,,,,,,
77421,Ted,Luckenbill,,Houston,USA,78,205,0,1,0,1961,2,15
1731,Tyronn,Lue,,Nebraska,USA,72,175,1,0,0,1998,1,23
1642961,RJ,Luis Jr.,,,,,,,,,,,
77422,Jim,Luisi,,St. Francis (NY),USA,74,180,1,0,0,1951,6,56
77423,Al,Lujack,,Georgetown,USA,75,220,0,1,0,-1,-1,-1
44034,Mindaugas,Lukauskis,,,,,,,,,,,
77424,Phil,Lumpkin,,Miami (Ohio),USA,72,165,1,0,0,1974,2,34
77425,Ray,Lumpp,,New York University,USA,73,178,1,0,0,1948,,
1630994,Gabriel,Lundberg,,CSKA Moscow,Denmark,76,203,1,0,0,-22,-22,-22
1641754,Seth,Lundy,,Penn State,USA,76,220,1,1,0,2023,2,46
1966938129,Hanchen,Luo,,,,,,,,,,,
27001,Xuedong,Luo,,,,,,0,0,0,,,
1627789,Timothe,Luwawu-Cabarrot,,Mega Basket,France,79,215,1,1,0,2016,1,24
64144,Jhonatan,Luz,,,,,,,,,,,
2677,Kevin,Lyde,,,,,,,,,,,
1628399,Tyler,Lydon,,Syracuse,USA,82,225,0,1,0,2017,1,24
1629131,Jairus,Lyles,,,,,,,,,,,
1626168,Trey,Lyles,,Kentucky,Canada,81,234,0,1,0,2015,1,12
248,George,Lynch,,North Carolina,USA,80,235,0,1,0,1993,1,12
77426,Kevin,Lynch,,Minnesota,USA,77,195,0,1,0,1991,2,28
77427,Mike,Lynn,,UCLA,USA,79,215,0,1,0,1968,4,39
1627815,Sheldon,Mac,,Miami,USA,78,200,1,1,0,2016,,
1928,Todd,MacCulloch,,Washington,Canada,84,280,0,0,1,1999,2,47
77430,Ronnie,MacGilvray,,St. John's (NY),USA,74,185,1,0,0,1952,,
931,Don,MacLean,,UCLA,USA,82,235,0,1,0,1992,1,19
77428,Mike,Macaluso,,Canisius,USA,77,210,0,1,0,1973,6,88
77429,Ed,Macauley,,St. Louis,USA,80,185,0,0,1,1949,,
43211,Marcelinho,Machado,,,,,,0,0,0,,,
196294606,Scott,Machado,,,,,,,,,,,
203159,Scott,Machado,,Iona,USA,73,205,1,0,0,-1,-1,-1
196295483,Malith,Machar,,,,,,,,,,,
101178,Arvydas,Macijauskas,,Tau Ceramica,Lithuania,76,214,1,0,0,-1,-1,-1
40082,Jonas,Maciulis,,,,,,,,,,,
6004,Jonas,Maciulis,,,,,,,,,,,
77432,Ollie,Mack,,East Carolina,USA,75,185,1,0,0,1979,2,25
694,Sam,Mack,,Houston,USA,79,220,1,0,0,-1,-1,-1
202714,Shelvin,Mack,,Butler,USA,75,203,1,0,0,2011,2,34
1635,Malcolm,Mackey,,Georgia Tech,USA,81,248,0,1,0,1993,1,27
77435,Rudy,Macklin,,Louisiana State,USA,79,205,0,1,0,1981,3,52
122683568,Vernon,Macklin,,,,,,,,,,,
202731,Vernon,Macklin,,Florida,USA,82,227,0,1,0,2011,2,52
77436,Johnny,Macknowski,,Seton Hall,USA,73,180,1,0,0,-22,-22,-22
1629133,Daryl,Macon,,Arkansas,USA,75,185,1,0,0,2018,,
1855,Mark,Macon,,Temple,USA,76,185,1,0,0,1991,1,8
1629122,J.P.,Macura,,Xavier,USA,77,205,1,0,0,2018,,
77438,Kyle,Macy,,Kentucky,USA,75,175,1,0,0,1979,1,22
77439,Jack,Maddox,,West Texas A&M,USA,74,185,0,1,0,-1,-1,-1
2432,Tito,Maddox,,Fresno State,USA,76,190,1,0,0,2002,2,37
1666,Gerald,Madkins,,UCLA,USA,76,200,1,0,0,-1,-1,-1
1643019,Gabe,Madsen,,,,,,,,,,,
2058,Mark,Madsen,,Stanford,USA,81,255,0,1,0,2000,1,29
77441,Norm,Mager,,City College of New York,USA,77,185,0,1,0,1950,5,
203705,Josh,Magette,,Alabama Huntsville,USA,73,160,0,0,0,2012,0,0
1894,Corey,Maggette,,Duke,USA,78,225,0,1,0,1999,1,13
77442,Dave,Magley,,Kansas,USA,80,202,0,1,0,1982,2,28
2048,Jamaal,Magloire,,Kentucky,Canada,83,265,0,0,1,2000,1,19
1630266,Will,Magnay,,Brisbane,Australia,82,234,0,0,1,-1,-1,-1
1962937809,Will,Magnay,,,,,,,,,,,
101133,Ian,Mahinmi,,Pau Orthez,France,83,262,0,0,1,2005,1,28
42535,Melih,Mahmutoglu,,,,,,,,,,,
43304,Melih,Mahmutoglu,,,,,,,,,,,
77443,John,Mahnken,,Georgetown,USA,80,220,0,0,1,-1,-1,-1
77444,Francis,Mahoney,,Brown,USA,74,205,0,1,0,1950,6,
328,Rick,Mahorn,,Hampton,USA,82,260,0,1,0,1980,2,35
105,Dan,Majerle,,Central Michigan,USA,78,222,1,1,0,1988,1,14
1966938185,Ater,Majok,,,,,,,,,,,
27023,Majok,Majok,,,,,,,,,,,
64083,Majok,Majok,,,,,,,,,,,
200970,Renaldo,Major,,Fresno State,USA,79,190,0,1,0,-1,-1,-1
1630588,Makur,Maker,,,South Sudan,,,,,,-1,-1,-1
1629070,Matur,Maker,,,,,,,,,,,
1627748,Thon,Maker,,Athlete Institute Prep,South Sudan,84,221,0,1,1,2016,1,10
77447,Lionel,Malamed,,City College of New York,USA,,,1,0,0,-1,-1,-1
1642104,Hunter,Maldonado,,,,,,,,,,,
1630177,Theo,Maledon,,ASVEL,France,77,175,1,0,0,2020,2,34
117,Jeff,Malone,,Mississippi State,USA,76,205,1,0,0,1983,1,10
252,Karl,Malone,,Louisiana Tech,USA,81,259,0,1,0,1985,1,13
77449,Moses,Malone,,Petersburg HS (VA),USA,82,215,0,0,1,-1,-1,-1
1074,Matt,Maloney,,Pennsylvania,USA,75,200,1,0,0,-1,-1,-1
77450,Steve,Malovic,,San Diego State,USA,82,230,0,1,0,1978,7,149
1642863,Khaman,Maluach,,,,,,,,,,,
1630572,Sandro,Mamukelashvili,,,,,,,,,,,
77451,Ted,Manakas,,Princeton,USA,74,180,1,0,0,1973,3,36
21603,Stefano,Mancinelli,,,,,,,,,,,
77452,John,Mandic,,Oregon State,USA,76,205,0,1,0,1947,,
1630211,Karim,Mane,,Vanier,Senegal,75,190,1,0,0,-1,-1,-1
1630667,Kyle,Mangas,,,,,,,,,,,
77453,Frank,Mangiapane,,New York University,USA,70,195,1,0,0,-1,-1,-1
986,Marcus,Mann,,Mississippi Valley State,USA,80,245,0,1,0,1996,2,40
1629611,Terance,Mann,,,,,,FALSE,FALSE,FALSE,,,
1630544,Tre,Mann,,,,,,,,,,,
330,Danny,Manning,,Kansas,USA,82,244,0,1,1,1988,1,1
77454,Ed,Manning,,Jackson State,USA,79,210,0,1,0,1967,8,80
316,Richard,Manning,,Washington,USA,83,245,0,0,1,1993,2,40
1630185,Nico,Mannion,,Arizona,Italy,74,190,1,0,0,2020,2,48
77456,Pace,Mannion,,Utah,USA,79,190,1,0,0,1983,2,43
1643024,Chris,Manon,,,,,,,,,,,
77457,Nick,Mantis,,Northwestern,USA,75,190,1,0,0,1959,5,37
200849,Jackie,Manuel,,,,,,,,,,,
196294090,Ziv,Maoz,,,,,,,,,,,
77459,Pete,Maravich,,Louisiana State,USA,77,197,1,0,0,1970,1,3
77458,Peter,Maravich,,Davis & Elkins,USA,72,185,0,0,0,-22,-22,-22
203906,Devyn,Marble,,Iowa,USA,78,200,0,1,0,2014,2,56
77460,Roy,Marble,,Iowa,USA,78,190,1,0,0,1989,1,23
950,Stephon,Marbury,,Georgia Tech,USA,74,205,1,0,0,1996,1,4
1643051,Augustas,Marciulionis,,,,,,,,,,,
36,Sarunas,Marciulionis,,Statyba,Lithuania,77,200,1,0,0,1987,6,127
565,Marconato,Marconato,,,,,,,,,,,
1962937755,Paige,Marcus,,,,,,,,,,,
77462,Saul,Mariaschin,,Harvard,USA,71,165,1,0,0,1947,,
43194,Aleks,Maric,,,,,,0,0,0,,,
41203,Aleksandar,Maric,,,,,,,,,,,
77463,Jack,Marin,,Duke,USA,78,200,0,1,0,1966,1,5
1890,Shawn,Marion,,UNLV,USA,79,228,1,1,0,1999,1,9
1626246,Boban,Marjanovic,,Crvena zvezda,Serbia,88,290,0,0,1,-1,-1,-1
9007,Boban,Marjanovic,,,,,,,,,,,
1628374,Lauri,Markkanen,,,,,,,,,,,
200806,Damir,Markota,,Cibona,Croatia,82,225,0,1,0,2006,2,59
1752,Sean,Marks,,California,New Zealand,82,250,0,1,1,1998,2,44
77464,Harvey,Marlatt,,Eastern Michigan,USA,75,185,1,0,0,-1,-1,-1
77465,Eric,Marsh,,Manhattan,USA,75,200,1,0,0,1977,8,165
77466,Jim,Marsh,,Southern California,USA,79,215,0,1,0,1968,11,136
202409,Ricardo,Marsh,,,,,,,,,,,
681,Donny,Marshall,,Connecticut,USA,79,230,0,1,0,1995,2,39
923,Donyell,Marshall,,Connecticut,USA,81,245,0,1,0,1994,1,4
203088,Kendall,Marshall,,North Carolina,USA,76,200,1,0,0,2012,1,13
1630230,Naji,Marshall,,,,,,FALSE,FALSE,FALSE,,,
196294105,Nick,Marshall,,,,,,,,,,,
101185,Rawle,Marshall,,Oakland,USA,79,190,1,1,0,-1,-1,-1
77467,Tom,Marshall,,Western Kentucky,USA,76,215,0,1,0,1954,1,7
77468,Vester,Marshall,,Oklahoma,USA,79,200,0,1,0,-1,-1,-1
1642918,Alijah,Martin,,,,,,,,,,,
77481,Bill,Martin,,Georgetown,USA,79,205,0,1,0,1985,2,26
77478,Bob,Martin,,Minnesota,USA,84,250,0,0,1,-1,-1,-1
77469,Brian,Martin,,Kansas,USA,81,212,0,1,0,1984,9,185
1628997,Caleb,Martin,,,,,,,,,,,
201858,Cartier,Martin,,Kansas State,USA,79,220,0,1,0,-22,-22,-22
1628998,Cody,Martin,,Nevada,USA,78,205,0,1,0,2019,2,36
733,Cuonzo,Martin,,Purdue,USA,78,215,1,0,0,1995,2,57
64044,Damian,Martin,,,,,,,,,,,
239,Darrick,Martin,,UCLA,USA,71,170,1,0,0,-1,-1,-1
77473,Don,Martin,,Central Missouri,USA,79,210,0,0,0,-22,-22,-22
77471,Donald,Martin,,Georgetown,USA,68,160,1,0,0,-1,-1,-1
77472,Fernando,Martin,,Real Madrid,Spain,81,220,0,0,1,1985,2,38
1626185,Jarell,Martin,,Louisiana State,USA,82,239,0,1,0,2015,1,25
1641798,Jaylen,Martin,,Overtime Elite,USA,78,216,0,0,0,-22,-22,-22
77474,Jeff,Martin,,Murray State,USA,77,195,1,0,0,1989,2,31
1629725,Jeremiah,Martin,,Memphis,USA,74,185,1,0,0,-1,-1,-1
1629103,Kelan,Martin,,Butler,USA,77,230,0,1,0,-1,-1,-1
2030,Kenyon,Martin,,Cincinnati,USA,81,225,0,1,0,2000,1,1
2755,Kevin,Martin,,Western Carolina,USA,79,199,1,0,0,2004,1,26
77475,Larue,Martin,,Loyola-Chicago,USA,83,208,0,0,1,1972,1,1
77476,Mo,Martin,,St. Joseph's (PA),USA,78,200,1,0,0,1986,1,16
77477,Phil,Martin,,Toledo,USA,75,190,1,0,0,1954,4,29
77479,Ronald,Martin,,St. Bonaventure,USA,74,185,1,0,0,1961,2,10
77480,Slater,Martin,,Texas,USA,70,170,1,0,0,-1,-1,-1
201227,Torrell,Martin,,,,,,,,,,,
1631213,Tyrese,Martin,,,,,,,,,,,
1630231,Kenyon,Martin Jr.,,IMG Academy (FL),USA,78,215,0,1,0,2020,2,52
40022,Gonzalo,Martinez,,,,,,,,,,,
1627383,Luke,Martinez,,,,,,,,,,,
1642942,Jahmai,Mashack,,,,,,FALSE,FALSE,FALSE,,,
469,Jamal,Mashburn,,Kentucky,USA,80,247,0,1,0,1993,1,4
507,Masingue,Masingue,,,,,,,,,,,
77482,Al,Masino,,Canisius,USA,70,174,1,0,0,-1,-1,-1
193,Anthony,Mason,,Tennessee State,USA,80,255,0,1,0,1988,3,53
202400,Anthony,Mason,,,,,,,,,,,
200557,Chet,Mason,,,,,,,,,,,
2046,Desmond,Mason,,Oklahoma State,USA,77,222,1,0,0,2000,1,17
1628412,Frank,Mason III,,Kansas,USA,71,190,1,0,0,2017,2,34
2427,Roger,Mason Jr.,,Virginia,USA,77,205,0,0,0,2002,2,30
763,Tony,Massenburg,,Maryland,USA,81,250,0,1,1,1990,2,43
1629747,CJ,Massinburg,,,,,,,,,,,
77483,Eddie,Mast,,Temple,USA,81,220,0,1,0,1969,3,40
52606,Marcos,Mata,,,,,,0,0,0,,,
1966938168,Marcus,Mata,,,,,,0,1,0,,,
1628999,Yante,Maten,,Georgia,USA,80,240,0,1,0,2018,,
1629726,Garrison,Mathews,,Lipscomb,USA,78,215,1,0,0,,,
1628535,Jordan,Mathews,,,,,,,,,,,
1628493,Mangok,Mathiang,,Louisville,Australia,82,230,0,1,1,-1,-1,-1
196294572,Mangok,Mathiang,,,,,,0,0,1,,,
1629751,Dakota,Mathias,,Purdue,USA,76,200,1,0,0,2018,,
1631097,Bennedict,Mathurin,,,,,,,,,,,
1631255,Karlo,Matkovic,,,,,,,,,,,
1962937827,Matt,Matt,,,,,,,,,,,
101260,Bryant,Matthews,,,,,,,,,,,
1643069,Cameron,Matthews,,,,,,,,,,,
1629666,Charles,Matthews,,,USA,,,0,0,0,-22,-22,-22
77484,Wes,Matthews,,Wisconsin,USA,73,170,1,0,0,1980,1,14
1962936250,Wesley,Matthews,,,,,,,,,,,
202083,Wesley,Matthews,,Marquette,USA,77,220,1,0,0,-1,-1,-1
500032,Wesley,Matthews,,,,,,,,,,,
77485,Ariel,Maughan,,Utah State,USA,76,190,0,1,0,-1,-1,-1
543,Mavrokefalidis,Mavrokefalidis,,,,,,,,,,,
77486,Marlon,Maxey,,Texas-El Paso,USA,80,250,0,1,0,1992,2,28
1630178,Tyrese,Maxey,,,,,,FALSE,FALSE,FALSE,,,
101131,Jason,Maxiell,,Cincinnati,USA,79,260,0,1,0,2005,1,26
77487,Cedric,Maxwell,,North Carolina-Charlotte,USA,80,205,0,1,0,1977,1,12
137,Vernon,Maxwell,,Florida,USA,76,190,1,0,0,1988,2,47
77489,Don,May,,Dayton,USA,76,200,0,1,0,1968,3,30
77490,Scott,May,,Indiana,USA,78,215,0,1,0,1976,1,2
101118,Sean,May,,North Carolina,USA,81,266,0,1,1,2005,1,13
195,Lee,Mayberry,,Arkansas,USA,73,180,0,0,0,1992,1,23
1629612,Luke,Maye,,,,,,,,,,,
196294554,Lat,Mayen,,,,,,,,,,,
1630571,Matthew,Mayer,,,USA,,,0,0,0,-22,-22,-22
77492,Clyde,Mayes,,Furman,USA,80,225,0,1,0,1975,2,22
77493,Tharon,Mayes,,Florida State,USA,75,175,1,0,0,-22,-22,-22
77495,Bill,Mayfield,,Iowa,USA,79,205,0,1,0,-1,-1,-1
77494,Ken,Mayfield,,Tuskegee,USA,74,185,1,0,0,1971,3,50
201953,Eric,Maynor,,Va Commonwealth,USA,75,175,1,0,0,2009,1,20
201564,O.J.,Mayo,,Southern California,USA,77,210,1,0,0,2008,1,3
201651,James,Mays,,,,,,,,,,,
1630219,Skylar,Mays,,Louisiana State,USA,75,205,1,0,0,2020,2,50
77496,Travis,Mays,,Texas,USA,74,190,1,0,0,1990,1,14
77497,Matt,Mazza,,Michigan State,USA,75,210,0,1,0,-1,-1,-1
201601,Luc,Mbah a Moute,,UCLA,Cameroon,80,230,0,1,0,2008,2,37
1643016,Bez,Mbeng,,,,,,,,,,,
2788,DJ,Mbenga,,Spirou Charleroi,Belgium,84,255,0,0,1,-1,-1,-1
77498,Bob,McAdoo,,North Carolina,USA,81,210,0,0,1,1972,1,2
203949,James Michael,McAdoo,,North Carolina,USA,81,240,0,1,0,-1,-1,-1
77499,Ken,McBride,,Maryland-Eastern Shore,USA,75,190,0,1,0,1952,,
1630540,Miles,McBride,,,,,,,,,,,
1642272,Jared,McCain,,,,,,,,,,,
1627322,Bo,McCalebb,,,,,,,,,,,
1962936526,Bo,McCalebb,,,,,,,,,,,
42531,Bo,McCalebb,,,,,,,,,,,
1628769,Tahjere,McCall,,Tennessee State,USA,77,190,0,0,0,-22,-22,-22
196294549,Tahjere,McCall,,,,,,1,0,0,,,
203492,Ray,McCallum,,Detroit,USA,75,190,1,0,0,2013,2,36
737,Bob,McCann,,Morehead State,USA,79,245,0,1,0,1987,2,32
77500,Brendan,McCann,,St. Bonaventure,USA,74,178,1,0,0,1957,1,5
77502,Mel,McCants,,Purdue,USA,80,240,0,1,0,-1,-1,-1
101119,Rashad,McCants,,North Carolina,USA,76,215,1,0,0,2005,1,14
77503,Mike,McCarron,,Seton Hall,USA,71,180,1,0,0,-1,-1,-1
196294106,Mitch,McCarron,,,,,,0,0,0,,,
196295060,Mitch,McCarron,,,,,,,,,,,
64022,Mitch,McCarron,,,,,,,,,,,
77504,Andre,McCarter,,UCLA,USA,75,190,1,0,0,1976,6,89
77505,Willie,McCarter,,Drake,USA,75,175,1,0,0,1969,1,12
77506,Johnny,McCarthy,,Canisius,USA,73,185,1,0,0,-22,-22,-22
77507,Howie,McCarty,,Wayne State,USA,,,0,0,0,-1,-1,-1
1820,Kelly,McCarty,,Southern Mississippi,USA,79,200,1,1,0,-1,-1,-1
962,Walter,McCarty,,Kentucky,USA,82,245,0,1,0,1996,1,19
1043,Amal,McCaskill,,Marquette,USA,83,235,0,0,1,1996,2,49
1627775,Patrick,McCaw,,UNLV,USA,79,181,1,0,0,2016,2,38
77509,Dwayne,McClain,,Villanova,USA,78,185,1,0,0,1985,2,27
77510,"Ted, Hound Dog",McClain,,Tennessee State,USA,73,180,1,0,0,1971,2,22
2082,Dan,McClintock,,Northern Arizona,USA,84,270,0,0,1,2000,2,53
77512,Jack,McCloskey,,Pennsylvania,USA,74,190,1,0,0,-1,-1,-1
45,George,McCloud,,Florida State,USA,80,230,0,1,0,1989,1,7
1630644,Mac,McClung,,,,,,,,,,,
203468,CJ,McCollum,,,,,,FALSE,FALSE,FALSE,,,
77513,John,McConathy,,Northwestern State,USA,77,195,0,1,0,1951,1,5
1641799,Caleb,McConnell,,,USA,,,0,0,0,-22,-22,-22
203566,Mickey,McConnell,,,,,,,,,,,
77514,Paul,McConnell,,Marshall,USA,70,170,0,0,0,-22,-22,-22
204456,T.J.,McConnell,,,,,,,,,,,
77515,Keith,McCord,,Alabama-Birmingham,USA,79,210,1,0,0,1979,1,198
77516,Tim,McCormick,,Michigan,USA,83,240,0,0,1,1984,1,12
1629000,Brandon,McCoy,,,,,,,,,,,
1631322,Javante,McCoy,,,USA,,,0,0,0,-22,-22,-22
1741,Jelani,McCoy,,UCLA,USA,82,255,0,1,1,1998,2,33
77517,Paul,McCracken,,California State-Northridge,USA,76,180,1,0,0,-1,-1,-1
200840,Chris,McCray,,Maryland,USA,77,192,1,0,0,-1,-1,-1
1622,Rodney,McCray,,Louisville,USA,80,220,0,1,0,1983,1,3
77518,Scooter,McCray,,Louisville,USA,81,215,0,1,0,1983,2,36
1628571,Erik,McCree,,Louisiana Tech,USA,80,225,0,1,0,-1,-1,-1
1641755,Kevin,McCullar Jr.,,,,,,,,,,,
1626191,Chris,McCullough,,Syracuse,USA,81,215,0,1,0,2015,1,29
77520,John,McCullough,,Oklahoma,USA,76,190,1,0,0,1979,4,85
201642,Taj,McCullough,,,,,,,,,,,
723,Clint,McDaniel,,Arkansas,USA,76,180,1,0,0,-1,-1,-1
64028,Sam,McDaniel,,,,,,,,,,,
1365,Xavier,McDaniel,,Wichita State,USA,79,218,0,1,0,1985,1,4
1630183,Jaden,McDaniels,,,,,,FALSE,FALSE,FALSE,,,
1629667,Jalen,McDaniels,,San Diego State,USA,81,190,0,1,0,2019,2,52
77523,Jim,McDaniels,,Western Kentucky,USA,83,228,0,0,1,1971,2,23
203909,KJ,McDaniels,,Clemson,USA,78,205,1,1,0,2014,2,32
203926,Doug,McDermott,,,,,,,,,,,
1630253,Sean,McDermott,,Butler,USA,78,195,0,1,0,-1,-1,-1
77524,Ben,McDonald,,California-Irvine,USA,80,210,0,1,0,1984,3,50
77525,Glenn,McDonald,,Long Beach State,USA,78,190,0,1,0,1974,1,17
1075,Michael,McDonald,,New Orleans,USA,82,232,0,0,1,1995,2,55
77527,Hank,McDowell,,Memphis,USA,81,215,0,1,0,1981,5,102
196294571,Will,McDowell-White,,,,,,1,0,0,,,
686,Antonio,McDyess,,Alabama,USA,81,245,0,1,1,1995,1,2
77528,Jim,McElroy,,Central Michigan,USA,75,190,1,0,0,1975,3,38
200862,Scooter,McFadgon,,,,,,,,,,,
200829,Ivan,McFarlin,,Oklahoma State,USA,79,229,0,1,0,-1,-1,-1
77529,Mel,McGaha,,Arkansas,USA,73,190,1,0,0,-22,-22,-22
203956,Mitch,McGary,,Michigan,USA,82,255,0,1,0,2014,1,21
201580,JaVale,McGee,,Nevada,USA,84,270,0,1,1,2008,1,18
77530,Mike,McGee,,Michigan,USA,77,190,0,1,0,1981,1,19
77531,Bill,McGill,,Utah,USA,81,225,0,0,1,1962,1,1
77532,George,McGinnis,,Indiana,USA,80,235,0,1,0,1973,2,22
77533,Jon,McGlocklin,,Indiana,USA,77,205,1,0,0,1965,3,24
1642440,Gabe,McGlothan,,,,,,,,,,,
1631121,Bryce,McGowens,,,,,,,,,,,
1503,Tracy,McGrady,,Mount Zion Christian Academy (NC),USA,80,225,1,1,0,1997,1,9
77534,Gil,McGregor,,Wake Forest,USA,80,240,0,1,0,1971,6,89
1630787,Cameron,McGriff,,Oklahoma State,USA,79,220,0,1,0,,,
203585,Rodney,McGruder,,Kansas State,USA,76,205,1,0,0,-1,-1,-1
77536,Al,McGuire,,St. John's (NY),USA,74,180,1,0,0,1951,6,55
77535,Allie,McGuire,,Marquette,USA,75,175,1,0,0,1973,3,49
77537,Dick,McGuire,,St. John's (NY),USA,72,180,1,0,0,1949,1,7
201187,Dominic,McGuire,,Fresno State,USA,81,235,0,1,0,2007,2,47
1450,Kevin,McHale,,Minnesota,USA,82,210,0,1,0,1980,1,3
29,Jim,McIlvaine,,Marquette,USA,85,264,0,0,1,1994,2,32
976,Jeff,McInnis,,North Carolina,USA,76,190,1,0,0,1996,2,37
77540,Kenny,McIntosh,,Eastern Michigan,USA,79,225,0,1,0,1971,1,15
77541,Kevin,McKenna,,Creighton,USA,77,195,0,1,0,1981,4,88
77542,Forrest,McKenzie,,Loyola-Marymount,USA,79,200,0,1,0,1986,3,48
77543,Stan,McKenzie,,New York University,USA,77,195,0,1,0,1966,11,94
365,Derrick,McKey,,Alabama,USA,82,241,0,1,0,1987,1,9
243,Aaron,McKie,,Temple,USA,77,209,1,0,0,1994,1,17
77547,Billy,McKinney,,Northwestern,USA,72,160,0,0,0,1977,6,115
77545,Carlton,McKinney,,Southern Methodist,USA,76,190,0,1,0,-1,-1,-1
77546,Horace,McKinney,,North Carolina,USA,78,185,0,1,0,-1,-1,-1
203590,Trey,McKinney-Jones,,Miami,USA,77,220,1,0,0,-1,-1,-1
1628035,Alfonzo,McKinnie,,Wisc.-Green Bay,USA,79,215,0,1,0,-1,-1,-1
1630605,JaQuori,McLaughlin,,California-Santa Barbara,USA,76,190,0,0,0,-22,-22,-22
1629162,Jordan,McLaughlin,,,,,,,,,,,
203463,Ben,McLemore,,Kansas,USA,75,195,1,0,0,2013,1,7
77548,Mccoy,McLemore,,Drake,USA,79,230,0,1,0,1964,3,23
77549,George,McLeod,,TCU,USA,77,200,0,0,0,-22,-22,-22
2693,Keith,McLeod,,Bowling Green,USA,74,190,1,0,0,-1,-1,-1
1728,Roshown,McLeod,,Duke,USA,80,221,0,1,0,1998,1,20
77551,Jack,McMahon,,St. John's (NY),USA,73,185,1,0,0,1952,,
203,Nate,McMillan,,North Carolina State,USA,77,210,1,1,0,1986,2,30
77553,Tom,McMillen,,Maryland,USA,83,215,0,1,0,1974,1,9
77554,Jim,McMillian,,Columbia,USA,77,215,0,1,0,1970,1,13
77555,Shellie,McMillon,,Bradley,USA,77,205,0,1,0,1958,6,42
77556,Mal,McMullan,,Xavier,USA,,,0,0,0,-22,-22,-22
77557,Chet,McNabb,,Arizona State,USA,,,0,0,0,-22,-22,-22
201019,Gerry,McNamara,,,,,,,,,,,
201657,Gerry,McNamara,,,,,,,,,,,
77558,Mark,McNamara,,California,USA,83,235,0,0,1,1982,1,22
77559,Joe,McNamee,,San Francisco,USA,78,210,0,0,1,1950,1,9
196294567,Alex,McNaught,,,,,,,,,,,
196295053,Alex,McNaught,,,,,,,,,,,
202077,Jerel,McNeal,,Marquette,USA,75,200,1,0,0,-1,-1,-1
77560,Chris,McNealy,,San Jose State,USA,79,210,0,1,0,1983,2,38
1642862,Liam,McNeeley,,,,,,,,,,,
77562,Bob,McNeill,,St. Joseph's (PA),USA,73,170,1,0,0,1960,3,19
77561,Larry,McNeill,,Marquette,USA,81,195,0,1,0,1973,2,25
77563,Carl,McNulty,,Purdue,USA,75,185,1,0,0,1952,,
2101,Paul,McPherson,,DePaul,USA,76,210,1,0,0,-1,-1,-1
77565,Cozell,McQueen,,North Carolina State,USA,83,235,0,1,0,1985,4,91
203895,Jordan,McRae,,Tennessee,USA,77,179,1,0,0,2014,2,58
77566,Thales,McReynolds,,Miles,USA,75,185,1,0,0,1965,11,82
201177,Josh,McRoberts,,Duke,USA,82,240,0,0,0,2007,2,37
1629098,Jack,McVeigh,,Nebraska-Lincoln,Australia,80,215,1,1,0,-22,-22,-22
77567,Eric,McWilliams,,Long Beach State,USA,80,200,0,1,0,1972,3,37
43207,Jamel,Mclean,,,,,,,,,,,
77568,George,Mearns,,Rhode Island,USA,75,175,0,1,0,-1,-1,-1
2098,Slava,Medvedenko,,Kyiv,Ukraine,82,253,0,1,0,-1,-1,-1
1577,Darnell,Mee,,Western Kentucky,USA,77,175,1,0,0,1993,2,34
2697,Antonio,Meeking,,,,,,,,,,,
201975,Jodie,Meeks,,Kentucky,USA,76,210,1,0,0,2009,2,41
1628452,Kennedy,Meeks,,,,,,,,,,,
77570,Cliff,Meely,,Colorado,USA,80,215,0,1,0,1971,1,7
77571,Scott,Meents,,Illinois,USA,82,225,0,1,0,1986,4,74
77572,Dick,Mehen,,Tennessee,USA,77,195,0,1,0,-1,-1,-1
77573,Don,Meineke,,Dayton,USA,79,208,0,1,0,1952,,
77574,Carl,Meinhold,,Long Island-Brooklyn,USA,74,185,0,0,0,-22,-22,-22
201197,Sammy,Mejia,,,,,,,,,,,
1626257,Salah,Mejri,,Real Madrid,Tunisia,86,235,0,0,1,-22,-22,-22
203539,Gal,Mekel,,Wichita State,Israel,75,191,1,0,0,-1,-1,-1
41621,Gal,Mekel,,,,,,,,,,,
77576,Bill,Melchionni,,Villanova,USA,73,165,1,0,0,1966,2,19
77575,Gary,Melchionni,,Duke,USA,74,185,1,0,0,1973,2,33
1629740,Nicolo,Melli,,Fenerbahce,Italy,81,236,0,1,0,-1,-1,-1
56040,Nicolo,Melli,,,,,,,,,,,
6006,Nicolo,Melli,,,,,,,,,,,
196294091,Gilad,Melnik,,,,,,,,,,,
203097,Fab,Melo,,Syracuse,Brazil,84,255,0,0,1,2012,1,22
1629001,De'Anthony,Melton,,,,,,FALSE,FALSE,FALSE,,,
77577,Ed,Melvin,,Duquesne,USA,69,170,0,1,0,-1,-1,-1
2822,Rich,Melzer,,,,,,,,,,,
77578,Dean,Meminger,,Marquette,USA,73,175,1,0,0,1971,1,16
77579,Chuck,Mencel,,Minnesota,USA,72,168,1,0,0,1955,2,12
77580,John,Mengelt,,Auburn,USA,74,195,1,0,0,1971,2,21
77581,Ken,Menke,,Illinois,USA,72,168,1,0,0,-1,-1,-1
196295056,Sam,Mennenga,,,,,,0,0,0,,,
1641877,Nathan,Mensah,,San Diego State,Ghana,81,230,0,0,0,-22,-22,-22
200822,Pops,Mensah-Bonsu,,George Washington,USA,82,240,0,1,0,-1,-1,-1
1500,Ron,Mercer,,Kentucky,USA,79,210,1,1,0,1997,1,6
77582,Joe,Meriweather,,Southern Illinois,USA,82,215,0,0,1,1975,1,11
77583,Porter,Meriwether,,Tennessee State,USA,74,180,1,0,0,1962,3,21
64012,Liran,Merkado,,,,,,,,,,,
1630241,Sam,Merrill,,,,,,FALSE,FALSE,FALSE,,,
77584,Tom,Meschery,,Saint Mary's,USA,78,215,0,1,0,1961,1,7
1629002,Chimezie,Metu,,USC,USA,82,225,0,1,1,2018,2,49
684,Loren,Meyer,,Iowa State,USA,82,260,0,1,1,1995,1,24
77586,Dave,Meyers,,UCLA,USA,81,215,0,1,0,1975,1,2
43221,Jerome,Meyinsse,,,,,,0,0,0,,,
52611,Jerome,Meyinsse,,,,,,0,0,0,,,
77587,Stan,Miasek,,No School,USA,77,210,0,1,0,-1,-1,-1
1962937921,Bryan,Michaels,,,,,,,,,,,
77588,Larry,Micheaux,,Houston,USA,81,220,0,1,0,1983,2,29
203995,Vasilije,Micic,,Serbia,Serbia,75,188,1,0,0,2014,2,52
8008,Pete,Mickael,,,,,,,,,,,
56028,Pete,Mickeal,,,,,,,,,,,
1626175,Jordan,Mickey,,Louisiana State,USA,80,235,0,1,1,2015,2,33
42581,Vladimir,Micov,,,,,,,,,,,
203114,Khris,Middleton,,,,,,FALSE,FALSE,FALSE,,,
77589,Zigmund,Mihalik,,Ford City HS (PA),USA,72,180,1,0,0,-1,-1,-1
2036,Chris,Mihm,,Texas,USA,84,265,0,0,1,2000,1,7
1628450,Eric,Mika,,Brigham Young,USA,82,233,0,0,0,-22,-22,-22
77590,Ed,Mikan,,DePaul,USA,80,230,0,0,1,1948,1,5
600012,George,Mikan,,DePaul,USA,82,245,0,0,1,-1,-1,-1
77591,Larry,Mikan,,Minnesota,USA,79,210,0,1,0,1970,4,64
77593,Vern,Mikkelsen,,Hamline,USA,79,230,0,1,0,1949,,
77594,Al,Miksis,,Western Illinois,USA,79,210,0,0,1,-1,-1,-1
40085,Arturas,Milaknis,,,,,,,,,,,
101223,Aaron,Miles,,Kansas,USA,73,190,1,0,0,-1,-1,-1
101139,CJ,Miles,,Skyline HS (TX),USA,78,220,1,0,0,2005,2,34
2032,Darius,Miles,,No College,USA,81,235,0,1,0,2000,1,3
77596,Eddie,Miles,,Seattle,USA,76,195,1,0,0,1963,1,4
1627776,Isaiah,Miles,,,,,,,,,,,
1641756,Mike,Miles Jr.,,,USA,,,0,0,0,-22,-22,-22
1527,Marko,Milic,,Union Olimpija,Slovenia,78,235,0,0,0,1997,2,33
2545,Darko,Milicic,,Hemoform,Serbia,84,275,0,0,1,2003,1,2
41012,Branko,Milisavljevic,,,,,,,,,,,
77598,Nat,Militzok,,Cornell,USA,,,0,1,0,-1,-1,-1
1889,Andre,Miller,,Utah,USA,75,200,1,0,0,1999,1,8
292,Anthony,Miller,,Michigan State,USA,81,255,0,1,0,1994,2,39
77605,Bill,Miller,,North Carolina,USA,,,0,1,0,-1,-1,-1
77603,Bob,Miller,,Cincinnati,USA,82,230,0,1,0,1978,4,85
1802,Brad,Miller,,Purdue,USA,84,261,0,1,1,-1,-1,-1
1641706,Brandon,Miller,,,,,,FALSE,FALSE,FALSE,,,
203121,Darius,Miller,,Kentucky,USA,78,225,0,1,0,2012,2,46
77602,Dick,Miller,,Toledo,USA,78,215,0,1,0,1980,2,40
77599,Eddie,Miller,,Syracuse,USA,80,225,0,1,0,1952,,
1641801,Emanuel,Miller,,TCU,Canada,77,215,0,1,0,,,
77600,Harry,Miller,,North Carolina,USA,76,230,0,0,1,-1,-1,-1
1630627,Isaiah,Miller,,,USA,,,,,,-1,-1,-1
77601,Jay,Miller,,Notre Dame,USA,77,205,0,1,0,-1,-1,-1
1641757,Jordan,Miller,,,,,,,,,,,
1631159,Leonard,Miller,,,,,,,,,,,
1626259,Malcolm,Miller,,Holy Cross,USA,79,210,1,1,0,-1,-1,-1
2034,Mike,Miller,,Florida,USA,80,218,1,1,0,2000,1,5
932,Oliver,Miller,,Arkansas,USA,81,315,0,0,1,1992,1,22
196294550,Patrick,Miller,,,,,,1,0,0,,,
200859,Paul,Miller,,,,,,,,,,,
1966938208,Quincy,Miller,,,,,,,,,,,
203113,Quincy,Miller,,Baylor,USA,81,210,0,1,0,2012,2,38
397,Reggie,Miller,,UCLA,USA,79,195,1,0,0,1987,1,11
77604,Walt,Miller,,Duquesne,USA,74,190,0,1,0,-1,-1,-1
1629149,Codi,Miller-McIntyre,,,,,,,,,,,
168,Chris,Mills,,Arizona,USA,79,220,0,1,0,1993,1,22
77606,John,Mills,,Western Kentucky,USA,80,203,0,0,1,-1,-1,-1
201988,Patty,Mills,,St. Mary's,Australia,74,180,1,0,0,2009,2,55
371,Terry,Mills,,Michigan,USA,82,250,0,1,0,1990,1,16
202407,Elijah,Millsap,,Alabama-Birmingham,USA,79,215,1,1,0,-1,-1,-1
200794,Paul,Millsap,,Louisiana Tech,USA,79,257,0,1,0,2006,2,47
41207,Strahinja,Milosevic,,,,,,,,,,,
1629003,Shake,Milton,,Southern Methodist,USA,77,205,1,0,0,2018,2,54
2777,Ricky,Minard,,,,,,,,,,,
1631303,Justin,Minaya,,Providence,USA,77,205,0,1,0,,,
64149,Rafael,Mineiro,,,,,,,,,,,
114,Harold,Miner,,Southern California,USA,77,210,1,0,0,1992,1,12
2397,Yao,Ming,,Shanghai,China,90,310,0,0,1,2002,1,1
1642434,Riley,Minix,,,,,,,,,,,
1626305,Nick,Minnerath,,,,,,,,,,,
1962937771,Nick,Minnerath,,,,,,0,0,0,,,
77609,Dirk,Minniefield,,Kentucky,USA,75,180,1,0,0,1983,2,33
77610,Dave,Minor,,UCLA,USA,74,185,1,0,0,-1,-1,-1
65,Greg,Minor,,Louisville,USA,78,230,1,0,0,1994,1,25
77612,Mark,Minor,,Ohio State,USA,78,215,0,1,0,1972,1,165
1631169,Josh,Minott,,,,,,,,,,,
1641758,Judah,Mintz,,,USA,,,0,0,0,-22,-22,-22
56078,Albert,Miralles,,,,,,,,,,,
1962937931,Ruan,Miranda,,,,,,,,,,,
202703,Nikola,Mirotic,,Real Madrid,Montenegro,82,250,0,1,0,2011,1,23
56051,Nikola,Mirotic,,,,,,,,,,,
77613,Wat,Misaka,,Utah,USA,67,150,1,0,0,1947,,
1954,Jason,Miskiri,,George Mason,USA,74,185,1,0,0,-1,-1,-1
1642274,Yves,Missi,,,,,,FALSE,FALSE,FALSE,,,
196294591,Nathan,Missia-Dio,,,,,,,,,,,
1642349,Ajay,Mitchell,,,,,,,,,,,
204064,Akil,Mitchell,,,,,,,,,,,
1630558,Davion,Mitchell,,,,,,FALSE,FALSE,FALSE,,,
1628378,Donovan,Mitchell,,,,,,FALSE,FALSE,FALSE,,,
77615,Mike,Mitchell,,Auburn,USA,79,215,0,1,0,1978,1,15
77616,Murray,Mitchell,,Sam Houston State,USA,78,,0,0,1,1948,,
417,Sam,Mitchell,,Mercer,USA,79,215,0,1,0,1985,3,54
77614,Todd,Mitchell,,Purdue,USA,79,205,0,1,0,1988,2,43
202959,Tommy,Mitchell,,,,,,,,,,,
203183,Tony,Mitchell,,Alabama,USA,78,216,0,1,0,-1,-1,-1
203502,Tony,Mitchell,,North Texas,USA,80,235,0,1,0,2013,2,37
1630342,Trhae,Mitchell,,,USA,,,0,0,0,-22,-22,-22
1628513,Naz,Mitrou-Long,,Iowa State,Canada,75,218,1,0,0,-1,-1,-1
41211,Aleksandar,Mitrovic,,,,,,,,,,,
77618,Steve,Mix,,Toledo,USA,79,215,0,1,0,1969,5,61
77619,Bill,Mlkvy,,Temple,USA,76,190,0,1,0,1952,,
1749,Cuttino,Mobley,,Rhode Island,USA,76,215,1,0,0,1998,2,41
211,Eric,Mobley,,Pittsburgh,USA,83,235,0,0,1,1994,1,18
1630596,Evan,Mobley,,,,,,FALSE,FALSE,FALSE,,,
1630600,Isaiah,Mobley,,USC,USA,80,238,0,1,0,2022,2,49
1627865,Egidijus,Mockevicius,,,,,,,,,,,
77621,Larry,Moffett,,UNLV,USA,80,210,0,1,0,1977,2,34
1642367,Jonathan,Mogbo,,,,,,,,,,,
77622,Leo,Mogus,,Youngstown State,USA,76,190,0,1,0,-1,-1,-1
1737,Nazr,Mohammed,,Kentucky,USA,82,250,0,0,1,1998,1,29
2040,Jerome,Moiso,,UCLA,France,82,235,0,1,0,2000,1,11
544,Moiso,Moiso,,,,,,,,,,,
77623,Paul,Mokeski,,Kansas,USA,84,250,0,0,1,1979,2,42
1629690,Adam,Mokoka,,Mega Basket,France,76,190,1,0,0,-1,-1,-1
77624,Jack,Molinas,,Columbia,USA,78,200,0,1,0,1953,1,3
77625,Wayne,Molis,,Lewis,USA,80,230,0,1,0,1965,10,75
27026,Craig,Moller,,,,,,,,,,,
64021,Craig,Moller,,,,,,,,,,,
77626,Sidney,Moncrief,,Arkansas,USA,76,180,1,0,0,1979,1,5
201776,David,Monds,,,,,,,,,,,
1631320,Chima,Moneke,,Cal-Davis,Nigeria,77,223,0,1,0,-1,-1,-1
77627,Eric,Money,,Arizona,USA,72,170,1,0,0,1974,2,33
2752,Sergei,Monia,,CSKA Moscow,Russia,80,220,0,0,0,2004,1,23
1628370,Malik,Monk,,,,,,,,,,,
600006,Earl,Monroe,,Winston-Salem State,USA,75,185,1,0,0,1967,1,2
202328,Greg,Monroe,,Georgetown,USA,82,250,0,1,1,2010,1,7
77628,Rodney,Monroe,,North Carolina State,USA,75,185,1,0,0,1991,2,30
1626242,Luis,Montero,,Westchester C.C.,Dominican Republic,79,185,0,0,0,-22,-22,-22
1630272,EJ,Montgomery,,,USA,,,0,0,0,-22,-22,-22
77630,Howie,Montgomery,,Texas-Pan American,USA,76,220,0,1,0,1962,7,59
376,Eric,Montross,,North Carolina,USA,84,270,0,0,1,1994,1,9
1630541,Moses,Moody,,,,,,,,,,,
200081,Jamario,Moon,,Meridian CC,USA,80,205,0,1,0,-1,-1,-1
1629875,Xavier,Moon,,Morehead State,USA,72,165,1,0,0,-1,-1,-1
77631,Jim,Mooney,,Villanova,USA,77,215,0,1,0,-1,-1,-1
1629760,Matt,Mooney,,Texas Tech,USA,74,199,1,0,0,-1,-1,-1
196295063,Matt,Mooney,,,,,,0,0,0,,,
77632,Andre,Moore,,Loyola-Chicago,USA,81,215,0,1,0,1987,2,31
64077,Armani,Moore,,,,,,,,,,,
1628500,Ben,Moore,,Southern Methodist,USA,80,220,0,1,0,-1,-1,-1
1629078,Doral,Moore,,,,,,,,,,,
202734,E'Twaun,Moore,,Purdue,USA,75,191,1,0,0,2011,2,55
77634,Jackie,Moore,,La Salle,USA,77,180,0,1,0,-1,-1,-1
77633,Johnny,Moore,,Texas,USA,73,175,1,0,0,1979,2,43
77635,Lowes,Moore,,West Virginia,USA,73,170,1,0,0,1980,3,52
1630,Mikki,Moore,,Nebraska,USA,84,225,0,1,1,-1,-1,-1
1641760,Omari,Moore,,,USA,,,0,0,0,-22,-22,-22
77636,Otto,Moore,,Texas-Pan American,USA,83,205,0,0,1,1968,1,6
203377,Ramone,Moore,,,,,,,,,,,
77637,Ron,Moore,,West Virginia State,USA,84,260,0,0,1,1987,2,25
1631386,Taze,Moore,,Houston,USA,77,195,1,0,0,-22,-22,-22
929,Tracy,Moore,,Tulsa,USA,76,200,1,0,0,-1,-1,-1
1631111,Wendell,Moore Jr.,,,,,,,,,,,
196294592,Jonathan,Mor,,,,,,0,1,0,,,
1966938156,Jonathan,Mor,,,,,,,,,,,
203577,Carlos,Morais,,,,,,,,,,,
1631457,Alex,Morales,,,,,,,,,,,
1629630,Ja,Morant,,Murray State,USA,74,174,1,0,0,2019,1,2
6007,Marco,Mordente,,,,,,,,,,,
1626213,Yanick,Moreira,,,,,,,,,,,
203961,Eric,Moreland,,Oregon State,USA,82,238,0,1,1,-1,-1,-1
77639,Jackie,Moreland,,Louisiana Tech,USA,79,215,0,1,0,1960,1,4
77640,Guy,Morgan,,Wake Forest,USA,80,205,1,0,0,1982,2,40
1628456,Jeremy,Morgan,,,,,,,,,,,
1629752,Juwan,Morgan,,Indiana,USA,79,232,0,1,0,-1,-1,-1
77641,Rex,Morgan,,Jacksonville,USA,77,190,1,0,0,1970,2,21
77642,Elmo,Morgenthaler,,New Mexico Tech,USA,81,230,0,0,1,-1,-1,-1
1628734,Yannis,Morin,,,,,,,,,,,
56083,Zach,Morley,,,,,,,,,,,
77644,Darren,Morningstar,,Pittsburgh,USA,82,235,0,0,1,1992,2,47
356,Chris,Morris,,Auburn,USA,80,228,0,1,0,1988,1,4
202721,Darius,Morris,,Michigan,USA,76,195,1,0,0,2011,2,41
77647,Isaiah,Morris,,Arkansas,USA,80,229,0,1,0,1992,2,37
1628537,Jaylen,Morris,,Molloy,USA,77,185,1,0,0,-1,-1,-1
202693,Markieff,Morris,,Kansas,USA,81,245,0,1,0,2011,1,13
77646,Max,Morris,,Northwestern,USA,74,195,0,1,0,-1,-1,-1
1628420,Monte,Morris,,Iowa State,USA,74,183,1,0,0,2017,2,51
201043,Randolph,Morris,,Kentucky,USA,83,275,0,0,1,-1,-1,-1
2242,Terence,Morris,,Maryland,USA,81,221,0,1,0,2001,2,33
8009,Terence,Morris,,,,,,,,,,,
101259,Toree,Morris,,,,,,,,,,,
202694,Marcus,Morris Sr.,,Kansas,USA,80,218,0,1,0,2011,1,14
200747,Adam,Morrison,,Gonzaga,USA,80,205,0,1,0,2006,1,3
77648,Dwight,Morrison,,Idaho,USA,80,220,0,1,0,1954,2,14
77649,Mike,Morrison,,Loyola-Maryland,USA,76,195,1,0,0,1989,2,51
201627,Anthony,Morrow,,Georgia Tech,USA,77,210,1,0,0,-1,-1,-1
196294092,Anthony,Morse,,,,,,0,0,0,,,
132,Dwayne,Morton,,Louisville,USA,79,195,1,0,0,1994,2,45
1972,John,Morton,,Seton Hall,USA,75,180,0,1,0,1989,1,25
77652,Richard,Morton,,California State-Fullerton,USA,75,190,0,1,0,-22,-22,-22
77653,Glenn,Mosley,,Seton Hall,USA,80,195,0,1,0,1977,1,20
56069,David,Moss,,,,,,,,,,,
77654,Perry,Moss,,Northeastern,USA,74,185,1,0,0,1982,3,69
734,Lawrence,Moten,,Syracuse,USA,77,190,1,0,0,1995,2,36
202700,Donatas,Motiejunas,,Lithuania,Lithuania,84,220,0,1,1,2011,1,20
1628405,Johnathan,Motley,,Baylor,USA,80,230,0,1,0,-1,-1,-1
196294612,Felipe,Motta,,,,,,,,,,,
2069,Hanno,Mottola,,Utah,Finland,83,247,0,1,1,2000,2,40
204026,Brock,Motum,,,,,,,,,,,
203102,Arnett,Moultrie,,Mississippi State,USA,82,240,0,1,0,2012,1,27
297,Alonzo,Mourning,,Georgetown,USA,82,261,0,0,1,1992,1,2
202389,Timofey,Mozgov,,Khimki,Russia,85,275,0,0,1,-1,-1,-1
518,Timofey,Mozgov,,,,,,,,,,,
588,Harold,Mrazek,,,,,,,,,,,
77657,Chuck,Mrazovich,,Eastern Kentucky,USA,77,185,0,1,0,1950,3,
1626144,Emmanuel,Mudiay,,Guangdong,DRC,75,200,1,0,0,2015,1,7
1966938147,Alex,Mudronja,,,,,,,,,,,
77658,Erwin,Mueller,,San Francisco,USA,80,230,0,1,0,1966,2,20
200894,Isma'il,Muhammad,,,,,,,,,,,
203498,Shabazz,Muhammad,,UCLA,USA,78,221,1,1,0,2013,1,14
1628539,Mychal,Mulder,,Kentucky,Canada,75,195,1,0,0,-22,-22,-22
77659,Joe,Mullaney,,Holy Cross,USA,72,165,1,0,0,-22,-22,-22
77660,Bob,Mullens,,Fordham,USA,,,0,0,0,-22,-22,-22
201957,Byron,Mullens,,Ohio State,USA,84,275,0,0,1,2009,1,24
904,Chris,Mullin,,St. John's (NY),USA,79,215,0,1,0,1985,1,7
77662,Jeff,Mullins,,Duke,USA,76,190,1,0,0,1964,1,5
40047,Alex,Mumbru,,,,,,,,,,,
42553,Alex,Mumbru,,,,,,,,,,,
942,Todd,Mundt,,Delta State,USA,84,255,0,0,1,-22,-22,-22
204098,Xavier,Munford,,Rhode Island,USA,76,173,1,0,0,2014,,
77664,Chris,Munk,,Southern California,USA,81,225,0,1,0,-22,-22,-22
77665,George,Munroe,,Dartmouth,USA,71,170,1,0,0,-1,-1,-1
201342,Gabe,Muoneke,,,,,,,,,,,
2508,Gabe,Muoneke,,,,,,,,,,,
785,Eric,Murdock,,Providence,USA,73,200,0,0,0,1991,1,21
49,Gheorghe,Muresan,,Pau Orthez,Romania,91,303,0,0,1,1993,2,30
1630278,Ade,Murkey,,Denver,USA,77,200,1,0,0,-1,-1,-1
77668,Allen,Murphy,,Louisville,USA,76,190,1,0,0,1975,2,35
77669,Calvin,Murphy,,Niagara,USA,69,165,1,0,0,1970,2,18
77672,Dick,Murphy,,Manhattan,USA,73,175,1,0,0,-22,-22,-22
203513,Erik,Murphy,,Florida,Finland,82,230,0,1,0,2013,2,49
1642438,Grayson,Murphy,,,USA,,,0,0,0,-22,-22,-22
77670,Jay,Murphy,,Boston College,USA,81,220,0,1,0,1984,2,31
77671,John,Murphy,,Simon Gratz HS (PA),USA,74,175,0,1,0,1975,8,140
1629818,Jordan,Murphy,,,,,,,,,,,
203122,Kevin,Murphy,,Tennessee Tech,USA,78,185,1,0,0,2012,2,47
77673,Ronnie,Murphy,,Jacksonville,USA,77,225,0,1,0,1987,1,17
77674,Tod,Murphy,,California-Irvine,USA,81,220,0,0,1,1986,3,53
2211,Troy,Murphy,,Notre Dame,USA,83,245,0,1,1,2001,1,14
1630530,Trey,Murphy III,,,,,,FALSE,FALSE,FALSE,,,
1627749,Dejounte,Murray,,,,,,FALSE,FALSE,FALSE,,,
2436,Flip,Murray,,Shaw,USA,75,200,1,0,0,2002,2,41
1627750,Jamal,Murray,,,,,,FALSE,FALSE,FALSE,,,
1631099,Keegan,Murray,,,,,,,,,,,
77675,Ken,Murray,,St. Bonaventure,USA,74,190,1,0,0,1950,4,
1631200,Kris,Murray,,,,,,,,,,,
441,Lamond,Murray,,California,USA,79,235,0,1,0,1994,1,7
145,Tracy,Murray,,UCLA,USA,79,228,0,1,0,1992,1,18
1642867,Collin,Murray-Boyles,,,,,,,,,,,
77676,Dorie,Murrey,,Detroit,USA,80,215,0,1,0,1966,2,12
203315,Toure',Murry,,Wichita State,USA,77,195,0,1,0,-1,-1,-1
1629058,Dzanan,Musa,,Cedevita,Bosnia and Herzegovina,81,217,1,1,0,2018,1,29
196294544,Dzanan,Musa,,,,,,0,1,0,,,
203488,Mike,Muscala,,Bucknell,USA,82,240,0,1,1,2013,2,44
77677,Angelo,Musi,,Temple,USA,69,145,1,0,0,-1,-1,-1
11252,Dejan,Musli,,,,,,,,,,,
1054,Jerrod,Mustaf,,Maryland,USA,82,238,0,1,0,1990,1,17
87,Dikembe,Mutombo,,Georgetown,Congo,86,260,0,0,1,1991,1,4
982,Martin,Muursepp,,Maccabi Tel Aviv,Estonia,81,235,0,1,0,1996,1,25
64132,Shirelijian,Muxtar,,,,,,1,0,0,,,
939,Pete,Myers,,Arkansas-Little Rock,USA,78,192,1,0,0,1986,6,120
1629004,Svi,Mykhailiuk,,,,,,,,,,,
1823,Makhtar,N'diaye,,North Carolina,Senegal,80,245,0,1,0,-22,-22,-22
2055,Mamadou,N'diaye,,Auburn,Senegal,84,255,0,0,1,2000,1,26
77681,Bob,Naber,,Louisville,USA,75,185,0,1,0,-1,-1,-1
77682,Boris,Nachamkin,,New York University,USA,78,210,0,1,0,1954,2,16
2411,Bostjan,Nachbar,,Benetton Treviso,Slovenia,81,221,0,1,0,2002,1,15
1627846,Abdel,Nader,,Iowa State,Egypt,77,225,0,1,0,2016,2,58
77683,Jerry,Nagel,,Loyola-Chicago,USA,72,190,1,0,0,1949,4,
77684,Fred,Nagy,,Akron,USA,73,185,1,0,0,1947,,
1924,Lee,Nailon,,TCU,USA,81,238,0,1,0,1999,2,43
2059,Eduardo,Najera,,Oklahoma,Mexico,80,235,0,1,0,2000,2,38
77685,Larry,Nance,,Clemson,USA,82,205,0,1,0,1981,1,20
1631250,Pete,Nance,,,,,,FALSE,FALSE,FALSE,,,
1626204,Larry,Nance Jr.,,,,,,,,,,,
203894,Shabazz,Napier,,Connecticut,USA,72,175,1,0,0,2014,1,24
77686,Paul,Napolitano,,San Francisco,USA,74,185,0,0,0,-22,-22,-22
77688,Bob,Nash,,Hawaii,USA,80,195,0,1,0,1972,1,9
77687,Charles,Nash,,Kentucky,USA,77,215,0,1,0,1964,2,12
959,Steve,Nash,,Santa Clara,Canada,75,178,1,0,0,1996,1,15
77689,Swen,Nater,,UCLA,USA,83,240,0,0,1,1973,1,16
77690,Howard,Nathan,,Louisiana-Monroe,USA,71,175,1,0,0,-1,-1,-1
77691,Calvin,Natt,,Louisiana-Monroe,USA,78,220,0,1,0,1979,1,8
77692,Kenny,Natt,,Louisiana-Monroe,USA,75,185,1,0,0,1980,2,30
77693,Willie,Naulls,,UCLA,USA,78,225,0,1,0,1956,,
2434,Juan Carlos,Navarro,,FC Barcelona,Spain,75,170,0,0,0,2002,2,39
56018,Juan Carlos,Navarro,,,,,,,,,,,
8010,Juan Carlos,Navarro,,,,,,,,,,,
566,Navarro,Navarro,,,,,,,,,,,
202404,Drew,Naymick,,,,,,,,,,,
1642947,Eli John,Ndiaye,,,,,,,,,,,
196294543,Eli John,Ndiaye,,,,,,,,,,,
202380,Hamady,Ndiaye,,Rutgers,Senegal,84,235,0,0,1,2010,2,56
101238,Boniface,Ndong,,Dijon,Senegal,84,205,0,0,1,-1,-1,-1
40060,Boniface,Ndong,,,,,,,,,,,
8011,Boniface,Ndong,,,,,,,,,,,
1626254,Maurice,Ndour,,Ohio,Senegal,81,200,0,1,0,-1,-1,-1
1626304,Youssou,Ndoye,,,,,,,,,,,
77694,Craig,Neal,,Georgia Tech,USA,77,165,1,0,0,1988,3,71
202390,Gary,Neal,,Towson,USA,76,210,1,0,0,-1,-1,-1
77695,Jim,Neal,,Wofford,USA,83,235,0,0,1,1953,1,6
77696,Lloyd,Neal,,Tennessee State,USA,79,225,0,1,0,1972,3,31
77697,Ed,Nealy,,Kansas State,USA,79,238,0,1,0,1982,8,166
203517,Nemanja,Nedovic,,Lietuvos rytas Vilnius,Serbia,75,192,1,0,0,2013,1,30
77698,Al,Negratti,,Seton Hall,USA,75,200,0,1,0,-1,-1,-1
202957,Drew,Neitzel,,,,,,,,,,,
77699,Barry,Nelson,,Duquesne,USA,82,230,0,0,1,1971,5,85
201634,DeMarcus,Nelson,,Duke,USA,76,200,1,0,0,-1,-1,-1
77700,Don,Nelson,,Iowa,USA,78,210,0,1,0,1962,3,17
1641761,Grant,Nelson,,,,,,,,,,,
2749,Jameer,Nelson,,St. Joseph's (PA),USA,72,190,1,0,0,2004,1,20
77701,Louie,Nelson,,Washington,USA,75,190,1,0,0,1973,2,19
101226,Matt,Nelson,,,,,,,,,,,
203153,Reeves,Nelson,,,,,,,,,,,
101208,Spencer,Nelson,,,,,,,,,,,
1629614,Andrew,Nembhard,,,,,,FALSE,FALSE,FALSE,,,
1129,Ruben,Nembhard,,Weber State,USA,75,208,1,0,0,-1,-1,-1
1642948,Ryan,Nembhard,,,,,,FALSE,FALSE,FALSE,,,
1630612,RJ,Nembhard Jr.,,TCU,USA,76,200,1,0,0,-1,-1,-1
64152,David,Nesbitt,,,,,,,,,,,
1838,Tyrone,Nesby,,UNLV,USA,78,245,1,1,0,-1,-1,-1
1630174,Aaron,Nesmith,,,,,,FALSE,FALSE,FALSE,,,
77704,Martin,Nessley,,Duke,USA,86,260,0,1,0,1987,6,116
1725,Rasho,Nesterovic,,Virtus Bologna,Slovenia,84,255,0,0,1,1998,1,17
203526,Raul,Neto,,Murcia,Brazil,74,180,1,0,0,2013,2,47
1966938132,Elio,Netto,,,,,,,,,,,
77705,Johnny,Neumann,,Mississippi,USA,78,200,1,0,0,1973,6,98
77706,Paul,Neumann,,Stanford,USA,73,175,1,0,0,1959,4,27
202075,Luke,Nevill,,,,,,,,,,,
77707,Chuck,Nevitt,,North Carolina State,USA,89,217,0,0,1,1982,3,63
1116,Melvin,Newbern,,Minnesota,USA,76,200,1,0,0,-1,-1,-1
1096,Ivano,Newbill,,Georgia Tech,USA,82,245,0,0,1,-22,-22,-22
1956,Ira,Newble,,Miami (Ohio),USA,79,220,1,1,0,-1,-1,-1
1642854,Asa,Newell,,,,,,,,,,,
1962937734,Brad,Newley,,,,,,0,0,0,,,
201194,Brad,Newley,,,,,,,,,,,
77710,Mike,Newlin,,Utah,USA,76,200,1,0,0,1971,2,24
271,Johnny,Newman,,Richmond,USA,79,210,0,1,0,1986,2,29
1629005,Malik,Newman,,Kansas,USA,75,190,1,0,0,2018,,
77712,Dave,Newmark,,Columbia,USA,84,240,0,0,1,1968,3,31
201232,Jared,Newson,,,,,,,,,,,
1641803,Tristen,Newton,,,,,,,,,,,
64081,Jordan,Ngatai,,,,,,,,,,,
162777,Georges,Niang,,,,,,,,,,,
1627777,Georges,Niang,,Iowa State,USA,79,230,0,1,0,2016,2,50
581,Drew,Nicholas,,,,,,,,,,,
201193,Demetris,Nichols,,Syracuse,USA,80,216,0,0,0,2007,2,53
77713,Jack,Nichols,,Washington,USA,79,222,0,0,1,1948,1,12
203094,Andrew,Nicholson,,St. Bonaventure,Canada,81,250,0,1,0,2012,1,19
1093,Gaylon,Nickerson,,Nortwestern Oklahoma State,USA,75,190,1,0,0,1994,2,34
77715,Carl,Nicks,,Indiana State,USA,73,175,1,0,0,1980,1,23
1642949,Yanic Konan,Niederhauser,,,,,,,,,,,
6663993,Matthew,Nielsen,,,,,,,,,,,
77716,Rich,Niemann,,St. Louis,USA,84,245,0,0,1,1968,4,42
77717,John,Niemiera,,Notre Dame,USA,73,165,1,0,0,-1,-1,-1
77718,Mike,Niles,,California State-Fullerton,USA,78,225,0,1,0,1979,4,83
77719,Kurt,Nimphius,,Arizona State,USA,82,218,0,0,1,1980,3,47
7007,Yoni,Nir,,,,,,,,,,,
1630227,Daishen,Nix,,NBA G League Ignite,USA,75,226,1,0,0,,,
77720,Dyron,Nix,,Tennessee,USA,79,210,1,0,0,1989,2,29
77721,Norm,Nixon,,Duquesne,USA,74,170,1,0,0,1977,1,22
1630192,Zeke,Nnaji,,,,,,,,,,,
1628477,Landry,Nnoko,,,,,,,,,,,
201149,Joakim,Noah,,Florida,USA,83,232,0,1,1,2007,1,9
77722,Chuck,Noble,,Louisville,USA,76,190,1,0,0,1954,4,30
2804,Andres,Nocioni,,Tau Ceramica,Argentina,79,225,0,1,0,-1,-1,-1
200786,David,Noel,,North Carolina,USA,78,230,1,1,0,2006,2,39
203457,Nerlens,Noel,,Kentucky,USA,83,220,0,1,1,2013,1,6
77723,Paul,Noel,,Kentucky,USA,76,185,0,1,0,-1,-1,-1
203512,Lucas,Nogueira,,Estudiantes,Brazil,84,220,0,0,1,2013,1,16
77724,Jim,Nolan,,Georgia Tech,USA,80,210,0,0,1,1949,2,
77725,Paul,Nolen,,Texas Tech,USA,82,,0,0,1,1953,,
1641805,Landers,Nolley II,,,USA,,,0,0,0,-22,-22,-22
999,Jeff,Nordgaard,,Wisconsin-Green Bay,USA,79,225,0,1,0,1996,2,53
77727,Robert,Nordmann,,St. Louis,USA,82,225,0,0,1,1961,3,25
77728,Johnny,Norlander,,Hamline,USA,75,180,0,1,0,-1,-1,-1
77729,Connie,Norman,,Arizona,USA,75,175,1,0,0,1974,3,37
80,Ken,Norman,,Illinois,USA,80,228,0,1,0,1987,1,19
77731,Audie,Norris,,Jackson State,USA,81,230,0,0,1,1982,2,37
1641936,Miles,Norris,,Cal-Santa Barbara,USA,79,220,0,0,0,-22,-22,-22
983,Moochie,Norris,,West Florida,USA,73,185,1,0,0,1996,2,33
77732,Sylvester,Norris,,Jackson State,USA,83,220,0,0,1,1979,3,63
64036,Mitch,Norton,,,,,,,,,,,
1629668,Zach,Norvell Jr.,,Gonzaga,USA,77,205,0,0,0,-22,-22,-22
77733,Willie,Norwood,,Alcorn State,USA,79,220,0,1,0,1969,2,19
77734,George,Nostrand,,Wyoming,USA,80,195,0,0,1,-1,-1,-1
77735,Stan,Noszka,,Duquesne,USA,73,185,1,0,0,-1,-1,-1
77736,Mike,Novak,,Loyola-Chicago,USA,81,219,0,0,1,-1,-1,-1
200779,Steve,Novak,,Marquette,USA,82,225,0,1,0,2006,2,32
1629669,Jaylen,Nowell,,Washington,USA,76,201,1,0,0,2019,2,43
1641806,Markquis,Nowell,,Kansas State,USA,67,160,0,0,0,-22,-22,-22
77737,Mel,Nowell,,Ohio State,USA,74,170,1,0,0,1962,12,90
1717,Dirk,Nowitzki,,DJK Wurzburg,Germany,84,245,0,1,0,1998,1,9
1628373,Frank,Ntilikina,,Strasbourg IG,France,76,200,1,0,0,2017,1,8
1629134,Kendrick,Nunn,,Oakland,USA,75,190,1,0,0,-1,-1,-1
203263,James,Nunnally,,Cal-Santa Barbara,USA,79,205,0,1,0,-1,-1,-1
203994,Jusuf,Nurkic,,,,,,,,,,,
77738,Dennis,Nutt,,TCU,USA,74,170,1,0,0,-1,-1,-1
1628021,David,Nwaba,,Cal Poly-Obispo,USA,77,219,1,1,0,-22,-22,-22
203327,Daniel,Nwaelele,,,,,,,,,,,
1636,Ike,Nwankwo,,,,,,,,,,,
1629670,Jordan,Nwora,,Louisville,USA,80,225,0,1,0,2020,2,45
1022,Julius,Nwosu,,Liberty,USA,82,255,0,1,0,-1,-1,-1
1525,Charles,O'Bannon,,UCLA,USA,77,209,1,0,0,1997,2,31
709,Ed,O'Bannon,,UCLA,USA,80,222,0,1,0,1995,1,9
77741,Ed,O'Bannon,,,,,,,,,,,
7008,Larry,O'Bannon,,,,,,,,,,,
77742,John,O'Boyle,,Colorado State,USA,74,185,1,0,0,-1,-1,-1
77744,Bob,O'Brien,,Pepperdine,USA,76,190,0,1,0,-1,-1,-1
77743,Buckshot,O'Brien,,Butler,USA,,,0,0,0,1950,6,
1626266,JJ,O'Brien,,San Diego State,USA,79,220,0,1,0,-1,-1,-1
200753,Patrick,O'Bryant,,Bradley,USA,84,250,0,0,1,2006,1,9
203948,Johnny,O'Bryant III,,Louisiana State,USA,81,257,0,0,0,2014,2,36
1631499,Alex,O'Connell,,,USA,,,0,0,0,-22,-22,-22
77745,Dermie,O'Connell,,Holy Cross,USA,72,174,1,0,0,-1,-1,-1
77746,Andy,O'Donnell,,Loyola-Maryland,USA,73,180,1,0,0,-1,-1,-1
77750,Francis,O'Grady,,Georgetown,USA,71,160,1,0,0,-1,-1,-1
77752,Dick,O'Keefe,,Santa Clara,USA,74,185,0,0,0,1947,1,9
77753,Tommy,O'Keefe,,Georgetown,USA,74,185,1,0,0,1950,4,
77754,Mike,O'Koren,,North Carolina,USA,79,207,0,1,0,1980,1,6
77766,Grady,O'Malley,,Manhattan,USA,77,205,0,1,0,1969,1,214
979,Jermaine,O'Neal,,Eau Claire HS (SC),USA,83,255,0,1,1,1996,1,17
406,Shaquille,O'Neal,,Louisiana State,USA,85,325,0,0,1,1992,1,1
1626220,Royce,O'Neale,,,,,,FALSE,FALSE,FALSE,,,
77767,Mike,O'Neill,,California,USA,75,210,0,1,0,-1,-1,-1
203124,Kyle,O'Quinn,,Norfolk State,USA,81,250,0,1,1,2012,2,49
77773,Kevin,O'Shea,,Notre Dame,USA,74,175,0,0,0,1950,1,10
77774,Garland,O'Shields,,Tennessee,USA,73,195,1,0,0,-1,-1,-1
77776,Dan,O'Sullivan,,Fordham,USA,82,250,0,0,0,-1,-1,-1
891,Charles,Oakley,,Virginia Union,USA,81,245,0,1,0,1985,1,9
101177,Fabricio,Oberto,,Valencia,Argentina,82,245,0,0,1,-1,-1,-1
201236,Lukasz,Obrzut,,,,,,,,,,,
1627849,Daniel,Ochefu,,Villanova,USA,83,245,0,1,0,-1,-1,-1
201141,Greg,Oden,,Ohio State,USA,84,273,0,0,1,2007,1,1
1629826,Norense,Odiase,,,,,,,,,,,
1885,Lamar,Odom,,Rhode Island,USA,82,230,0,1,0,1999,1,4
1642490,Josh,Oduro,,,USA,,,0,0,0,-22,-22,-22
42568,Ike,Ofoegbu,,,,,,,,,,,
43237,Ike,Ofoegbu,,,,,,,,,,,
77747,Carlos,Ogden,,Santa Clara,USA,78,215,0,1,0,1969,1,13
77748,Ralph,Ogden,,Santa Clara,USA,77,205,0,1,0,1970,4,53
1628,Alan,Ogg,,Alabama-Birmingham,USA,86,240,0,0,1,-1,-1,-1
196294593,Yogev,Ohayon,,,,,,,,,,,
43189,Yogev,Ohayon,,,,,,,,,,,
77751,Don,Ohl,,Illinois,USA,75,190,1,0,0,1958,5,36
203317,Tim,Ohlbrecht,,Germany,Germany,83,255,0,1,1,-1,-1,-1
1628400,Semi,Ojeleye,,Southern Methodist,USA,78,240,0,1,0,2017,2,37
2731,Emeka,Okafor,,Connecticut,USA,82,255,0,0,1,2004,1,2
1626143,Jahlil,Okafor,,Duke,USA,82,270,0,1,1,2015,1,3
1629643,Chuma,Okeke,,Auburn,USA,79,229,0,1,0,2019,1,16
1629059,Elie,Okobo,,Elan Bearnais,France,75,190,1,1,0,2018,2,31
1629006,Josh,Okogie,,,,,,,,,,,
1630168,Onyeka,Okongwu,,,,,,FALSE,FALSE,FALSE,,,
1630171,Isaac,Okoro,,,,,,FALSE,FALSE,FALSE,,,
1629644,KZ,Okpala,,Stanford,USA,80,215,1,1,0,2019,2,32
2144,Ademola,Okulaja,,,,,,,,,,,
519,Ademola,Okulaja,,,,,,,,,,,
2246,Mehmet,Okur,,Efes Pilsen,Turkey,83,265,0,0,1,2001,2,37
203506,Victor,Oladipo,,Indiana,USA,75,213,0,0,0,2013,1,2
165,Hakeem,Olajuwon,,Houston,Nigeria,84,255,0,0,1,1984,1,1
77756,Mark,Olberding,,Minnesota,USA,80,225,0,1,0,-1,-1,-1
1642950,Lachlan,Olbrich,,,,,,,,,,,
77757,Jawann,Oldham,,Seattle,USA,84,215,0,0,1,1980,2,41
77758,Johnny,Oldham,,Western Kentucky,USA,75,175,1,0,0,1949,2,
196295498,Shai,Olearchik,,,,,,,,,,,
11256,Brad,Oleson,,,,,,,,,,,
77759,Frank,Oleynick,,Seattle,USA,74,185,1,0,0,1975,1,12
1642439,Quincy,Olivari,,Xavier,USA,75,200,1,0,0,,,
77760,John,Olive,,Villanova,USA,79,210,0,1,0,1977,8,168
202935,Adrian,Oliver,,,,,,,,,,,
1680,Brian,Oliver,,Georgia Tech,USA,76,210,1,0,0,1990,2,32
1628419,Cameron,Oliver,,Nevada,USA,80,239,0,1,0,-1,-1,-1
2352,Dean,Oliver,,Iowa,USA,71,175,1,0,0,-1,-1,-1
1429,Jimmy,Oliver,,Purdue,USA,77,205,1,0,0,1991,2,39
1563,Kevin,Ollie,,Connecticut,USA,74,195,1,0,0,-1,-1,-1
77764,Gene,Ollrich,,Drake,USA,71,160,1,0,0,-1,-1,-1
42547,Ayberk,Olmaz,,,,,,,,,,,
1709,Michael,Olowokandi,,Pacific,Nigeria,84,270,0,0,1,1998,1,1
77765,Enoch,Olsen,,Louisville,USA,80,220,0,1,0,1962,2,13
203482,Kelly,Olynyk,,,,,,,,,,,
1641807,Norchad,Omier,,,,,,,,,,,
1630647,Eugene,Omoruyi,,Oregon,Nigeria,78,235,0,1,0,,,
1629245,Nuni,Omot,,,Kenya,,,0,0,0,-22,-22,-22
56001,Omer,Onan,,,,,,,,,,,
1641861,Nick,Ongenda,,,South Africa,,,0,0,0,-22,-22,-22
1629671,Miye,Oni,,Yale,USA,77,206,1,1,0,2019,2,58
1630601,EJ,Onu,,,USA,,,0,0,0,-22,-22,-22
202620,Arinze,Onuaku,,Syracuse,USA,81,275,0,1,1,-1,-1,-1
1627778,Chinanu,Onuaku,,Louisville,USA,82,245,0,0,1,2016,2,37
77768,Barry,Orms,,St. Louis,USA,75,190,1,0,0,1968,8,96
77769,Johnny,Orr,,Beloit,USA,,,0,0,0,-22,-22,-22
77770,Louis,Orr,,Syracuse,USA,80,175,0,1,0,1980,2,29
77771,Jose,Ortiz,,Oregon State,USA,82,225,0,1,0,1987,1,15
202350,Daniel,Orton,,Kentucky,USA,82,255,0,0,1,2010,1,29
77772,Chuck,Osborne,,Western Kentucky,USA,78,210,0,1,0,1961,3,28
203528,Romero,Osby,,,,,,,,,,,
1626224,Cedi,Osman,,Anadolu Efes,Turkey,79,230,0,1,0,2015,2,31
77775,Wally,Osterkorn,,Illinois,USA,77,215,0,1,0,1950,2,
731,Greg,Ostertag,,Kansas,USA,86,280,0,0,1,1995,1,28
77777,Matt,Othick,,Arizona,USA,74,165,1,0,0,-1,-1,-1
77778,Don,Otten,,Bowling Green,USA,82,240,0,0,1,-1,-1,-1
77779,Mac,Otten,,Bowling Green,USA,,,0,1,0,1949,3,
1630187,Daniel,Oturu,,Minnesota,USA,80,240,0,0,1,2020,2,33
1628473,Yakuba,Ouattara,,,,,,,,,,,
1626162,Kelly,Oubre Jr.,,,,,,,,,,,
448,Bo,Outlaw,,Houston,USA,80,220,0,1,0,-1,-1,-1
2566,Travis,Outlaw,,Starkville HS (MS),USA,81,207,0,1,0,2003,1,23
77780,Claude,Overton,,East Central,USA,74,195,1,0,0,1950,5,
77,Doug,Overton,,La Salle,USA,75,190,1,0,0,1991,2,40
101261,Andre,Owens,,Houston,USA,76,200,1,0,0,-1,-1,-1
182,Billy,Owens,,Syracuse,USA,81,225,1,1,0,1991,1,3
2442,Chris,Owens,,Texas,USA,79,245,0,1,0,2002,2,47
77782,Eddie,Owens,,UNLV,USA,79,210,0,1,0,1977,2,31
77783,James,Owens,,Baylor,USA,75,185,1,0,0,-1,-1,-1
77784,Jim,Owens,,Arizona State,USA,77,200,0,1,0,1973,8,128
77785,Keith,Owens,,UCLA,USA,79,225,0,1,0,-1,-1,-1
202082,Larry,Owens,,Oral Roberts,USA,79,210,1,1,0,-1,-1,-1
1629745,Tariq,Owens,,Texas Tech,USA,82,205,0,1,0,-22,-22,-22
77786,Tom,Owens,,South Carolina,USA,82,215,0,0,1,1971,4,58
1077,Ray,Owes,,Arizona,USA,81,224,0,1,0,-1,-1,-1
2071,Olumide,Oyedeji,,DJK Wurzburg,Nigeria,82,240,0,0,0,2000,2,42
77788,Joe,Pace,,Coppin State,USA,82,220,0,0,1,1976,2,31
529,Pachoutine,Pachoutine,,,,,,,,,,,
2585,Zaza,Pachulia,,Ulkerspor,Georgia,83,270,0,0,1,2003,2,42
123,Robert,Pack,,Southern California,USA,74,190,1,0,0,-1,-1,-1
584,Bora Hun,Pacun,,,,,,,,,,,
77789,Gerald,Paddio,,UNLV,USA,79,205,0,1,0,1988,3,74
201624,David,Padgett,,,,,,,,,,,
1909,Scott,Padgett,,Kentucky,USA,81,240,0,1,0,1999,1,28
1629873,Jaysean,Paige,,West Virginia,USA,74,200,1,0,0,-1,-1,-1
1627779,Marcus,Paige,,North Carolina,USA,72,164,1,0,0,2016,2,55
77790,Fred,Paine,,Westminster,USA,77,210,0,1,0,-1,-1,-1
1960,Milt,Palacio,,Colorado State,Belize,76,210,1,0,0,-1,-1,-1
77791,Togo,Palazzi,,Holy Cross,USA,76,205,0,1,0,1954,1,5
77792,Jim,Palmer,,Dayton,USA,80,224,0,1,0,1957,2,12
77793,John,Palmer,,Princeton,USA,76,180,0,1,0,-1,-1,-1
202402,Kevin,Palmer,,,,,,,,,,,
1629309,Trayvon,Palmer,,Chicago St.,USA,78,200,1,0,0,-1,-1,-1
1185,Violet,Palmer,,,,,,,,,,,
77794,Walter,Palmer,,Dartmouth,USA,85,215,0,0,1,1990,2,33
1629615,James,Palmer Jr.,,,,,,,,,,,
204215,Bubu,Palo,,,,,,,,,,,
1630698,Kevin,Pangos,,Gonzaga,Canada,73,179,1,0,0,-1,-1,-1
1950,Andy,Panko,,Lebanon Valley,USA,81,245,0,1,0,-1,-1,-1
40046,Lazaros,Papadopoulos,,,,,,,,,,,
1627834,Georgios,Papagiannis,,Panathinaikos,Greece,85,240,0,0,1,2016,1,13
530,Theo,Papaloukas,,,,,,,,,,,
267617,Theodoros,Papaloukas,,,,,,,,,,,
203123,Kostas,Papanikolaou,,FC Barcelona,Greece,80,235,0,1,0,2012,2,48
2847,Adam,Parada,,,,,,,,,,,
2457,Jannero,Pargo,,Arkansas,USA,73,185,1,0,0,-1,-1,-1
202951,Jeremy,Pargo,,Gonzaga,USA,74,219,0,0,0,2009,0,0
42582,Jeremy,Pargo,,,,,,,,,,,
43181,Jeremy,Pargo,,,,,,0,0,0,,,
77797,Estes,Parham,,Texas Wesleyan,USA,75,200,0,1,0,1948,,
305,Robert,Parish,,Centenary-Louisiana,USA,85,244,0,0,1,1976,1,8
77799,Medford,Park,,Missouri,USA,74,205,1,0,0,-1,-1,-1
1515,Anthony,Parker,,Bradley,USA,78,210,1,0,0,1997,1,21
203953,Jabari,Parker,,Duke,USA,80,245,0,1,0,2014,1,2
2470,Smush,Parker,,Fordham,USA,76,190,1,0,0,-1,-1,-1
77800,Sonny,Parker,,Texas A&M,USA,78,200,0,1,0,1976,1,17
2225,Tony,Parker,,Paris Basket Racing,France,74,185,1,0,0,2001,1,28
77801,Jack,Parkinson,,Kentucky,USA,72,174,1,0,0,1948,,
685,Cherokee,Parks,,Duke,USA,83,240,0,1,1,1995,1,12
1966938137,Luciano,Parodi,,,,,,1,0,0,,,
196295481,Regina,Parquet,,,,,,,,,,,
77802,Jack,Parr,,Kansas State,USA,81,220,0,0,1,1958,10,70
77803,Doyle,Parrack,,Oklahoma State,USA,72,165,0,1,0,-1,-1,-1
77804,Charlie,Parsley,,Western Kentucky,USA,74,175,1,0,0,-1,-1,-1
202718,Chandler,Parsons,,Florida,USA,82,230,0,1,0,2011,2,38
1629672,Eric,Paschall,,Villanova,USA,78,255,0,1,0,2019,2,41
1628394,Anzejs,Pasecniks,,Gran Canaria,Latvia,86,229,0,1,1,2017,1,25
1097,Zarko,Paspalj,,Partizan,Serbia,81,215,0,1,0,-1,-1,-1
77806,Marty,Passaglia,,Santa Clara,USA,72,170,1,0,0,-1,-1,-1
77807,George A.,Pastushok,,St. John's (NY),USA,,,0,0,0,-1,-1,-1
77808,Myles,Patrick,,Auburn,USA,80,220,0,1,0,-1,-1,-1
77809,Stan,Patrick,,Illinois,USA,,,0,1,0,-1,-1,-1
1754,Andrae,Patterson,,Indiana,USA,81,238,0,1,0,1998,2,46
201001,Andre,Patterson,,,,,,,,,,,
77811,George,Patterson,,Toledo,USA,79,230,0,0,1,1961,12,100
203934,Lamar,Patterson,,Pittsburgh,USA,77,225,1,1,0,2014,2,48
202335,Patrick,Patterson,,Kentucky,USA,80,235,0,1,0,2010,1,14
1739,Ruben,Patterson,,Cincinnati,USA,77,223,0,1,0,1998,2,31
77812,Steve,Patterson,,UCLA,USA,81,225,0,0,1,1971,2,18
77813,Tommy,Patterson,,Ouachita Baptist,USA,78,220,0,1,0,1972,2,25
77814,Worthy,Patterson,,Connecticut,USA,74,175,1,0,0,-1,-1,-1
1628383,Justin,Patton,,Creighton,USA,83,241,0,0,1,2017,1,16
203464,Brandon,Paul,,Illinois,USA,76,200,1,0,0,-1,-1,-1
101108,Chris,Paul,,Wake Forest,USA,72,175,1,0,0,2005,1,4
77815,Charlie,Paulk,,Northeastern State,USA,80,219,0,1,0,1968,1,7
77816,Jerry,Paulson,,Manhattan,USA,74,185,1,0,0,1957,3,17
77817,Billy,Paultz,,St. John's (NY),USA,83,235,0,0,1,1970,7,103
100686,Michaela,Pavlickova,,,,,,,,,,,
2562,Sasha,Pavlovic,,Buducnost,Montenegro,79,235,1,1,0,2003,1,19
77818,Jim,Paxson,,Dayton,USA,78,200,1,0,0,1956,1,3
77819,Jim,Paxson,,Dayton,USA,78,200,1,0,0,1979,1,12
77820,John,Paxson,,Notre Dame,USA,74,185,1,0,0,1983,1,19
77821,Johnny,Payak,,Bowling Green,USA,76,174,1,0,0,-1,-1,-1
203940,Adreian,Payne,,Michigan State,USA,82,237,0,1,0,2014,1,15
1626166,Cameron,Payne,,,,,,,,,,,
77822,Kenny,Payne,,Louisville,USA,80,195,0,1,0,1989,1,19
77823,Tom,Payne,,Kentucky,USA,86,240,0,0,1,-1,-1,-1
203901,Elfrid,Payton,,Louisana-Lafayette,USA,75,195,1,0,0,2014,1,10
56,Gary,Payton,,Oregon State,USA,76,190,1,0,0,1990,1,2
77824,Mel,Payton,,Tulane,USA,76,185,1,0,0,1951,2,18
1627780,Gary,Payton II,,,,,,,,,,,
1628433,L.J.,Peak,,,,,,,,,,,
77825,George,Pearcy,,Indiana State,USA,73,165,1,0,0,-1,-1,-1
77826,Henry,Pearcy,,Indiana State,USA,73,170,1,0,0,-1,-1,-1
1642877,Micah,Peavy,,,,,,,,,,,
200762,Oleksiy,Pecherov,,Kyiv,Ukraine,84,234,0,1,1,2006,1,18
6008,Oleksiy,Pecherov,,,,,,,,,,,
77827,Wiley,Peck,,Mississippi State,USA,79,220,1,0,0,1979,1,19
1642951,Sean,Pedulla,,,,,,,,,,,
324,Anthony,Peeler,,Missouri,USA,76,208,1,0,0,1992,1,15
56005,Kaya,Peker,,,,,,,,,,,
201593,Nikola,Pekovic,,Panathinaikos,Montenegro,83,307,0,0,1,2008,2,31
40042,Michalis,Pelekanos,,,,,,,,,,,
77828,Jake,Pelkington,,Manhattan,USA,78,220,0,0,1,-1,-1,-1
203658,Norvel,Pelle,,Iona,Antigua and Barbuda,82,231,0,0,1,-1,-1,-1
77829,Sam,Pellom,,Buffalo State,USA,81,225,0,1,0,-1,-1,-1
2130,Mike,Penberthy,,The Master's College,USA,75,180,0,0,0,-1,-1,-1
1642869,Noah,Penda,,,,,,,,,,,
1962937761,Yan,Peng,,,,,,,,,,,
64090,Yan,Peng,,,,,,,,,,,
2667,Desmond,Penigar,,Utah State,USA,79,245,0,1,0,-1,-1,-1
1626285,Kleon,Penn,,,,,,,,,,,
2632,Kirk,Penney,,Wisconsin,USA,77,220,1,0,0,-1,-1,-1
46,Mike,Peplowski,,Michigan State,USA,82,270,0,0,1,1993,2,52
781,Will,Perdue,,Vanderbilt,USA,84,240,0,0,1,1988,1,11
1641970,Maozinha,Pereira,,Corinthians (Brazil),Brazil,80,177,0,0,0,-22,-22,-22
41625,Doron,Perkins,,,,,,,,,,,
1629616,Josh,Perkins,,,,,,,,,,,
2570,Kendrick,Perkins,,Clifton J. Ozen HS (TX),USA,82,270,0,0,1,2003,1,27
64,Sam,Perkins,,North Carolina,USA,81,260,0,1,1,1984,1,4
77834,Warren,Perkins,,Tulane,USA,75,190,1,0,0,1949,4,
200785,Kosta,Perovic,,Partizan,Serbia,86,240,0,0,1,2006,2,38
8012,Kosta,Perovic,,,,,,,,,,,
40068,Efstratios,Perperoglou,,,,,,,,,,,
1628506,London,Perrantes,,Virginia,USA,74,200,1,0,0,2017,,
1962937828,London,Perrantes,,,,,,,,,,,
77835,Curtis,Perry,,Missouri State,USA,79,220,0,1,0,1970,3,35
386,Elliot,Perry,,Memphis,USA,72,152,1,0,0,1991,2,37
2855,Marque,Perry,,,,,,,,,,,
1629617,Reggie,Perry,,Mississippi State,USA,80,250,0,1,1,2020,2,57
897,Tim,Perry,,Temple,USA,81,200,0,1,0,1988,1,7
456,Chuck,Person,,Auburn,USA,80,241,0,1,0,1986,1,4
445,Wesley,Person,,Auburn,USA,78,200,1,1,0,1994,1,23
1643007,Taelon,Peter,,,,,,,,,,,
1628409,Alec,Peters,,Valparaiso,USA,81,235,0,1,0,2017,2,54
1629777,Lamar,Peters,,,,,,,,,,,
77839,Jim,Petersen,,Minnesota,USA,82,235,0,1,0,1984,3,51
77840,Loy,Petersen,,Oregon State,USA,77,205,1,0,0,1968,2,17
77843,Bob,Peterson,,Oregon,USA,77,210,0,1,0,1953,,
1641809,Drew,Peterson,,Southern California,USA,81,205,0,1,0,,,
77841,Ed,Peterson,,Cornell,USA,81,220,0,0,1,1948,,
77842,Mel,Peterson,,Wheaton,USA,76,185,1,0,0,1960,11,78
2050,Morris,Peterson,,Michigan State,USA,79,220,0,0,0,2000,1,21
1628517,Luke,Petrasek,,,,,,,,,,,
44048,Marijonas,Petravicius,,,,,,,,,,,
6009,Marius,Petravicius,,,,,,,,,,,
27015,Anthony,Petrie,,,,,,,,,,,
77844,Geoff,Petrie,,Princeton,USA,76,190,1,0,0,1970,1,8
101130,Johan,Petro,,Pau Orthez,France,84,247,0,0,1,2005,1,25
77845,Drazen,Petrovic,,Real Madrid,Croatia,77,195,1,0,0,1986,3,60
1630196,Filip,Petrusev,,Gonzaga,Serbia,83,225,0,0,0,2021,2,50
77846,Richard,Petruska,,UCLA,USA,82,260,0,0,1,1993,2,46
1626189,Terran,Petteway,,,,,,,,,,,
77847,Bob,Pettit,,Louisiana State,USA,81,205,0,1,0,1954,1,2
1630566,John,Petty Jr.,,,USA,,,0,0,0,-22,-22,-22
201237,Brent,Petway,,,,,,,,,,,
196294600,Elfrid,Peyton,,,,,,,,,,,
77848,Roger,Phegley,,Bradley,USA,78,205,1,0,0,1978,1,14
77850,Jack,Phelan,,DePaul,USA,,,0,1,0,-1,-1,-1
77849,Jim,Phelan,,La Salle,USA,73,175,1,0,0,1951,8,77
74,Derrick,Phelps,,North Carolina,USA,76,181,0,1,0,-1,-1,-1
77852,Mike,Phelps,,Alcorn State,USA,76,180,1,0,0,1985,7,144
77853,Andy,Phillip,,Illinois,USA,75,195,1,0,0,-22,-22,-22
1629341,Tarik,Phillip,,West Virginia,USA,75,195,1,0,0,-22,-22,-22
77854,Eddie,Phillips,,Alabama,USA,79,225,0,1,0,1982,1,21
77855,Gary,Phillips,,Houston,USA,75,189,1,0,0,1961,1,9
1641763,Julian,Phillips,,,,,,,,,,,
184,Bobby,Phills,,Southern,USA,77,226,0,0,0,1991,2,45
15,Eric,Piatkowski,,Nebraska,USA,79,215,1,1,0,1994,1,15
1629618,Jalen,Pickett,,,,,,,,,,,
1630691,Jamorko,Pickett,,Georgetown,USA,81,206,0,1,0,-1,-1,-1
2773,Tim,Pickett,,,,,,,,,,,
1718,Paul,Pierce,,Kansas,USA,79,235,0,1,0,1998,1,10
894,Ricky,Pierce,,Rice,USA,76,215,1,0,0,1982,1,18
1630321,Nate,Pierre-Louis,,,USA,,,,,,-1,-1,-1
77858,Stan,Pietkiewicz,,Auburn,USA,77,200,1,0,0,1978,7,133
40019,Florent,Pietrus,,,,,,,,,,,
2554,Mickael,Pietrus,,Pau Orthez,France,78,215,0,1,0,2003,1,11
77859,John,Pilch,,Wyoming,USA,75,185,0,1,0,1950,2,
42550,Fran,Pilepic,,,,,,,,,,,
291,Ed,Pinckney,,Villanova,USA,81,240,0,1,0,1985,1,10
1962937740,Dane,Pineau,,,,,,,,,,,
196294574,Dane,Pineau,,,,,,,,,,,
196295066,Dane,Pineau,,,,,,,,,,,
64057,Dane,Pineau,,,,,,,,,,,
1629753,Isaiah,Pineiro,,,,,,,,,,,
1966938169,Facundo,Pinero,,,,,,0,0,1,,,
200838,Kevinn,Pinkney,,Nevada,USA,82,245,0,1,0,-1,-1,-1
200805,JR,Pinnock,,,,,,,,,,,
77861,John,Pinone,,Villanova,USA,80,230,0,1,0,1983,3,58
1629033,Theo,Pinson,,North Carolina,USA,79,212,1,1,0,-1,-1,-1
77862,Dave,Piontek,,Xavier,USA,78,230,0,1,0,1956,,
77863,Tom,Piotrowski,,La Salle,USA,85,240,0,0,1,1983,3,62
1629800,Kavion,Pippen,,,,,,,,,,,
937,Scottie,Pippen,,Central Arkansas,USA,80,228,1,1,0,1987,1,5
1630590,Scotty,Pippen Jr.,,,,,,FALSE,FALSE,FALSE,,,
77864,Charlie,Pittman,,Maryland,USA,80,220,0,1,0,1982,3,61
202354,Dexter,Pittman,,Texas,USA,83,285,0,0,1,2010,2,32
200819,Kevin,Pittsnogle,,,,,,,,,,,
56039,Dario,Piva,,,,,,,,,,,
201610,Trent,Plaisted,,,,,,,,,,,
2565,Zoran,Planinic,,Cibona,Croatia,79,200,1,1,0,2003,1,22
64029,Alex,Pledger,,,,,,,,,,,
202353,Tibor,Pleiss,,FC Barcelona,Germany,87,256,0,0,1,2010,2,31
1631342,Daeqwon,Plowden,,,,,,FALSE,FALSE,FALSE,,,
1627850,Marshall,Plumlee,,Duke,USA,84,250,0,0,1,-1,-1,-1
203486,Mason,Plumlee,,,,,,,,,,,
203101,Miles,Plumlee,,Duke,USA,83,249,0,0,1,2012,1,26
196295091,Alfonso ,Plummer,,,,,,0,0,0,,,
77865,Gary,Plummer,,Boston University,USA,81,215,0,1,0,1984,2,45
41627,Guy,Pnini,,,,,,,,,,,
43187,Guy,Pnini,,,,,,0,0,0,,,
56048,Martynas,Pocius,,,,,,,,,,,
2750,Pavel,Podkolzin,,Metis Varese,Russia,89,260,0,0,1,2004,1,21
520,Pavel,Podkolzin,,,,,,,,,,,
1641764,Brandin,Podziemski,,,,,,FALSE,FALSE,FALSE,,,
1627751,Jakob,Poeltl,,,,,,FALSE,FALSE,FALSE,,,
1626218,Sir'Dominic,Pointer,,,,,,,,,,,
1629738,Vincent,Poirier,,Baskonia,France,84,235,0,1,1,-1,-1,-1
196294539,Vincent,Poirier,,,,,,,,,,,
1630197,Aleksej,Pokusevski,,Olympiacos,Serbia,84,210,0,1,0,2020,1,17
77866,Dwayne,Polee,,Pepperdine,USA,77,180,0,1,0,1986,3,54
77867,Jim,Pollard,,Stanford,USA,75,185,0,1,0,-22,-22,-22
1513,Scot,Pollard,,Kansas,USA,83,278,0,1,1,1997,1,19
77868,Ralph,Polson,,Whitworth,USA,79,200,0,1,0,1952,1,5
178,Olden,Polynice,,Virginia,USA,84,250,0,0,0,1987,1,8
77869,Cliff,Pondexter,,Long Beach State,USA,81,233,0,1,0,1974,1,16
202347,Quincy,Pondexter,,Washington,USA,79,230,0,1,0,2010,1,26
1629044,Shamorie,Ponds,,"St. John's, N.Y.",USA,72,175,1,0,0,-1,-1,-1
531,Anton,Ponkrashov,,,,,,,,,,,
1630582,Yves,Pons,,Tennessee,France,77,206,0,1,0,-1,-1,-1
1629673,Jordan,Poole,,,,,,,,,,,
77870,David,Pope,,Norfolk State,USA,79,220,0,1,0,1984,3,62
998,Mark,Pope,,Kentucky,USA,82,235,0,1,1,1996,2,52
40054,Bojan,Popovic,,,,,,,,,,,
40088,Marko,Popovic,,,,,,,,,,,
77872,Dave,Popson,,North Carolina,USA,82,220,0,0,1,1987,4,88
77873,Ben,Poquette,,Central Michigan,USA,81,235,0,1,0,1977,2,36
2084,Chris,Porter,,Auburn,USA,79,218,0,1,0,2000,2,55
77875,Howard,Porter,,Villanova,USA,80,220,0,1,0,1971,2,32
1629007,Jontay,Porter,,Missouri,USA,83,240,0,1,1,-1,-1,-1
77876,Kevin,Porter,,St. Francis (PA),USA,72,170,1,0,0,1972,3,39
345,Terry,Porter,,Wisconsin-Stevens Point,USA,75,205,1,0,0,1985,1,24
1641854,Craig,Porter Jr.,,,,,,,,,,,
1629645,Kevin,Porter Jr.,,,,,,FALSE,FALSE,FALSE,,,
1629008,Michael,Porter Jr.,,,,,,FALSE,FALSE,FALSE,,,
203490,Otto,Porter Jr.,,Georgetown,USA,80,198,0,1,0,2013,1,3
1626171,Bobby,Portis,,,,,,,,,,,
77878,Bob,Portman,,Creighton,USA,77,200,0,1,0,1969,1,7
204001,Kristaps,Porzingis,,,,,,FALSE,FALSE,FALSE,,,
1899,James,Posey,,Xavier,USA,80,217,0,1,0,1999,1,18
1642366,Quinten,Post,,,,,,,,,,,
2068,Lavor,Postell,,St. John's (NY),USA,77,215,1,1,0,2000,2,39
958,Vitaly,Potapenko,,Wright State,Ukraine,82,285,0,1,1,1996,1,12
1630695,Micah,Potter,,,,,,,,,,,
1642967,John,Poulakidas,,,,,,,,,,,
200796,Leon,Powe,,California,USA,80,240,0,1,0,2006,2,49
201225,Carlos,Powell,,,,,,,,,,,
1642962,Drake,Powell,,,,,,FALSE,FALSE,FALSE,,,
203939,Dwight,Powell,,,,,,,,,,,
2694,Josh,Powell,,North Carolina State,USA,81,240,0,1,0,-1,-1,-1
1641920,Justin,Powell,,,USA,,,0,0,0,-22,-22,-22
2867,Kasib,Powell,,Texas Tech,USA,79,215,0,1,0,-1,-1,-1
1629619,Myles,Powell,,Seton Hall,USA,74,195,1,0,0,-1,-1,-1
1626181,Norman,Powell,,,,,,,,,,,
101232,Roger,Powell,,Illinois,USA,78,220,0,0,0,-22,-22,-22
1627816,Alex,Poythress,,Kentucky,USA,81,235,0,1,0,-1,-1,-1
521,G.,Pozzecco,,,,,,,,,,,
204062,Casey,Prather,,,,,,,,,,,
44050,Marius,Prekevicius,,,,,,,,,,,
42545,Emir,Preldzic,,,,,,,,,,,
43315,Emir,Preldzic,,,,,,0,0,0,,,
56010,Emir,Preldzic,,,,,,,,,,,
77879,Paul,Pressey,,Tulsa,USA,77,185,1,0,0,1982,1,20
203515,Phil,Pressey,,Missouri,USA,71,175,1,0,0,-1,-1,-1
77880,Dominic,Pressley,,Boston College,USA,74,170,1,0,0,1986,5,99
77881,Harold,Pressley,,Villanova,USA,79,210,0,1,0,1986,1,17
1962936103,Paulao,Prestes,,,,,,,,,,,
1629009,Billy,Preston,,,,,,,,,,,
1630554,Jason,Preston,,Ohio,USA,75,181,1,0,0,2021,2,33
201985,AJ,Price,,Connecticut,USA,74,185,1,0,0,2009,2,52
85,Brent,Price,,Oklahoma,USA,73,185,1,0,0,1992,2,32
77883,Jim,Price,,Louisville,USA,75,195,1,0,0,1972,2,16
899,Mark,Price,,Georgia Tech,USA,72,180,1,0,0,1986,2,25
77884,Mike,Price,,Illinois,USA,75,200,1,0,0,1970,1,17
101179,Ronnie,Price,,Utah Valley,USA,74,190,1,0,0,-1,-1,-1
77882,Tony,Price,,Pennsylvania,USA,78,190,1,0,0,1979,2,29
77886,Bob,Priddy,,New Mexico State,USA,75,190,0,0,0,-22,-22,-22
203143,Pablo,Prigioni,,Baskonia,Argentina,75,185,1,0,0,-22,-22,-22
41540,Pablo,Prigioni,,,,,,,,,,,
1630563,Joshua,Primo,,Alabama,Canada,76,189,1,0,0,2021,1,12
1627752,Taurean,Prince,,,,,,,,,,,
2419,Tayshaun,Prince,,Kentucky,USA,81,212,0,1,0,2002,1,23
77887,John,Pritchard,,Drake,USA,81,220,0,0,1,1949,7,
340,Kevin,Pritchard,,Kansas,USA,75,180,1,0,0,1990,2,34
1630202,Payton,Pritchard,,,,,,FALSE,FALSE,FALSE,,,
1642878,Tyrese,Proctor,,,,,,,,,,,
1919,Laron,Profit,,Maryland,USA,77,204,1,1,0,1999,2,38
1641765,Olivier-Maxence,Prosper,,,,,,,,,,,
201172,Gabe,Pruitt,,Southern California,USA,76,170,1,0,0,2007,2,32
202065,Shaun,Pruitt,,,,,,,,,,,
2038,Joel,Przybilla,,Minnesota,USA,85,245,0,0,1,2000,1,9
77888,Les,Pugh,,Ohio State,USA,79,190,0,0,1,-1,-1,-1
77889,Roy,Pugh,,Southern Methodist,USA,,,0,0,0,1948,,
77890,Anthony,Pullard,,McNeese State,USA,82,245,0,1,0,-1,-1,-1
1626643,Jacob,Pullen,,Kansas State,USA,73,200,0,0,0,-22,-22,-22
1642389,Zyon,Pullin,,,,,,,,,,,
1628681,Rodney,Purvis,,Connecticut,USA,76,205,1,0,0,-22,-22,-22
77891,Don,Putman,,Denver,USA,73,170,0,0,0,-22,-22,-22
204192,Raphiael,Putney,,,,,,,,,,,
1627753,Zhou,Qi,,Xinjiang,China,85,210,0,0,0,2016,2,43
1626180,Michael,Qualls,,,,,,,,,,,
1627817,Tim,Quarterman,,Louisiana State,USA,78,190,0,0,0,-22,-22,-22
1642852,Derik,Queen,,,,,,,,,,,
1630243,Trevelin,Queen,,New Mexico State,USA,77,190,1,0,0,,,
1629674,Neemias,Queta,,,,,,FALSE,FALSE,FALSE,,,
77892,Bob,Quick,,Xavier,USA,77,215,0,1,0,1968,2,18
1630193,Immanuel,Quickley,,,,,,FALSE,FALSE,FALSE,,,
200809,Chris,Quinn,,Notre Dame,USA,74,175,1,0,0,-22,-22,-22
77893,Brian,Quinnett,,Washington State,USA,80,235,1,0,0,1989,2,50
1631311,Lester,Quinones,,Memphis,USA,76,208,1,0,0,,,
204041,Brian,Qvale,,,,,,,,,,,
56023,Xavi,Rabaseda,,,,,,,,,,,
1628397,Ivan,Rabb,,California,USA,82,220,0,1,0,2017,2,35
1630672,Brandon,Rachal,,,USA,,,0,0,0,-22,-22,-22
77894,Luke,Rackley,,Xavier,USA,82,220,0,0,1,1969,3,37
77895,Howie,Rader,,Long Island-Brooklyn,USA,73,190,1,0,0,-1,-1,-1
77896,Mark,Radford,,Oregon State,USA,76,190,1,0,0,1981,3,53
77897,Wayne,Radford,,Indiana,USA,75,205,1,0,0,1978,2,27
129,Dino,Radja,,Virtus Roma,Croatia,83,225,0,0,1,1989,2,40
2209,Vladimir,Radmanovic,,FMP,Serbia,82,235,0,1,0,2001,1,12
1893,Aleksandar,Radojevic,,Buducnost,Bosnia and Herzegovina,87,250,0,0,1,1999,1,12
43208,Leon,Radosevic,,,,,,0,0,0,,,
77899,Frank,Radovich,,Indiana,USA,80,235,0,1,0,1960,2,14
77900,Moe,Radovich,,Wyoming,USA,72,160,1,0,0,1952,,
203545,Miroslav,Raduljica,,Efes Pilsen,Serbia,84,250,0,0,1,-1,-1,-1
77901,Ray,Radziszewski,,St. Joseph's (PA),USA,77,210,0,1,0,1957,4,30
77902,Ray,Ragelis,,Northwestern,USA,76,205,0,1,0,1951,2,17
77903,Sherwin,Raiken,,Villanova,USA,74,185,1,0,0,-1,-1,-1
77904,Ed,Rains,,South Alabama,USA,79,190,0,1,0,1981,2,30
2080,Igor,Rakocevic,,Buducnost,Serbia,74,184,1,0,0,2000,2,51
41201,Zarko,Rakocevic,,,,,,,,,,,
1272,Kurt,Rambis,,,,,,,,,,,
77905,Kurt,Rambis,,Santa Clara,USA,80,213,0,1,0,1980,3,58
64146,Deryk,Ramos,,,,,,,,,,,
2762,Peter John,Ramos,,Caguas,Puerto Rico,87,275,0,0,1,2004,2,32
77906,Cal,Ramsey,,New York University,USA,76,200,0,1,0,1959,2,13
77907,Frank,Ramsey,,Kentucky,USA,75,190,0,1,0,1953,1,5
1630186,Jahmi'us,Ramsey,,Texas Tech,USA,75,190,1,0,0,2020,2,43
77908,Ray,Ramsey,,Bradley,USA,74,165,1,0,0,-1,-1,-1
1966938149,Jerome,Randall,,,,,,1,0,0,,,
1821,Mark,Randall,,Kansas,USA,80,235,0,1,0,1991,1,26
196294108,Craig,Randall II,,,,,,0,0,0,,,
42569,Brian,Randle,,,,,,,,,,,
43184,Brian,Randle,,,,,,,,,,,
1626184,Chasson,Randle,,Stanford,USA,74,185,1,0,0,-22,-22,-22
202963,Jerome,Randle,,,,,,,,,,,
203944,Julius,Randle,,,,,,FALSE,FALSE,FALSE,,,
201576,Anthony,Randolph,,Louisiana State,USA,83,225,0,1,0,2008,1,14
1626260,Levi,Randolph,,,USA,,,0,0,0,-22,-22,-22
101183,Shavlik,Randolph,,Duke,USA,82,236,0,1,0,-1,-1,-1
2216,Zach,Randolph,,Michigan State,USA,81,250,0,1,0,2001,1,19
77910,Wally,Rank,,San Jose State,USA,78,220,0,1,0,1980,5,99
77911,Kelvin,Ransey,,Ohio State,USA,74,170,1,0,0,1980,1,4
77912,Sam,Ranzino,,North Carolina State,USA,73,185,1,0,0,1951,1,8
41205,Aleksandar,Rasic,,,,,,,,,,,
56059,Aleksandar,Rasic,,,,,,,,,,,
78656,Blair,Rasmussen,,Oregon,USA,76,172,0,1,0,1985,1,15
1628504,Xavier,Rathan-Mayes,,Florida State,Canada,76,208,1,0,0,2017,,
77913,George,Ratkovicz,,Lindblom HS (IL),USA,79,220,0,1,0,-22,-22,-22
77914,Ed,Ratleff,,Long Beach State,USA,78,195,1,0,0,1973,1,6
77915,Mike,Ratliff,,Wisconsin-Eau Claire,USA,82,230,0,0,1,1972,2,28
689,Theo,Ratliff,,Wyoming,USA,82,235,0,0,1,1995,1,18
202360,Andy,Rautins,,Syracuse,USA,76,190,1,0,0,2010,2,38
77916,Leo,Rautins,,Syracuse,USA,80,215,0,1,0,1983,1,17
200810,Allan,Ray,,Villanova,USA,74,190,1,0,0,-1,-1,-1
40038,Allan,Ray,,,,,,,,,,,
77917,Clifford,Ray,,Oklahoma,USA,81,230,0,0,1,1971,3,40
77918,Don,Ray,,Western Kentucky,USA,77,190,0,1,0,1948,1,11
77920,Jamesearl,Ray,,Jacksonville,USA,80,215,0,1,0,1980,1,5
77919,Jim,Ray,,Toledo,USA,72,180,1,0,0,1956,,
77921,Craig,Raymond,,Brigham Young,USA,83,235,0,0,1,1967,1,12
1642875,Maxime,Raynaud,,,,,,FALSE,FALSE,FALSE,,,
77922,Connie,Rea,,Centenary-Louisiana,USA,75,175,1,0,0,1953,,
1641871,Duop,Reath,,Louisiana State,South Sudan,81,245,0,0,1,,,
1630559,Austin,Reaves,,,,,,FALSE,FALSE,FALSE,,,
77923,Joe,Reaves,,Bethel,USA,77,210,0,1,0,1973,3,42
1629729,Josh,Reaves,,Penn State,USA,76,214,1,1,0,-22,-22,-22
1442,Zeljko,Rebraca,,Panathinaikos,Serbia,84,265,0,0,1,1994,2,54
695,Eldridge,Recasner,,Washington,USA,76,192,0,0,0,-22,-22,-22
2072,Michael,Redd,,Ohio State,USA,78,215,1,0,0,2000,2,43
43201,Reggie,Redding,,,,,,0,0,0,,,
1629629,Cam,Reddish,,Duke,USA,79,217,1,1,0,2019,1,10
77925,Frank,Reddout,,Syracuse,USA,77,195,0,1,0,1953,,
200755,JJ,Redick,,Duke,USA,75,200,1,0,0,2006,1,11
77926,Marlon,Redmond,,San Francisco,USA,78,188,1,0,0,1977,3,60
1628432,Davon,Reed,,Miami,USA,77,206,1,0,0,2017,2,32
77927,Hub,Reed,,Oklahoma City,USA,81,215,0,0,1,1958,2,14
2770,Justin,Reed,,Mississippi,USA,80,240,0,1,0,2004,2,40
1630194,Paul,Reed,,,,,,FALSE,FALSE,FALSE,,,
77928,Ron,Reed,,Notre Dame,USA,77,205,0,1,0,1965,3,20
203186,Willie,Reed,,St. Louis,USA,83,245,0,0,1,2011,0,0
77929,Willis,Reed,,Grambling,USA,82,235,0,0,1,1964,2,8
1642024,Alex,Reese,,Alabama,USA,81,245,0,0,0,-22,-22,-22
1642882,Julian,Reese,,,,,,FALSE,FALSE,FALSE,,,
1641810,Antonio,Reeves,,,,,,,,,,,
735,Bryant,Reeves,,Oklahoma State,USA,84,290,0,0,1,1995,1,6
234,Khalid,Reeves,,Arizona,USA,75,201,1,0,0,1994,1,12
77932,Richie,Regan,,Seton Hall,USA,74,180,1,0,0,1953,1,4
77933,Don,Rehfeldt,,Wisconsin,USA,78,210,0,1,0,1950,1,2
77937,Billy,Reid,,San Francisco,USA,77,190,1,0,0,1980,9,182
690,Don,Reid,,Georgetown,USA,80,250,0,1,0,1995,2,58
462,J.R.,Reid,,North Carolina,USA,82,247,0,1,0,1989,1,5
77935,Jim,Reid,,Winston-Salem State,USA,78,210,0,0,1,-22,-22,-22
1629675,Naz,Reid,,,,,,,,,,,
77936,Robert,Reid,,St. Mary's (TX),USA,80,205,0,1,0,1977,2,40
202385,Ryan,Reid,,Florida State,USA,80,235,0,1,0,2010,2,57
2876,Jared,Reiner,,Iowa,USA,83,255,0,0,1,-22,-22,-22
42570,Ben,Reis,,,,,,,,,,,
77938,Joseph,Reiser,,New York University,USA,71,165,1,0,0,1947,,
77939,Richard,Rellford,,Michigan,USA,78,230,0,1,0,1986,5,95
720,Terrence,Rencher,,Texas,USA,75,185,1,0,0,1995,2,32
43204,Alex,Renfoe,,,,,,,,,,,
77941,John,Rennicke,,Drake,USA,74,185,1,0,0,1951,6,51
77942,Rob,Rensberger,,Notre Dame,USA,74,170,0,0,0,-22,-22,-22
981,Efthimios,Rentzias,,FC Barcelona,Greece,83,250,0,0,1,1996,1,23
704,Shawn,Respert,,Michigan State,USA,74,195,1,0,0,1995,1,8
56065,Tomas,Ress,,,,,,,,,,,
77944,Kevin,Restani,,San Francisco,USA,81,225,0,1,0,1974,3,39
44052,Xavi,Rey,,,,,,,,,,,
56050,Felipe,Reyes,,,,,,,,,,,
1629244,Cam,Reynolds,,Tulane,USA,79,225,0,1,0,-1,-1,-1
77945,George,Reynolds,,Houston,USA,76,195,1,0,0,1969,9,117
77946,Jerry,Reynolds,,Louisiana State,USA,80,200,1,0,0,1985,1,22
1631197,Jared,Rhoden,,Seton Hall,USA,77,210,1,0,0,,,
201652,Charles,Rhodes,,,,,,,,,,,
77947,Gene,Rhodes,,Western Kentucky,USA,73,170,0,0,0,-22,-22,-22
1518,Rodrick,Rhodes,,Southern California,USA,78,225,1,0,0,1997,1,24
11000,Pau,Ribas,,,,,,,,,,,
2827,Darius,Rice,,,,,,,,,,,
203318,Glen,Rice,,Georgia Tech,USA,78,206,1,1,0,2013,2,35
779,Glen,Rice,,Michigan,USA,80,220,1,1,0,1989,1,4
1641811,Sir'Jabari,Rice,,,USA,,,0,0,0,-22,-22,-22
201181,Chris,Richard,,Florida,USA,81,256,0,1,0,2007,2,41
266283,Chris,Richard,,,,,,,,,,,
1626710,Patrick,Richard,,,,,,,,,,,
1642954,Will,Richard,,,,,,,,,,,
1630208,Nick,Richards,,,,,,,,,,,
201248,Anthony,Richardson,,,,,,,,,,,
77950,Clint,Richardson,,Seattle,USA,75,195,1,0,0,1979,2,36
1642859,Jase,Richardson,,,,,,,,,,,
2202,Jason,Richardson,,Michigan State,USA,78,225,1,0,0,2001,1,5
200978,Jeremy,Richardson,,Delta State,USA,79,195,1,1,0,-1,-1,-1
1626196,Josh,Richardson,,Tennessee,USA,77,200,1,0,0,2015,2,40
1627781,Malachi,Richardson,,Syracuse,USA,78,205,1,0,0,2016,1,22
77952,Micheal Ray,Richardson,,Montana,USA,77,189,1,0,0,1978,1,4
2369,Norman,Richardson,,Hofstra,USA,77,200,1,0,0,-22,-22,-22
71,Pooh,Richardson,,UCLA,USA,73,180,1,0,0,1989,1,10
2047,Quentin,Richardson,,DePaul,USA,78,228,0,1,0,2000,1,18
1642019,Will,Richardson,,,USA,,,0,0,0,-22,-22,-22
1642955,Kadary,Richmond,,,,,,,,,,,
782,Mitch,Richmond,,Kansas State,USA,77,220,1,0,0,1988,1,5
77954,John,Richter,,North Carolina State,USA,81,225,0,1,0,1959,1,6
2598,Rick,Rickert,,,,,,,,,,,
77955,Dick,Ricketts,,Duquesne,USA,79,215,0,1,0,1955,1,1
375,Isaiah,Rider,,UNLV,USA,77,215,1,0,0,1993,1,5
77957,Jackie,Ridgle,,California,USA,76,195,1,0,0,1971,3,41
2557,Luke,Ridnour,,Oregon,USA,74,175,1,0,0,2003,1,14
77958,Mel,Riebe,,Wooster,USA,71,180,0,0,0,-22,-22,-22
77959,Jim,Riffey,,Tulane,USA,76,200,0,1,0,-22,-22,-22
2541,Antoine,Rigaudeau,,Virtus Bologna,France,79,210,1,0,0,-1,-1,-1
545,Righetti,Righetti,,,,,,,,,,,
77960,Tom,Riker,,South Carolina,USA,82,225,0,1,0,1972,1,8
77963,Bob,Riley,,Mount St. Mary's,USA,81,235,0,1,0,1970,5,82
35,Eric,Riley,,Michigan,USA,84,245,0,0,1,1993,2,33
77962,Pat,Riley,,Kentucky,USA,76,205,1,0,0,1967,1,7
77964,Ron,Riley,,Southern California,USA,80,195,0,1,0,1972,3,38
1642860,Will,Riley,,,,,,,,,,,
1630203,Grant,Riller,,College of Charleston,USA,74,190,1,0,0,2020,2,56
77965,Rich,Rinaldi,,St. Peter's,USA,75,195,1,0,0,1971,3,43
77966,Mike,Riordan,,Providence,USA,76,200,0,1,0,1967,12,128
1642258,Zaccharie,Risacher,,,,,,,,,,,
77967,Arnie,Risen,,Ohio State,USA,81,200,0,0,1,-1,-1,-1
77968,Goebel,Ritter,,Eastern Kentucky,USA,74,185,1,0,0,-22,-22,-22
77969,Ramon,Rivas,,Temple,Puerto Rico,82,260,0,1,0,-1,-1,-1
101245,Filiberto,Rivera,,,,,,,,,,,
203085,Austin,Rivers,,Duke,USA,76,200,1,0,0,2012,1,10
77970,David,Rivers,,Notre Dame,USA,72,170,1,0,0,1988,1,25
470,Doc,Rivers,,Marquette,USA,76,210,1,0,0,1983,2,31
77972,Lee,Robbins,,Colorado,USA,75,175,0,1,0,-1,-1,-1
1641857,Liam,Robbins,,Vanderbilt,USA,84,250,0,0,1,-22,-22,-22
203460,Andre,Roberson,,Colorado,USA,79,210,1,1,0,2013,1,26
101194,Anthony,Roberson,,Florida,USA,74,180,1,0,0,-22,-22,-22
1629166,Jeff,Roberson,,,,,,,,,,,
77973,Rick,Roberson,,Cincinnati,USA,81,231,0,0,1,1969,1,15
2121,Terrance,Roberson,,Fresno State,USA,,,0,0,0,-1,-1,-1
77975,Anthony,Roberts,,Oral Roberts,USA,77,185,0,1,0,1977,1,21
77979,Bill,Roberts,,Wyoming,USA,,,0,0,0,-1,-1,-1
203148,Brian,Roberts,,Dayton,USA,73,173,1,0,0,-1,-1,-1
122,Fred,Roberts,,Brigham Young,USA,82,218,0,1,0,1982,2,27
1626294,Jaleel,Roberts,,,,,,,,,,,
77977,Joe,Roberts,,Ohio State,USA,78,214,0,1,0,1960,3,21
196294558,Josh,Roberts,,,,,,,,,,,
101160,Lawrence,Roberts,,Mississippi State,USA,81,240,0,1,0,2005,2,55
77978,Marv,Roberts,,Utah State,USA,80,200,0,1,0,1971,3,45
914,Stanley,Roberts,,Louisiana State,USA,84,290,0,0,1,1991,1,23
204040,Ronald,Roberts Jr.,,,,,,,,,,,
926,Alvin,Robertson,,Arkansas,USA,76,208,1,0,0,1984,1,7
600015,Oscar,Robertson,,Cincinnati,USA,77,205,1,0,0,1960,1,1
1926,Ryan,Robertson,,Kansas,USA,77,190,1,0,0,1999,2,45
77983,Tony,Robertson,,West Virginia,USA,76,195,1,0,0,1977,4,88
77984,Rick,Robey,,Kentucky,USA,83,230,0,0,1,1978,1,3
201015,Antywane,Robinson,,,,,,,,,,,
2774,Bernard,Robinson,,Michigan,USA,78,210,1,1,0,2004,2,45
200583,Brandon,Robinson,,,,,,,,,,,
997,Chris,Robinson,,Western Kentucky,USA,77,200,1,0,0,1996,2,51
77986,Cliff T.,Robinson,,Southern California,USA,81,220,0,1,0,1979,1,11
361,Clifford,Robinson,,Connecticut,USA,82,245,0,1,1,1989,2,36
764,David,Robinson,,Navy,USA,85,250,0,0,1,1987,1,1
200845,Dawan,Robinson,,,,,,,,,,,
1628421,Devin,Robinson,,Florida,USA,80,200,0,1,0,2017,,
1629130,Duncan,Robinson,,,,,,FALSE,FALSE,FALSE,,,
1944,Eddie,Robinson,,Central Oklahoma,USA,81,210,0,1,0,-22,-22,-22
77988,Flynn,Robinson,,Wyoming,USA,73,185,1,0,0,1965,2,15
201648,Frank,Robinson,,,,,,,,,,,
7009,Frank,Robinson,,,,,,,,,,,
299,Glenn,Robinson,,Purdue,USA,79,240,0,1,0,1994,1,1
77989,Jackie,Robinson,,UNLV,USA,78,210,0,1,0,1978,4,67
1554,Jamal,Robinson,,Virginia,USA,,,0,0,0,1997,,
381,James,Robinson,,Alabama,USA,74,180,1,0,0,1993,1,21
1629010,Jerome,Robinson,,Boston College,USA,77,190,1,0,0,2018,1,13
1629620,Justin,Robinson,,Virginia Tech,USA,73,195,1,0,0,2019,,
1683,Larry,Robinson,,Centenary-Louisiana,USA,75,180,1,0,0,-1,-1,-1
1629011,Mitchell,Robinson,,,,,,,,,,,
101126,Nate,Robinson,,Washington,USA,69,180,1,0,0,2005,1,21
77994,Oliver,Robinson,,Alabama-Birmingham,USA,76,180,1,0,0,1982,2,24
1631115,Orlando,Robinson,,Fresno State,USA,82,235,0,0,1,,,
716,Rumeal,Robinson,,Michigan,USA,74,195,1,0,0,1990,1,10
201781,Russell,Robinson,,,,,,,,,,,
202383,Stanley,Robinson,,,,,,,,,,,
203080,Thomas,Robinson,,Kansas,USA,82,237,0,1,0,2012,1,5
77993,Truck,Robinson,,Tennessee State,USA,79,225,0,1,0,1974,2,22
77996,Wayne,Robinson,,Virginia Tech,USA,80,217,0,1,0,1980,2,31
203922,Glenn,Robinson III,,Michigan,USA,78,222,0,1,0,2014,2,40
1630526,Jeremiah,Robinson-Earl,,Villanova,USA,80,240,0,1,0,2021,2,32
77997,Bill,Robinzine,,DePaul,USA,79,230,0,1,0,1975,1,10
77998,Dave,Robisch,,Kansas,USA,82,235,0,0,1,1971,3,44
1629676,Isaiah,Roby,,Nebraska,USA,80,230,0,1,0,2019,2,45
196295096,Isaiah,Roby,,,,,,,,,,,
6010,Mason,Rocca,,,,,,,,,,,
77999,Red,Rocha,,Oregon State,USA,81,185,0,0,1,1947,,
78000,John,Roche,,South Carolina,USA,75,170,1,0,0,1971,1,14
78001,Gene,Rock,,Southern California,USA,69,155,1,0,0,-1,-1,-1
78002,Jack,Rocker,,California,USA,77,185,0,0,1,-22,-22,-22
1631223,David,Roddy,,,,,,,,,,,
78003,Guy,Rodgers,,Temple,USA,72,185,1,0,0,-22,-22,-22
202078,Leon,Rodgers,,,,,,,,,,,
1642485,DJ,Rodman,,,,,,,,,,,
23,Dennis,Rodman,,Southeastern Oklahoma State,USA,79,210,0,1,0,1986,2,27
1629285,Angel,Rodriguez,,,,,,,,,,,
52526,Angel,Rodriguez,,,,,,0,0,0,,,
40055,Berni,Rodriguez,,,,,,,,,,,
1629184,Desi,Rodriguez,,,,,,,,,,,
196294538,Sergio,Rodriguez,,,,,,,,,,,
200771,Sergio,Rodriguez,,Estudiantes,Spain,75,176,1,0,0,2006,1,27
56052,Sergio,Rodriguez,,,,,,,,,,,
691,Lou,Roe,,Massachusetts,USA,79,220,0,1,0,1995,2,30
435,Carlos,Rogers,,Tennessee State,USA,83,232,0,1,1,1994,1,11
78007,Johnny,Rogers,,California-Irvine,USA,82,225,0,1,0,1986,2,34
78008,Marshall,Rogers,,Texas-Pan American,USA,73,190,1,0,0,1976,2,34
202418,Matt,Rogers,,,,,,,,,,,
915,Rodney,Rogers,,Wake Forest,USA,79,270,0,1,0,1993,1,9
964,Roy,Rogers,,Alabama,USA,82,235,0,1,0,1996,1,22
78010,Al,Roges,,Long Island-Brooklyn,USA,76,195,0,1,0,-1,-1,-1
78011,Ken,Rohloff,,North Carolina State,USA,72,195,1,0,0,1963,7,59
202375,Magnum,Rolle,,Louisiana Tech,Bahamas,83,235,0,1,0,2010,2,51
78012,Kenny,Rollins,,Kentucky,USA,72,168,1,0,0,1948,,
78013,Phil,Rollins,,Louisville,USA,74,185,1,0,0,1956,,
1631157,Ryan,Rollins,,,,,,,,,,,
78014,Tree,Rollins,,Clemson,USA,85,235,0,0,1,1977,1,14
78015,Lorenzo,Romar,,Washington,USA,73,175,1,0,0,1980,7,141
200765,Rajon,Rondo,,Kentucky,USA,73,180,1,0,0,2006,1,21
399,Sean,Rooks,,Arizona,USA,82,260,0,0,1,1992,2,30
201565,Derrick,Rose,,Memphis,USA,75,200,1,0,0,2008,1,1
147,Jalen,Rose,,Michigan,USA,80,215,1,1,0,1994,1,13
990,Malik,Rose,,Drexel,USA,79,255,0,1,0,1996,2,44
78016,Robert,Rose,,George Mason,USA,77,180,0,1,0,-1,-1,-1
78017,Alexander,Rosenberg,,St. Joseph's (PA),USA,70,165,1,0,0,-1,-1,-1
78018,Lennie,Rosenbluth,,North Carolina,USA,76,190,0,1,0,1957,1,6
78019,Hank,Rosenstein,,City College of New York,USA,,,0,1,0,-1,-1,-1
78020,Dick,Rosenthal,,Notre Dame,USA,77,205,0,1,0,1954,1,4
2624,Quinton,Ross,,Southern Methodist,USA,78,193,0,0,0,-22,-22,-22
203082,Terrence,Ross,,Washington,USA,79,206,1,1,0,2012,1,8
64142,David,Rossetto,,,,,,,,,,,
78021,Doug,Roth,,Tennessee,USA,83,255,0,1,0,1989,2,41
42571,Moran,Roth,,,,,,,,,,,
78022,Scott,Roth,,Wisconsin,USA,80,212,0,1,0,1985,4,82
7010,Robert,Rothbart,,,,,,,,,,,
78023,Irv,Rothenberg,,Long Island-Brooklyn,USA,79,215,0,0,1,1947,,
78024,Mickey,Rottner,,Loyola-Chicago,USA,70,180,1,0,0,-1,-1,-1
43238,Rene,Rougeau,,,,,,0,0,0,,,
78025,Dan,Roundfield,,Central Michigan,USA,80,205,0,1,0,1975,2,28
78026,Giff,Roux,,Kansas,USA,77,195,0,1,0,-1,-1,-1
78027,Ron,Rowan,,St. John's (NY),USA,77,200,0,1,0,1986,3,67
78028,Curtis,Rowe,,UCLA,USA,79,225,0,1,0,1971,1,11
1642050,Jackson,Rowe,,Cal State-Fullerton,Canada,79,210,0,1,0,,,
78029,Jim,Rowinski,,Purdue,USA,80,250,0,0,1,1984,4,86
78030,Derrick,Rowland,,SUNY-Potsdam,USA,77,195,0,1,0,1981,10,211
78031,Brian,Rowsom,,North Carolina-Wilmington,USA,81,220,0,1,0,1987,2,34
200750,Brandon,Roy,,Washington,USA,78,211,1,0,0,2006,1,6
140,Donald,Royal,,Notre Dame,USA,80,218,0,1,0,1987,3,52
78033,Bob,Royer,,Indiana State,USA,70,155,1,0,0,1949,8,
32,Clifford,Rozier,,Louisville,USA,83,230,0,0,1,1994,1,16
1626179,Terry,Rozier,,Louisville,USA,73,190,1,0,0,2015,1,16
201937,Ricky,Rubio,,FC Barcelona,Spain,74,190,1,0,0,2009,1,5
8013,Ricky,Rubio,,,,,,,,,,,
196294602,Mantas,Rubstavicius,,,,,,,,,,,
2462,Guy,Rucker,,Iowa,USA,81,270,0,1,1,1999,,
78035,Delaney,Rudd,,Wake Forest,USA,74,180,1,0,0,1985,4,83
78036,John,Rudd,,McNeese State,USA,79,230,0,1,0,1978,2,32
204014,Damjan,Rudez,,Zaragoza,Croatia,82,228,0,1,0,-1,-1,-1
78037,John,Rudometkin,,Southern California,USA,78,205,0,1,0,1962,2,9
1913,Michael,Ruffin,,Tulsa,USA,80,248,0,1,1,1999,2,32
460,Trevor,Ruffin,,Hawaii,USA,73,199,1,0,0,-22,-22,-22
78039,Paul,Ruffner,,Brigham Young,USA,82,225,0,0,1,1970,2,28
196294594,Jared,Ruiz,,,,,,,,,,,
78040,Joe,Ruklick,,Northwestern,USA,81,220,0,1,0,1959,2,9
78041,Jeff,Ruland,,Iona,USA,82,240,0,0,1,1980,2,25
78042,Bob,Rule,,Colorado State,USA,81,220,0,0,1,1967,2,19
78043,Jerry,Rullo,,Temple,USA,70,165,1,0,0,-1,-1,-1
1641712,Rayan,Rupert,,,,,,FALSE,FALSE,FALSE,,,
1966938187,Ethan,Rusbatch,,,,,,,,,,,
474,Stefano,Rusconi,,Benetton Treviso,Italy,81,240,0,1,0,1990,2,52
201575,Brandon,Rush,,Kansas,USA,78,225,1,1,0,2008,1,13
2416,Kareem,Rush,,Missouri,USA,78,215,1,0,0,2002,1,20
78049,Bill,Russell,,San Francisco,USA,82,215,0,0,1,1956,1,2
935,Bryon,Russell,,Long Beach State,USA,79,225,1,1,0,1993,2,45
78047,Campy,Russell,,Michigan,USA,80,215,0,1,0,1974,1,8
78045,Cazzie,Russell,,Michigan,USA,77,218,0,1,0,1966,1,1
1626156,D'Angelo,Russell,,Ohio State,USA,75,193,1,0,0,2015,1,2
78046,Frank,Russell,,Detroit,USA,75,180,1,0,0,1972,3,35
201041,Walker,Russell,,Jacksonville State,USA,72,170,1,0,0,1982,4,78
78048,Walker,Russell,,Western Michigan,USA,77,195,1,0,0,1982,4,78
1642504,Cormac,Ryan,,,,,,,,,,,
1630346,Matt,Ryan,,Tennessee-Chattanooga,USA,78,215,0,1,0,,,
717,Arvydas,Sabonis,,Real Madrid,Lithuania,87,292,0,0,1,1986,1,24
1627734,Domantas,Sabonis,,,,,,,,,,,
203135,Robert,Sacre,,Gonzaga,Canada,84,270,0,0,1,2012,2,60
44055,Victor,Sada,,,,,,,,,,,
8014,Victor,Sada,,,,,,,,,,,
78050,Ed,Sadowski,,Seton Hall,USA,77,240,0,0,1,-1,-1,-1
52604,Selem,Safar,,,,,,,,,,,
78051,Kenny,Sailors,,Wyoming,USA,70,175,1,0,0,-1,-1,-1
27002,Sani,Sakakini,,,,,,0,0,0,,,
1642275,Tidjane,Salaun,,,,,,,,,,,
40084,Dainius,Salenga,,,,,,,,,,,
927,John,Salley,,Georgia Tech,USA,83,255,0,1,1,1986,1,11
1642282,Hunter,Sallis,,Wake Forest,USA,76,185,1,0,0,,,
2422,John,Salmons,,Miami,USA,78,207,0,1,0,2002,1,26
1089,Kevin,Salvadori,,North Carolina,USA,84,231,0,0,1,-1,-1,-1
2066,Soumaila,Samake,,Union Olimpija,Mali,82,240,0,0,1,2000,2,36
1629677,Luka,Samanic,,Union Olimpija,Croatia,82,227,0,1,0,2019,1,19
200798,Cheikh,Samb,,WTC Cornella,Senegal,85,245,0,0,1,2006,2,51
41549,Cheikh,Samb,,,,,,,,,,,
1629102,Brandon,Sampson,,Louisiana State,USA,77,184,1,0,0,2018,,
203960,JaKarr,Sampson,,St. John's (NY),USA,79,214,0,1,0,-1,-1,-1
2441,Jamal,Sampson,,California,USA,83,235,0,1,1,2002,2,46
78055,Ralph,Sampson,,Virginia,USA,88,228,0,0,1,1983,1,1
1642487,Tyrese,Samuel,,,,,,,,,,,
202396,Samardo,Samuels,,Louisville,Jamaica,81,260,0,0,1,-1,-1,-1
1631257,Jermaine,Samuels Jr.,,Villanova,USA,78,230,0,1,0,-22,-22,-22
11253,Fernando,San Emeterio,,,,,,,,,,,
40063,Alfonso,Sanchez,,,,,,,,,,,
204044,Orlando,Sanchez,,,,,,,,,,,
2143,Pepe,Sanchez,,Temple,Argentina,76,195,1,0,0,-1,-1,-1
40017,Sergio,Sanchez,,,,,,,,,,,
78057,Frankie,Sanders,,Southern,USA,78,200,0,1,0,1978,1,20
1874,Jeff,Sanders,,Georgia Southern,USA,80,225,0,1,0,1989,1,20
1642920,Kobe,Sanders,,,,,,,,,,,
202336,Larry,Sanders,,Va Commonwealth,USA,83,235,0,0,0,2010,1,15
2684,Melvin,Sanders,,Oklahoma State,USA,77,210,1,1,0,-1,-1,-1
78059,Mike,Sanders,,UCLA,USA,78,210,0,1,0,1982,4,74
78060,Thomas,Sanders,,New York University,USA,78,210,0,1,0,1960,1,8
52610,Matias,Sandes,,,,,,,,,,,
1642362,Payton,Sandfort,,,,,,,,,,,
101257,Eric,Sandrin,,,,,,,,,,,
56064,Viktor,Sanikidze,,,,,,,,,,,
1641766,Adama,Sanogo,,UCONN,Mali,81,245,0,1,0,-22,-22,-22
2091,Daniel,Santiago,,St. Vincent,Puerto Rico,85,256,0,0,1,-1,-1,-1
40065,Daniel,Santiago,,,,,,,,,,,
78061,Bob,Santini,,Iona,USA,77,190,0,1,0,1953,5,
1630611,Gui,Santos,,,,,,FALSE,FALSE,FALSE,,,
196295089,Marcio,Santos,,,,,,,,,,,
1966938131,Marcio,Santos,,,,,,,,,,,
196294093,Alon,Sapir,,,,,,,,,,,
78062,Wayne,Sappleton,,Loyola-Chicago,USA,81,215,0,1,0,1982,2,38
1642879,Ben,Saraf,,,,,,,,,,,
196295100,Ben,Saraf,,,,,,0,0,0,,,
203967,Dario,Saric,,Anadolu Efes,Croatia,82,225,0,1,1,2014,1,12
1642259,Alex,Sarr,,,,,,,,,,,
1630846,Olivier,Sarr,,,,,,,,,,,
987,Jason,Sasser,,Texas Tech,USA,79,225,0,1,0,1996,2,41
2219,Jeryl,Sasser,,Southern Methodist,USA,78,200,1,0,0,2001,1,22
1631204,Marcus,Sasser,,,,,,,,,,,
2781,Romain,Sato,,,,,,,,,,,
56003,Romain,Sato,,,,,,,,,,,
203107,Tomas,Satoransky,,FC Barcelona,Czech Republic,79,210,1,0,0,2012,2,32
2261,Kenny,Satterfield,,Cincinnati,USA,74,170,1,0,0,2001,2,53
78063,Frank,Saul,,Seton Hall,USA,74,185,1,0,0,1949,1,10
78064,Woody,Sauldsberry,,Texas Southern,USA,79,220,0,1,0,1957,8,60
78065,Fred,Saunders,,Syracuse,USA,79,210,0,1,0,1974,2,31
1626201,Wesley,Saunders,,,,,,,,,,,
78066,Don,Savage,,Le Moyne,USA,75,205,0,1,0,1951,2,14
43310,Oguz,Savas,,,,,,0,0,0,,,
56006,Oguz,Savas,,,,,,,,,,,
522,Savkov,Savkov,,,,,,,,,,,
2453,Predrag,Savovic,,Hawaii,Serbia,78,225,1,0,0,-22,-22,-22
40091,Alexey,Savrasenko,,,,,,,,,,,
78067,Alan,Sawyer,,UCLA,USA,77,195,0,1,0,1950,3,
52601,Santiago,Scala,,,,,,,,,,,
2243,Brian,Scalabrine,,Southern California,USA,81,235,0,1,0,2001,2,34
2637,Alex,Scales,,Oregon,USA,76,195,1,0,0,-1,-1,-1
78068,Dewayne,Scales,,Louisiana State,USA,80,208,0,1,0,1980,2,36
78069,Frank,Schade,,Wisconsin-Eau Claire,USA,73,170,1,0,0,1972,4,53
78070,Ben,Schadler,,Northwestern,USA,72,185,0,1,0,1947,,
78071,Herm,Schaefer,,Indiana,USA,72,175,1,0,0,-1,-1,-1
78072,Bob,Schafer,,Villanova,USA,75,195,1,0,0,1955,3,17
56073,Heiko,Schaffartzik,,,,,,,,,,,
1630648,Jordan,Schakel,,San Diego State,USA,78,200,1,0,0,-1,-1,-1
78073,Ben,Scharnus,,Seton Hall,USA,74,173,0,1,0,-1,-1,-1
1966938136,Carlos,Schattmann,,,,,,,,,,,
78074,Marv,Schatzman,,St. Louis,USA,77,200,0,1,0,1949,,
78075,Fred,Schaus,,West Virginia,USA,77,205,0,1,0,-22,-22,-22
7,Dan,Schayes,,Syracuse,USA,83,260,0,0,1,1981,1,13
78076,Dolph,Schayes,,New York University,USA,80,195,0,1,0,1948,1,4
78078,Ossie,Schectman,,Long Island-Brooklyn,USA,72,175,1,0,0,-1,-1,-1
88,Steve,Scheffler,,Purdue,USA,81,250,0,1,0,1990,2,39
78080,Tom,Scheffler,,Purdue,USA,83,240,0,0,1,1977,6,117
1631248,Baylor,Scheierman,,,,,,,,,,,
78081,Dave,Schellhase,,Purdue,USA,75,205,1,0,0,1966,1,10
101195,Luke,Schenscher,,Georgia Tech,USA,85,265,0,0,1,-22,-22,-22
78082,Herb,Scherer,,Long Island-Brooklyn,USA,81,212,0,0,1,1950,2,
202416,Jon,Scheyer,,,,,,,,,,,
368,Dwayne,Schintzius,,Florida,USA,86,285,0,0,1,1990,1,24
78084,Dale,Schlueter,,Colorado State,USA,82,225,0,0,1,1967,6,63
78085,Otto,Schnellbacher,,Kansas,USA,,,0,0,0,-22,-22,-22
78086,Dick,Schnittker,,Ohio State,USA,77,200,0,1,0,1950,1,4
78087,Russ,Schoene,,Tennessee-Chattanooga,USA,82,210,0,1,0,1982,2,45
1629678,Admiral,Schofield,,Tennessee,United Kingdom,77,241,0,1,0,2019,2,42
78088,Dave,Scholz,,Illinois,USA,80,220,0,1,0,1969,4,56
78089,Milt,Schoon,,Valparaiso,USA,79,230,0,0,1,-1,-1,-1
267636,Sofoklis,Schortsanitis,,,,,,,,,,,
96,Detlef,Schrempf,,Washington,USA,82,235,0,1,0,1985,1,8
203471,Dennis,Schroder,,,,,,,,,,,
78091,Howie,Schultz,,Hamline,USA,78,200,0,1,0,-1,-1,-1
56071,Sven,Schultze,,,,,,,,,,,
78092,Dick,Schulz,,Wisconsin,USA,74,192,0,1,0,-1,-1,-1
78093,John,Schweitz,,Richmond,USA,78,210,1,0,0,1982,6,138
2449,Luis,Scola,,Tau Ceramica,Argentina,81,240,0,1,0,2002,2,55
64093,Luis,Scola,,,,,,0,1,0,,,
78094,Freddie,Scolari,,San Francisco,USA,71,180,1,0,0,-1,-1,-1
78095,Alvin,Scott,,Oral Roberts,USA,79,185,0,1,0,1977,7,136
1064,Brent,Scott,,Rice,USA,82,250,0,1,1,-1,-1,-1
2,Byron,Scott,,Arizona State,USA,76,205,1,0,0,1983,1,4
203163,Carleton,Scott,,,,,,,,,,,
78097,Charlie,Scott,,North Carolina,USA,77,175,1,0,0,1970,7,106
192,Dennis,Scott,,Georgia Tech,USA,80,229,0,1,0,1990,1,4
1628677,Durand,Scott,,,,,,,,,,,
1109,James,Scott,,St. John's (NY),USA,78,180,0,1,0,-1,-1,-1
203118,Mike,Scott,,Virginia,USA,79,237,0,1,0,2012,2,43
78100,Ray,Scott,,Portland,USA,81,215,0,1,0,1961,1,4
1626263,Shannon,Scott,,,,,,,,,,,
1035,Shawnelle,Scott,,St. John's (NY),USA,83,250,0,0,1,1994,2,43
1630286,Tre,Scott,,Cincinnati,USA,80,225,0,0,0,-22,-22,-22
1630206,Jay,Scrubb,,John A. Logan,USA,77,220,0,0,0,2020,2,55
78102,Carey,Scurry,,Long Island-Brooklyn,USA,79,188,0,1,0,1985,2,37
1631220,Dereon,Seabron,,North Carolina State,USA,77,180,1,0,0,-1,-1,-1
78103,Bruce,Seals,,Xavier of Louisiana,USA,80,210,0,1,0,1975,2,21
1578,Shea,Seals,,Tulsa,USA,77,210,1,0,0,-1,-1,-1
907,Malik,Sealy,,St. John's (NY),USA,80,200,1,1,0,1992,1,14
203204,Devin,Searcy,,,,,,,,,,,
78105,Ed,Searcy,,St. John's (NY),USA,78,210,0,1,0,1974,5,82
78106,Ken,Sears,,Santa Clara,USA,81,198,0,1,0,1955,1,4
1641813,Mark,Sears,,Alabama,USA,72,185,1,0,0,,,
78107,Wayne,See,,Northern Arizona,USA,75,190,1,0,0,-1,-1,-1
200757,Thabo,Sefolosha,,Angelico Biella,Switzerland,78,215,1,1,0,2006,1,13
56090,Lior,Segev,,,,,,,,,,,
938,Rony,Seikaly,,Syracuse,USA,83,253,0,0,1,1988,1,9
40044,Blagota,Sekulic,,,,,,,,,,,
78109,Glen,Selbo,,Wisconsin,USA,75,196,0,1,0,1947,1,2
202729,Josh,Selby,,Kansas,USA,74,183,1,0,0,2011,2,49
1627782,Wayne,Selden,,Kansas,USA,77,230,1,0,0,2016,,
78110,Brad,Sellers,,Ohio State,USA,84,210,0,1,0,1986,1,9
78111,Phil,Sellers,,Rutgers,USA,76,195,0,1,0,1976,3,38
78112,Rollie,Seltz,,Hamline,USA,70,165,1,0,0,-1,-1,-1
78113,Frank,Selvy,,Furman,USA,74,180,1,0,0,1954,1,1
78114,Jim,Seminoff,,Southern California,USA,74,190,1,0,0,-1,-1,-1
200754,Mouhamed,Sene,,Verviers-Pepinster,Senegal,83,230,0,0,1,2006,1,10
78115,George,Senesky,,St. Joseph's (PA),USA,74,179,1,0,0,-22,-22,-22
1628496,Jeremy,Senglin,,,,,,,,,,,
1630578,Alperen,Sengun,,,,,,FALSE,FALSE,FALSE,,,
1641729,Brice,Sensabaugh,,,,,,FALSE,FALSE,FALSE,,,
202338,Kevin,Seraphin,,Cholet,France,82,278,0,1,1,2010,1,17
1738,Ansu,Sesay,,Mississippi,USA,81,225,0,1,0,1998,2,30
201196,Ramon,Sessions,,Nevada-Reno,USA,75,190,1,0,0,2007,2,56
196295524,Henry,Sewell,,,,,,,,,,,
78116,Tom,Sewell,,Lamar,USA,77,185,1,0,0,1984,1,22
1629012,Collin,Sexton,,,,,,,,,,,
78117,Paul,Seymour,,Toledo,USA,73,180,1,0,0,-1,-1,-1
78118,Nick,Shaback,,James Monroe HS (NY),USA,71,180,1,0,0,-1,-1,-1
1631455,Jaden,Shackelford,,,USA,,,0,0,0,-22,-22,-22
1593,Charles,Shackleford,,North Carolina State,USA,83,245,0,0,1,1988,2,32
78120,Carl,Shaeffer,,Alabama,USA,75,185,1,0,0,-1,-1,-1
78121,Lee,Shaffer,,North Carolina,USA,79,220,0,1,0,1960,1,5
201203,Mustafa,Shakur,,Arizona,USA,76,195,1,0,0,-1,-1,-1
1629013,Landry,Shamet,,,,,,FALSE,FALSE,FALSE,,,
1539,God,Shammgod,,Providence,USA,72,169,1,0,0,1997,2,45
78123,Earl,Shannon,,Rhode Island,USA,71,170,1,0,0,-1,-1,-1
78124,Howie,Shannon,,Kansas State,USA,74,175,1,0,0,1949,1,1
1630545,Terrence,Shannon Jr.,,,,,,,,,,,
78125,Charlie,Share,,Bowling Green,USA,83,235,0,0,1,1950,1,1
78126,Bill,Sharman,,Southern California,USA,73,175,1,0,0,1950,2,
41623,Derrick,Sharp,,,,,,,,,,,
556,Derrick,Sharp,,,,,,,,,,,
1642481,Jamarion,Sharp,,,USA,,,0,0,0,-22,-22,-22
1630549,Day'Ron,Sharpe,,,,,,,,,,,
1631101,Shaedon,Sharpe,,,,,,,,,,,
201594,Walter,Sharpe,,Alabama-Birmingham,USA,81,245,0,1,0,2008,2,32
1117,John,Shasky,,Minnesota,USA,83,235,0,0,1,1986,3,61
557,Shason,Shason,,,,,,,,,,,
78128,Ron,Shavlik,,North Carolina State,USA,80,200,0,1,0,1956,1,4
216,Brian,Shaw,,California-Santa Barbara,USA,78,200,1,0,0,1988,1,24
1745,Casey,Shaw,,Toledo,USA,83,255,0,0,1,1998,2,37
1629621,Marial,Shayok,,Iowa State,Canada,77,198,1,1,0,2019,2,54
78130,Bob,Shea,,Rhode Island,USA,74,194,0,1,0,-1,-1,-1
1642347,Jamal,Shead,,,,,,FALSE,FALSE,FALSE,,,
78131,Fred,Sheffield,,Utah,USA,74,165,0,1,0,-1,-1,-1
78132,Craig,Shelton,,Georgetown,USA,79,210,0,1,0,1980,2,28
78133,Lonnie,Shelton,,Oregon State,USA,80,240,0,1,0,1976,2,25
203129,Tornike,Shengelia,,Spirou Charleroi,Georgia,81,240,0,1,0,2012,2,54
1641767,Ben,Sheppard,,,,,,,,,,,
1852,Jeff,Sheppard,,Kentucky,USA,75,190,1,0,0,-1,-1,-1
2135,Nick,Sheppard,,,,,,,,,,,
1642263,Reed,Sheppard,,,,,,FALSE,FALSE,FALSE,,,
78135,Steve,Sheppard,,Maryland,USA,78,215,0,1,0,1977,2,30
78136,Edmund,Sherod,,Virginia Commonwealth,USA,74,170,1,0,0,1981,4,72
1962937730,Jun,Shi,,,,,,,,,,,
101251,Ricky,Shields,,,,,,,,,,,
78653,Charlie,Shipp,,Catholic,USA,73,200,1,0,0,-1,-1,-1
200517,Joe,Shipp,,,,,,,,,,,
2321,Paul,Shirley,,Iowa State,USA,82,230,0,1,0,-1,-1,-1
1629679,Simisola,Shittu,,,Canada,,,0,0,0,-22,-22,-22
78138,Gene,Short,,Jackson State,USA,78,200,0,1,0,1975,1,9
78139,Purvis,Short,,Jackson State,USA,79,210,0,1,0,1978,1,5
1962937787,Sam,Short,,,,,,,,,,,
64019,Sam,Short,,,,,,,,,,,
78140,Dexter,Shouse,,South Alabama,USA,74,200,0,1,0,1985,4,92
43239,Anton,Shoutvin,,,,,,,,,,,
56091,Anton,Shoutvin,,,,,,,,,,,
78141,Dick,Shrider,,Ohio,USA,74,190,1,0,0,-22,-22,-22
78142,Gene,Shue,,Maryland,USA,74,170,1,0,0,1954,1,3
1630675,Devontae,Shuler,,,USA,,,0,0,0,-22,-22,-22
1642917,Max,Shulga,,,,,,,,,,,
1643104,Christian,Shumate,,,,,,,,,,,
78143,John,Shumate,,Notre Dame,USA,81,235,0,1,0,1974,1,4
202697,Iman,Shumpert,,Georgia Tech,USA,77,215,1,0,0,2011,1,17
203157,John,Shurna,,,,,,,,,,,
203144,Alexey,Shved,,CSKA Moscow,Russia,78,187,1,0,0,-1,-1,-1
40093,Alexey,Shved,,,,,,,,,,,
9008,Alexey,Shved,,,,,,,,,,,
64139,Kun,Si,,,,,,,,,,,
1627783,Pascal,Siakam,,,,,,FALSE,FALSE,FALSE,,,
1626296,Jordan,Sibert,,Dayton,USA,76,187,1,0,0,2015,,
78144,Sam,Sibert,,Kentucky State,USA,79,215,0,1,0,1972,2,19
78145,Mark,Sibley,,Northwestern,USA,74,175,1,0,0,1973,4,64
78146,Jerry,Sichting,,Purdue,USA,73,168,1,0,0,1979,4,82
78147,Larry,Siegfried,,Ohio State,USA,75,190,1,0,0,1961,1,3
78148,Ralph,Siewert,,Dakota Wesleyan,USA,,,0,0,1,-1,-1,-1
196294094,Jason,Siggers,,,,,,0,0,0,,,
196294595,Jason,Siggers,,,,,,,,,,,
78149,Jack,Sikma,,Illinois Wesleyan,USA,83,230,0,0,1,1977,1,8
78150,James,Silas,,Stephen F. Austin,USA,73,180,1,0,0,1972,5,70
78151,Paul,Silas,,Creighton,USA,79,220,0,1,0,1964,2,10
202918,Xavier,Silas,,Northern Illinois,USA,77,205,1,0,0,2011,,
202081,Garret,Siler,,Augusta State,USA,83,305,0,0,1,-1,-1,-1
78152,Mike,Silliman,,Army,USA,78,225,0,1,0,1966,8,69
1629735,Chris,Silva,,South Carolina,Gabon,80,234,0,0,0,-22,-22,-22
101134,Wayne,Simien,,Kansas,USA,81,250,0,1,0,2005,1,29
1627732,Ben,Simmons,,Louisiana State,Australia,82,240,1,1,0,2016,1,1
2250,Bobby,Simmons,,DePaul,USA,78,235,0,1,0,2001,2,41
200759,Cedric,Simmons,,North Carolina State,USA,81,235,0,1,0,2006,1,15
78153,Connie,Simmons,,Flushing HS (NY),USA,80,222,0,0,1,-22,-22,-22
78154,Johnny,Simmons,,New York University,USA,73,184,1,0,0,-22,-22,-22
203613,Jonathon,Simmons,,Houston,USA,78,195,0,1,0,2012,0,0
1628424,Kobi,Simmons,,Arizona,USA,77,180,0,0,0,-22,-22,-22
1489,Lionel,Simmons,,La Salle,USA,79,210,0,1,0,1990,1,7
204136,Marcus,Simmons,,,,,,,,,,,
1630603,Aamir,Simms,,,USA,,,0,0,0,-22,-22,-22
1629779,Justin,Simon,,,,,,,,,,,
1750,Miles,Simon,,Arizona,USA,75,202,1,0,0,1998,2,42
1630250,Marko,Simonovic,,Mega Basket,Montenegro,84,220,0,0,1,2020,2,44
1629014,Anfernee,Simons,,,,,,,,,,,
54,Dickey,Simpkins,,Providence,USA,81,255,0,1,0,1994,1,21
202067,Diamon,Simpson,,St. Mary's (CA),USA,79,230,0,1,0,-1,-1,-1
1642354,KJ,Simpson,,,,,,,,,,,
78157,Ralph,Simpson,,Michigan State,USA,77,200,1,0,0,1972,1,11
1630285,Zavier,Simpson,,Michigan,USA,72,190,0,0,0,-22,-22,-22
1591,Alvin,Sims,,Louisville,USA,76,235,1,0,0,-1,-1,-1
78160,Bob,Sims,,Pepperdine,USA,77,220,0,1,0,1960,7,54
201235,Courtney,Sims,,Michigan,USA,83,245,0,0,0,-22,-22,-22
202586,DeShawn,Sims,,,,,,,,,,,
78159,Doug,Sims,,Kent State,USA,79,195,0,1,0,-1,-1,-1
203156,Henry,Sims,,Georgetown,USA,82,248,0,1,1,-1,-1,-1
1631301,Jaylen,Sims,,North Carolina-Wilmington,USA,78,210,1,0,0,-1,-1,-1
1630579,Jericho,Sims,,,,,,FALSE,FALSE,FALSE,,,
78161,Scott,Sims,,Missouri,USA,73,170,1,0,0,1977,5,103
1962937741,Amritpal,Singh,,,,,,,,,,,
203560,E.J.,Singler,,,,,,,,,,,
202713,Kyle,Singler,,Duke,USA,80,228,0,1,0,2011,2,33
201606,Sean,Singletary,,Virginia,USA,72,185,1,0,0,2008,2,42
202698,Chris,Singleton,,Florida State,USA,81,228,0,1,0,2011,1,18
101189,James,Singleton,,Murray State,USA,80,230,0,1,0,-1,-1,-1
78162,Mckinley,Singleton,,Alabama-Birmingham,USA,77,175,0,1,0,1984,6,120
41010,Justas,Sinica,,,,,,,,,,,
78163,Zeke,Sinicola,,Niagara,USA,70,165,1,0,0,1951,1,4
41206,Stefan,Sinovec,,,,,,,,,,,
42542,Kenan,Sipahi,,,,,,,,,,,
43314,Kenan,Sipahi,,,,,,,,,,,
1629686,Deividas,Sirvydis,,Lietuvos rytas Vilnius,Lithuania,80,190,1,1,0,2019,2,37
44037,Ramunas,Siskauskas,,,,,,,,,,,
9009,Ramunas,Siskauskas,,,,,,,,,,,
78164,Charlie,Sitton,,Oregon State,USA,80,210,0,1,0,1984,2,38
203491,Peyton,Siva,,Louisville,USA,72,185,1,0,0,2013,2,56
1631376,Dmytro,Skapintsev,,Cal State Northridge,Ukraine,84,215,0,0,1,,,
101,Scott,Skiles,,Michigan State,USA,73,180,1,0,0,1986,1,22
1654,Scott,Skiles,,,,,,,,,,,
78167,Al,Skinner,,Massachusetts,USA,75,190,1,0,0,1974,9,160
1730,Brian,Skinner,,Baylor,USA,81,255,0,0,0,1998,1,22
1962936489,Brian,Skinner,,,,,,,,,,,
78168,Talvin,Skinner,,Maryland-Eastern Shore,USA,77,195,0,1,0,1974,3,44
78169,Whitey,Skoog,,Minnesota,USA,71,180,1,0,0,1951,,
40078,Ezequiel,Skverer,,,,,,,,,,,
78170,Jeff,Slade,,Kenyon,USA,78,220,0,1,0,1962,11,85
1073,Reggie,Slater,,Wyoming,USA,79,255,0,1,0,-1,-1,-1
78171,Jim,Slaughter,,South Carolina,USA,83,210,0,0,1,1951,4,31
78172,Jose,Slaughter,,Portland,USA,77,205,1,0,0,1982,2,43
201201,Marcus,Slaughter,,,,,,,,,,,
56057,Marcus,Slaughter,,,,,,,,,,,
1641771,Jalen,Slawson,,,,,,FALSE,FALSE,FALSE,,,
2447,Tamar,Slay,,Marshall,USA,80,215,1,0,0,2002,2,53
202388,Donald,Sloan,,Texas A&M,USA,75,205,1,0,0,-1,-1,-1
78173,Jerry,Sloan,,Evansville,USA,77,195,1,0,0,1965,1,4
101166,Uros,Slokar,,Benetton Treviso,Slovenia,82,238,0,1,0,2005,2,58
267635,Kostas,Sloukas,,,,,,,,,,,
78174,Tom,Sluby,,Notre Dame,USA,76,200,1,0,0,1984,2,41
1629346,Alen,Smailagic,,Beko,Serbia,82,215,0,1,0,2019,2,39
1642914,Javon,Small,,,,,,FALSE,FALSE,FALSE,,,
1630606,Javonte,Smart,,Louisiana State,USA,76,205,1,0,0,,,
78175,Keith,Smart,,Indiana,USA,73,175,1,0,0,1988,2,41
203935,Marcus,Smart,,,,,,FALSE,FALSE,FALSE,,,
78176,Belus,Smawley,,Appalachian State,USA,73,195,1,0,0,-1,-1,-1
78177,Jack,Smiley,,Illinois,USA,75,190,1,0,0,-1,-1,-1
78178,Adrian,Smith,,Kentucky,USA,73,180,1,0,0,1958,15,85
78207,Bill,Smith,,Syracuse,USA,84,220,0,0,1,1971,3,42
78209,Bill,Smith,,St. Peter's,USA,77,190,0,0,0,1961,5,42
78202,Bingo,Smith,,Tulsa,USA,77,195,0,1,0,1969,1,6
78203,Bobby,Smith,,West Virginia,USA,76,190,1,0,0,1959,3,18
1520,Charles,Smith,,New Mexico,USA,76,200,1,0,0,1997,1,26
293,Charles,Smith,,Pittsburgh,USA,82,244,0,1,0,1988,1,3
40043,Charles,Smith,,,,,,,,,,,
78179,Charles,Smith,,Georgetown,USA,73,160,0,1,0,-1,-1,-1
1630607,Chris,Smith,,,USA,,,0,0,0,-22,-22,-22
1814,Chris,Smith,,Connecticut,USA,75,190,1,0,0,1992,2,34
203147,Chris,Smith,,Louisville,USA,74,200,1,0,0,-1,-1,-1
78181,Clinton,Smith,,Cleveland State,USA,78,210,0,1,0,1986,5,97
200783,Craig,Smith,,Boston College,USA,79,265,0,1,0,2006,2,36
78182,Deb,Smith,,Utah,USA,75,180,0,0,0,-22,-22,-22
1643090,Deivon,Smith,,,,,,,,,,,
78183,Derek,Smith,,Louisville,USA,78,205,1,0,0,1982,2,35
43183,Devin,Smith,,,,,,0,0,0,,,
78184,Don,Smith,,Dayton,USA,72,160,1,0,0,1974,2,19
78185,Donald,Smith,,Minnesota,USA,74,190,0,1,0,1947,,
2764,Donta,Smith,,Southeastern Illinois,USA,79,215,1,0,0,2004,2,34
42572,Donta,Smith,,,,,,,,,,,
56092,Donta,Smith,,,,,,,,,,,
475,Doug,Smith,,Missouri,USA,82,220,0,1,0,1991,1,6
1630696,Dru,Smith,,,,,,,,,,,
78187,Ed,Smith,,Harvard,USA,78,180,0,1,0,1951,1,6
78188,Elmore,Smith,,Kentucky State,USA,85,250,0,0,1,1971,1,3
78189,Garfield,Smith,,Eastern Kentucky,USA,81,235,0,0,1,1968,3,32
202962,Greg,Smith,,Fresno State,USA,82,250,0,0,1,-1,-1,-1
78190,Greg,Smith,,Western Kentucky,USA,77,195,0,1,0,1968,4,50
202397,Ish,Smith,,Wake Forest,USA,72,175,0,0,0,-22,-22,-22
2747,JR,Smith,,No College,USA,78,220,1,0,0,2004,1,18
201650,JaJuan,Smith,,,,,,,,,,,
2074,Jabari,Smith,,Louisiana State,USA,83,250,0,0,1,2000,2,45
1630188,Jalen,Smith,,,,,,FALSE,FALSE,FALSE,,,
200815,Jamar,Smith,,,,,,,,,,,
202446,Jamar,Smith,,,,,,,,,,,
201160,Jason,Smith,,Colorado State,USA,84,240,0,1,1,2007,1,20
202536,Jerry,Smith,,Louisville,USA,74,190,1,0,0,1963,2,12
78191,Jim,Smith,,Ohio State,USA,81,225,0,1,0,1981,3,54
693,Joe,Smith,,Maryland,USA,82,225,0,1,1,1995,1,1
2746,Josh,Smith,,Oak Hill Academy (VA),USA,81,225,0,1,0,2004,1,17
1626288,Joshua,Smith,,,,,,,,,,,
1630676,Justin,Smith,,,,,,,,,,,
78192,Keith,Smith,,Loyola-Marymount,USA,75,180,1,0,0,1986,2,45
181,Kenny,Smith,,North Carolina,USA,75,170,1,0,0,1987,1,6
78194,Labradford,Smith,,Louisville,USA,75,200,0,1,0,1991,1,19
201831,Lanny,Smith,,,,,,,,,,,
78195,Larry,Smith,,Alcorn State,USA,80,215,0,1,0,1980,2,24
1910,Leon,Smith,,Martin Luther King HS (IL),USA,82,235,0,1,0,1999,1,29
1641869,Malachi,Smith,,,,,,,,,,,
63,Michael,Smith,,Providence,USA,80,240,0,1,0,1994,2,35
78197,Michael,Smith,,Brigham Young,USA,82,225,1,0,0,1989,1,13
2065,Mike,Smith,,Louisiana-Monroe,USA,80,195,0,1,0,2000,2,35
202701,Nolan,Smith,,Duke,USA,74,185,1,0,0,2011,1,21
78198,Otis,Smith,,Jacksonville,USA,77,210,0,1,0,1986,2,41
78199,Phil,Smith,,San Francisco,USA,76,185,1,0,0,1974,2,29
78200,Randy,Smith,,Buffalo State,USA,75,180,1,0,0,1971,7,104
78201,Reggie,Smith,,TCU,USA,82,240,0,1,0,1992,2,31
78204,Robert,Smith,,UNLV,USA,71,165,1,0,0,1977,3,65
203964,Roscoe,Smith,,,,,,,,,,,
203893,Russ,Smith,,Louisville,USA,72,165,1,0,0,2014,2,47
78205,Sammy,Smith,,UNLV,USA,76,200,0,1,0,1977,3,48
120,Steven,Smith,,Michigan State,USA,80,221,1,1,0,1991,1,5
200848,Steven,Smith,,La Salle,USA,81,250,0,1,0,-1,-1,-1
1478,Stevin,Smith,,Arizona State,USA,74,208,1,0,0,-1,-1,-1
1631173,Terquavion,Smith,,North Carolina State,USA,76,160,1,0,0,-22,-22,-22
2604,Theron,Smith,,Ball State,USA,80,225,0,1,0,-1,-1,-1
1642449,Tolu,Smith,,,,,,,,,,,
2596,Tommy,Smith,,,,,,,,,,,
380,Tony,Smith,,Marquette,USA,76,205,0,0,0,1990,2,51
1641890,Tyler,Smith,,,,,,,,,,,
78208,Willie,Smith,,Missouri,USA,74,170,1,0,0,1976,2,18
1629146,Zach,Smith,,,,,,,,,,,
1629015,Zhaire,Smith,,Texas Tech,USA,75,205,1,0,0,2018,1,16
1628372,Dennis,Smith Jr.,,North Carolina State,USA,75,205,1,0,0,2017,1,9
1631095,Jabari,Smith Jr.,,,,,,FALSE,FALSE,FALSE,,,
1641733,Nick,Smith Jr.,,,,,,,,,,,
64023,Tohi,Smith-Milner,,,,,,,,,,,
7021,Tohi,Smith-Milner,,,,,,,,,,,
1627886,D'Vauntes,Smith-Rivera,,,,,,,,,,,
22,Rik,Smits,,Marist,USA,88,265,0,0,1,1988,1,2
9010,Matjaz,Smodis,,,,,,,,,,,
533,Smodis,Smodis,,,,,,,,,,,
1091,Mike,Smrek,,Canisius,USA,84,250,0,0,1,1985,2,25
78212,Joe,Smyth,,Niagara,USA,75,215,0,1,0,1953,,
1630270,Xavier,Sneed,,Kansas State,USA,77,215,0,1,0,-1,-1,-1
203503,Tony,Snell,,New Mexico,USA,78,213,1,0,0,2013,1,20
727,Eric,Snow,,Michigan State,USA,75,205,1,0,0,1995,2,43
100729,Michelle,Snow,,,,,,,,,,,
78213,Dick,Snyder,,Davidson,USA,77,207,1,0,0,1966,2,14
2745,Kirk,Snyder,,Nevada,USA,78,225,1,1,0,2004,1,16
78214,George,Sobek,,Notre Dame,USA,72,180,1,0,0,-1,-1,-1
78215,Ricky,Sobers,,UNLV,USA,75,198,1,0,0,1975,1,16
196295501,Nathan,Sobey,,,,,,0,0,0,,,
64069,Nathan,Sobey,,,,,,,,,,,
78216,Ron,Sobie,,DePaul,USA,75,185,1,0,0,1956,1,6
1631110,Jeremy,Sochan,,,,,,,,,,,
78217,Mike,Sojourner,,Utah,USA,81,225,0,0,1,1974,1,10
9011,Dmitry,Sokolov,,,,,,,,,,,
204076,Richard,Solomon,,,,,,,,,,,
2226,Will,Solomon,,Clemson,USA,73,185,1,0,0,2001,2,32
78219,Willie,Somerset,,Duquesne,USA,68,170,1,0,0,1965,7,56
203154,Greg,Somogyi,,,,,,,,,,,
2443,Darius,Songaila,,Wake Forest,Lithuania,81,248,0,1,0,2002,2,49
1642850,Thomas,Sorber,,,,,,,,,,,
78220,Dave,Sorenson,,Ohio State,USA,80,225,0,1,0,1970,2,26
64013,Roman,Sorkin,,,,,,,,,,,
1626293,Edgar,Sosa,,,,,,,,,,,
196294107,Kai,Sotto,,,,,,,,,,,
203480,James,Southerland,,Syracuse,USA,80,215,0,1,0,-1,-1,-1
1962937928,Marcus Vinicius,Souza,,,,,,,,,,,
78221,Gino,Sovran,,Detroit,USA,74,175,0,1,0,-1,-1,-1
2776,Pape,Sow,,California State-Fullerton,Senegal,82,250,0,1,0,2004,2,47
1629034,Ray,Spalding,,Louisville,USA,81,225,0,1,0,2018,2,56
78222,Jim,Spanarkel,,Duke,USA,77,190,1,0,0,1979,1,16
2779,Vassilis,Spanoulis,,Panathinaikos,Greece,76,195,1,0,0,2004,2,50
78223,Guy,Sparrow,,Detroit,USA,78,218,0,1,0,1955,3,19
600009,Rory,Sparrow,,Villanova,USA,74,175,1,0,0,1980,4,75
78225,Odie,Spears,,Western Kentucky,USA,77,205,0,1,0,1948,,
78226,Art,Spector,,Villanova,USA,76,200,0,1,0,-1,-1,-1
201578,Marreese,Speights,,Florida,USA,82,255,0,1,1,2008,1,16
1629016,Omari,Spellman,,Villanova,USA,80,245,0,1,0,2018,1,30
78227,Andre,Spencer,,Northern Arizona,USA,78,210,0,1,0,-1,-1,-1
1642285,Cam,Spencer,,,,,,FALSE,FALSE,FALSE,,,
771,Elmore,Spencer,,UNLV,USA,84,270,0,0,1,1992,1,25
280,Felton,Spencer,,Louisville,USA,84,290,0,0,1,1990,1,6
1630311,Pat,Spencer,,,,,,,,,,,
78230,Lou,Spicer,,Syracuse,USA,74,195,0,1,0,-1,-1,-1
78231,Craig,Spitzer,,Tulane,USA,84,225,0,0,1,-22,-22,-22
201168,Tiago,Splitter,,Bilbao,Brazil,83,245,0,1,1,2007,1,28
78232,Art,Spoelstra,,Western Kentucky,USA,81,220,0,0,1,1954,4,34
84,Latrell,Sprewell,,Alabama,USA,77,195,1,0,0,1992,1,24
78233,Larry,Spriggs,,Howard,USA,79,230,0,1,0,1981,4,81
1630531,Jaden,Springer,,Tennessee,USA,76,202,1,0,0,2021,1,28
78234,Jim,Springer,,Canterbury,USA,81,235,0,0,1,1956,,
78235,Jim,Spruill,,Rice,USA,74,225,0,1,0,-1,-1,-1
1756,Ryan,Stack,,South Carolina,USA,83,215,0,1,0,1998,2,48
711,Jerry,Stackhouse,,North Carolina,USA,78,218,0,1,0,1995,1,3
78237,Kevin,Stacom,,Providence,USA,75,185,1,0,0,1974,2,35
78238,Dave,Stallworth,,Wichita State,USA,79,200,0,1,0,1965,1,3
78239,Isaac,Stallworth,,Kansas,USA,77,190,0,1,0,1972,1,7
78240,Ed,Stanczak,,Central HS (IN),USA,73,185,0,1,0,-1,-1,-1
1630199,Cassius,Stanley,,Duke,USA,77,190,1,0,0,2020,2,54
78241,Terence,Stansbury,,Temple,USA,77,170,1,0,0,1984,1,15
1629236,Jonathan,Stark,,,,,,,,,,,
317,John,Starks,,Oklahoma State,USA,77,190,1,0,0,-1,-1,-1
200853,Ondrej,Starosta,,,,,,,,,,,
78243,Keith,Starr,,Pittsburgh,USA,78,190,1,0,0,1976,4,52
1626219,Juwan,Staten,,,,,,,,,,,
203917,Nik,Stauskas,,Michigan,Canada,78,207,1,0,0,2014,1,8
78244,Larry,Staverman,,Thomas More,USA,79,205,0,1,0,1958,9,64
78245,Larry,Steele,,Kentucky,USA,77,180,1,0,0,1971,3,37
2629,Jon,Stefansson,,,,,,,,,,,
40030,Jon,Stefansson,,,,,,,,,,,
1099,Matt,Steigenga,,Michigan State,USA,79,225,0,1,0,1992,2,52
64043,Clint,Steindl,,,,,,,,,,,
1735,Vladimir,Stepania,,Union Olimpija,Georgia,85,255,0,0,1,1998,1,27
203474,DJ,Stephens,,Memphis,USA,77,188,1,1,0,-1,-1,-1
78247,Everette,Stephens,,Purdue,USA,74,175,1,0,0,1988,2,31
78249,Jack,Stephens,,Notre Dame,USA,75,185,1,0,0,1955,2,7
1641868,Jake,Stephens,,,USA,,,0,0,0,-22,-22,-22
1086,Joe,Stephens,,Arkansas-Little Rock,USA,79,210,0,1,0,-1,-1,-1
202362,Lance,Stephenson,,Cincinnati,USA,77,210,0,1,0,2010,2,40
1627293,Alex,Stepheson,,Southern California,USA,82,270,0,1,0,-1,-1,-1
2786,Blake,Stepp,,,,,,,,,,,
78250,Brook,Steppe,,Georgia Tech,USA,77,195,1,0,0,1982,1,17
78251,Barry,Stevens,,Iowa State,USA,77,195,1,0,0,1985,2,43
1641815,Isaiah,Stevens,,,,,,,,,,,
1630205,Lamar,Stevens,,Penn State,USA,79,230,0,1,0,-1,-1,-1
78252,Wayne,Stevens,,Cincinnati,USA,75,185,0,1,0,1958,7,49
2052,DeShawn,Stevenson,,Washington Union HS (CA),USA,77,218,1,1,0,2000,1,23
1641907,Erik,Stevenson,,,USA,,,0,0,0,-22,-22,-22
1630569,DJ,Steward,,,USA,,,0,0,0,-22,-22,-22
1630597,DJ,Stewart,,Mississippi State,USA,77,205,1,0,0,-1,-1,-1
78253,Dennis,Stewart,,Michigan,USA,78,220,0,1,0,1969,4,44
1629136,Elijah,Stewart,,,,,,,,,,,
1630191,Isaiah,Stewart,,,,,,,,,,,
1529,Kebu,Stewart,,California State-Bakersfield,USA,80,239,0,1,0,1997,2,35
1125,Larry,Stewart,,Coppin State,USA,80,230,0,1,0,-22,-22,-22
1565,Michael,Stewart,,California,USA,82,230,0,0,1,-1,-1,-1
78256,Norm,Stewart,,Missouri,USA,77,205,0,1,0,1956,,
200855,Frans,Steyn,,,,,,,,,,,
201880,Greg,Stiemsma,,Wisconsin,USA,83,260,0,0,1,-1,-1,-1
78257,Steve,Stipanovich,,Missouri,USA,83,245,0,0,1,1983,1,2
56031,Rok,Stipcevic,,,,,,,,,,,
179,Bryant,Stith,,Virginia,USA,77,210,1,0,0,1992,1,13
7020,Dillon,Stith,,,,,,,,,,,
78259,Sam,Stith,,St. Bonaventure,USA,74,185,1,0,0,1960,8,56
78260,Tom,Stith,,St. Bonaventure,USA,77,210,0,1,0,1961,1,2
43240,Demontez,Stitt,,,,,,0,0,0,,,
78261,Alex,Stivrins,,Colorado,USA,80,220,0,1,0,1985,4,75
204065,David,Stockton,,Gonzaga,USA,71,165,1,0,0,2014,0,0
304,John,Stockton,,Gonzaga,USA,73,175,1,0,0,1984,1,16
978,Peja,Stojakovic,,PAOK,Serbia,82,229,0,1,0,1996,1,14
43203,Vojdan,Stojanovski,,,,,,,,,,,
1055,Ed,Stokes,,Arizona,USA,84,264,0,0,0,1993,2,35
78264,Greg,Stokes,,Iowa,USA,82,220,0,1,0,1985,2,33
203950,Jarnell,Stokes,,Tennessee,USA,81,263,0,1,1,2014,2,35
600016,Maurice,Stokes,,St. Francis (PA),USA,79,232,0,1,0,1955,1,2
78266,Art,Stolkey,,Detroit,USA,73,180,1,0,0,-1,-1,-1
56093,Paul,Stoll,,,,,,,,,,,
1627754,Diamond,Stone,,Maryland,USA,83,255,0,0,1,2016,2,40
202933,Julyan,Stone,,Texas-El Paso,USA,78,200,1,0,0,-22,-22,-22
2852,Awvee,Storey,,Arizona State,USA,78,225,1,1,0,-1,-1,-1
757,Damon,Stoudamire,,Arizona,USA,70,171,1,0,0,1995,1,7
101136,Salim,Stoudamire,,Arizona,USA,73,175,0,0,0,2005,2,31
2405,Amar'e,Stoudemire,,Cypress Creek HS (FL),USA,82,245,0,1,1,2002,1,9
78267,Paul,Stovall,,Arizona State,USA,76,215,0,1,0,1972,2,22
201199,DJ,Strawberry,,Maryland,USA,77,201,1,0,0,2007,2,59
78268,Joe,Strawder,,Bradley,USA,82,235,0,0,1,1964,4,34
1631124,Julian,Strawther,,,,,,,,,,,
78269,Bill,Stricker,,Pacific,USA,80,210,0,1,0,1970,4,54
201240,Brad,Stricker,,,,,,,,,,,
1065,Erick,Strickland,,Nebraska,USA,75,218,1,0,0,-1,-1,-1
1110,Mark,Strickland,,Temple,USA,82,220,0,1,0,-1,-1,-1
393,Rod,Strickland,,DePaul,USA,75,185,1,0,0,1988,1,19
78270,Roger,Strickland,,Jacksonville,USA,77,200,0,1,0,1963,1,7
78271,John,Stroeder,,Montana,USA,82,260,0,1,0,1980,8,168
400,Derek,Strong,,Xavier,USA,81,240,0,1,0,1990,2,47
78273,Lamont,Strothers,,Christopher Newport,USA,76,190,1,0,0,1991,2,43
78274,John,Stroud,,Mississippi,USA,79,215,0,1,0,1980,2,27
1629622,Max,Strus,,,,,,FALSE,FALSE,FALSE,,,
201155,Rodney,Stuckey,,Eastern Washington,USA,77,205,0,0,0,2007,1,15
78275,Gene,Stump,,DePaul,USA,74,185,0,1,0,1947,,
55086,Eric,Stuteville,,,,,,,,,,,
78276,Stan,Stutz,,Rhode Island,USA,70,170,0,0,0,-22,-22,-22
40021,Carlos,Suarez,,,,,,,,,,,
56049,Carlos,Suarez,,,,,,,,,,,
1630591,Jalen,Suggs,,,,,,FALSE,FALSE,FALSE,,,
1966938157,Scott,Suggs,,,,,,0,1,0,,,
78277,Gary,Suiter,,Midwestern State,USA,81,225,0,0,1,-22,-22,-22
1627881,Rasheed,Sulaimon,,,,,,,,,,,
203096,Jared,Sullinger,,Ohio State,USA,81,260,0,1,1,2012,1,21
201969,DaJuan,Summers,,Georgetown,USA,80,240,0,1,0,2009,2,35
202872,Durrell,Summers,,,,,,,,,,,
1628410,Edmond,Sumner,,Xavier,USA,76,196,1,0,0,2017,2,52
78654,Barry,Sumpter,,Austin Peay,USA,83,215,0,1,0,1988,3,56
201641,Curtis,Sumpter,,,,,,,,,,,
64126,Haofeng,Sun,,,,,,,,,,,
201180,Yue,Sun,,Beijing,China,81,205,1,0,0,2007,2,40
21016,Yue,Sun,,,,,,,,,,,
78278,Don,Sunderlage,,Illinois,USA,73,180,1,0,0,1951,1,9
1743,Bruno,Sundov,,Split,Croatia,86,260,0,0,1,1998,2,35
78279,Jon,Sundvold,,Missouri,USA,74,170,1,0,0,1983,1,16
682,Bob,Sura,,Florida State,USA,77,200,1,0,0,1995,1,17
78280,Dick,Surhoff,,Long Island-Brooklyn,USA,76,210,0,1,0,1952,,
201983,Goran,Suton,,,,,,,,,,,
78281,Dane,Suttle,,Pepperdine,USA,75,190,1,0,0,1983,7,152
1630263,Dwayne,Sutton,,,USA,,,0,0,0,-22,-22,-22
357,Greg,Sutton,,Oral Roberts,USA,74,185,1,0,0,1991,2,49
78283,Bennie,Swain,,Texas Southern,USA,80,220,0,1,0,1958,1,7
1628403,Caleb,Swanigan,,Purdue,USA,81,260,0,1,0,2017,1,26
78284,Norm,Swanson,,Detroit,USA,78,210,0,1,0,1953,,
78285,Dan,Swartz,,Morehead State,USA,76,215,0,1,0,1956,4,
202464,Devin,Sweetney,,,,,,,,,,,
2552,Michael,Sweetney,,Georgetown,USA,80,270,0,1,0,2003,1,9
1631306,Cole,Swider,,Syracuse,USA,80,220,0,1,0,-1,-1,-1
2741,Robert,Swift,,Bakersfield HS (CA),USA,85,270,0,0,1,2004,1,12
2031,Stromile,Swift,,Louisiana State,USA,82,220,0,1,1,2000,1,2
78286,Aaron,Swinson,,Auburn,USA,77,230,0,1,0,-1,-1,-1
1628591,Craig,Sword,,Mississippi State,USA,75,196,1,0,0,-1,-1,-1
509,Amara,Sy,,,,,,,,,,,
202377,Pape,Sy,,Le Havre,France,79,225,1,1,0,2010,2,53
78287,Wallace,Sydnor,,Western Kentucky,USA,70,175,1,0,0,-1,-1,-1
1626208,Keifer,Sykes,,Wisc.-Green Bay,USA,71,167,1,0,0,-1,-1,-1
1132,Larry,Sykes,,Xavier,USA,81,255,0,1,0,-1,-1,-1
202074,Raymond,Sykes,,,,,,,,,,,
1136,Brett,Szabo,,Augustana (SD),USA,83,230,0,0,1,-1,-1,-1
1887,Wally,Szczerbiak,,Miami (Ohio),USA,79,240,1,1,0,1999,1,6
440,Zan,Tabak,,Olimpia Milano,Croatia,84,257,0,0,1,1991,2,51
2657,Yuta,Tabuse,,Brigham Young-Hawaii,USA,69,165,1,0,0,-1,-1,-1
101147,Chris,Taft,,Pittsburgh,USA,82,261,0,1,0,2005,2,42
78291,Sid,Tannenbaum,,New York University,USA,72,160,1,0,0,-22,-22,-22
1627818,Kaleb,Tarczewski,,,,,,,,,,,
1434,Dragan,Tarlac,,Olympiacos,Serbia,83,270,0,1,1,1995,2,31
78293,Roy,Tarpley,,Michigan,USA,84,230,0,1,0,1986,1,7
64121,Jianiyou,Taruike,,,,,,,,,,,
196295488,Nicholas,Tata,,,,,,,,,,,
1630256,Jae'Sean,Tate,,,,,,,,,,,
78294,Earl,Tatum,,Marquette,USA,76,185,1,0,0,1976,2,21
201249,Jamaal,Tatum,,,,,,,,,,,
1628369,Jayson,Tatum,,,,,,FALSE,FALSE,FALSE,,,
204002,Edy,Tavares,,Gran Canaria,Cabo Verde,87,265,0,0,1,2014,2,43
196294609,Maique,Tavares,,,,,,,,,,,
196294540,Walter,Tavares,,,,,,0,0,1,,,
78295,Anthony,Taylor,,Oregon,USA,76,175,1,0,0,1988,2,44
1629806,B.J.,Taylor,,,,,,,,,,,
78296,Brian,Taylor,,Princeton,USA,74,185,1,0,0,1972,2,23
56599,Deshon,Taylor,,,,,,,,,,,
101182,Donell,Taylor,,Alabama-Birmingham,USA,77,193,1,0,0,-1,-1,-1
78298,Fred,Taylor,,Texas-Pan American,USA,77,180,1,0,0,1970,2,27
1627819,Isaiah,Taylor,,Texas,USA,75,170,1,0,0,-22,-22,-22
78297,Jay,Taylor,,Eastern Illinois,USA,75,190,0,1,0,-1,-1,-1
78299,Jeff,Taylor,,Texas Tech,USA,76,175,1,0,0,1982,2,42
203106,Jeffery,Taylor,,Vanderbilt,Sweden,79,225,0,0,0,2012,2,31
201966,Jermaine,Taylor,,Central Florida,USA,76,210,1,0,0,2009,2,32
1511,Johnny,Taylor,,Tennessee-Chattanooga,USA,81,220,0,1,0,1997,1,17
202518,Kammron,Taylor,,,,,,,,,,,
78301,Leonard,Taylor,,California,USA,80,220,0,1,0,-22,-22,-22
1630260,Marlon,Taylor,,,USA,,,0,0,0,-22,-22,-22
1508,Maurice,Taylor,,Michigan,USA,81,265,0,1,1,1997,1,14
201446,Mike,Taylor,,Iowa State,USA,74,165,1,0,0,2008,2,55
78302,Roland,Taylor,,La Salle,USA,72,175,1,0,0,1969,12,167
1630678,Terry,Taylor,,Austin Peay,USA,76,230,0,1,0,-1,-1,-1
203116,Tyshawn,Taylor,,Kansas,USA,75,185,1,0,0,2012,2,41
78303,Vince,Taylor,,Duke,USA,77,180,1,0,0,1982,2,34
27019,Reuben,Te Rangi,,,,,,,,,,,
78304,Terry,Teagle,,Baylor,USA,77,195,1,0,0,1982,1,16
201952,Jeff,Teague,,Wake Forest,USA,75,195,1,0,0,2009,1,19
1630617,MaCio,Teague,,,USA,,,0,0,0,-22,-22,-22
203104,Marquis,Teague,,Kentucky,USA,74,189,1,0,0,2012,1,29
11251,Mirza,Teletovic,,,,,,,,,,,
203141,Mirza,Teletovic,,Baskonia,Bosnia and Herzegovina,81,245,0,1,0,-1,-1,-1
2742,Sebastian,Telfair,,Abraham Lincoln HS (NY),USA,72,170,1,0,0,2004,1,13
1643141,Jahmyl,Telfort,,-,Canada,79,,1,0,0,,,
202066,Garrett,Temple,,,,,,,,,,,
1628462,Milos,Teodosic,,CSKA Moscow,Serbia,77,196,1,0,0,-1,-1,-1
267634,Milos,Teodosic,,,,,,,,,,,
42584,Milos,Teodosic,,,,,,,,,,,
78305,Ira,Terrell,,Southern Methodist,USA,80,200,0,1,0,1976,3,45
1629123,Jared,Terrell,,Rhode Island,USA,75,227,1,0,0,-22,-22,-22
78307,Carlos,Terry,,Winston-Salem State,USA,76,210,1,0,0,1978,5,104
78306,Chuck,Terry,,Long Beach State,USA,78,215,1,0,0,1972,2,29
78308,Claude,Terry,,Stanford,USA,77,195,1,0,0,1972,3,42
1631207,Dalen,Terry,,,,,,,,,,,
1629150,Emanuel,Terry,,Lincoln Memorial,USA,81,220,0,1,0,-1,-1,-1
1891,Jason,Terry,,Arizona,USA,74,185,1,0,0,1999,1,10
201184,Reyshawn,Terry,,,,,,,,,,,
1630179,Tyrell,Terry,,Stanford,USA,74,160,1,0,0,2020,2,31
1630257,Jon,Teske,,Michigan,USA,85,265,0,0,1,-1,-1,-1
64063,Brendan,Teys,,,,,,,,,,,
201934,Hasheem,Thabeet,,Connecticut,Tanzania,87,263,0,0,1,2009,1,2
78309,Tom,Thacker,,Cincinnati,USA,74,170,1,0,0,1963,,
1628464,Daniel,Theis,,Brose Bamberg,Germany,80,245,0,1,1,,,
78310,Reggie,Theus,,UNLV,USA,78,190,1,0,0,1978,1,9
196294109,Cameron,Thew,,,,,,,,,,,
78311,Peter,Thibeaux,,Saint Mary's,USA,79,210,0,1,0,1983,4,77
78312,Bill,Thieben,,Hofstra,USA,78,215,0,1,0,1956,,
1642876,Adou,Thiero,,,,,,,,,,,
78313,Justus,Thigpen,,Weber State,USA,73,160,1,0,0,1969,11,147
78314,David,Thirdkill,,Bradley,USA,79,195,0,1,0,1982,1,15
203519,Adonis,Thomas,,Memphis,USA,79,240,1,1,0,-22,-22,-22
2873,Billy,Thomas,,Kansas,USA,77,220,1,0,0,-1,-1,-1
1630271,Brodric,Thomas,,Truman State,USA,77,185,1,0,0,-22,-22,-22
1630560,Cam,Thomas,,,,,,,,,,,
1063,Carl,Thomas,,Eastern Michigan,USA,76,195,1,0,0,-1,-1,-1
78316,Charles,Thomas,,Eastern Michigan,USA,75,175,1,0,0,-1,-1,-1
203472,Deshaun,Thomas,,,,,,,,,,,
201230,Doug,Thomas,,,,,,,,,,,
2041,Etan,Thomas,,Syracuse,USA,82,260,0,0,1,2000,1,12
78317,Irving,Thomas,,Florida State,USA,80,225,0,1,0,-1,-1,-1
202738,Isaiah,Thomas,,Washington,USA,69,185,1,0,0,2011,2,60
78318,Isiah,Thomas,,Indiana,USA,73,180,1,0,0,1981,1,2
1975,Jamel,Thomas,,Providence,USA,78,219,0,1,0,-1,-1,-1
2839,James,Thomas,,Texas,USA,81,245,0,1,0,-1,-1,-1
56094,James,Thomas,,,,,,,,,,,
78320,Jim,Thomas,,Indiana,USA,75,190,1,0,0,1983,2,40
78321,Joe,Thomas,,Marquette,USA,78,205,0,1,0,1970,6,95
1519,John,Thomas,,Minnesota,USA,81,265,0,0,1,1997,1,25
1903,Kenny,Thomas,,New Mexico,USA,79,245,0,1,1,1999,1,22
1629017,Khyri,Thomas,,Creighton,USA,75,210,1,0,0,2018,2,38
703,Kurt,Thomas,,TCU,USA,81,230,0,1,0,1995,1,10
202498,Lance,Thomas,,Duke,USA,80,225,0,1,0,-22,-22,-22
202952,Malcolm,Thomas,,San Diego State,USA,81,225,0,1,0,-1,-1,-1
1629744,Matt,Thomas,,Iowa State,USA,75,190,1,0,0,-1,-1,-1
1628577,Rashawn,Thomas,,,,,,,,,,,
1643148,Saint,Thomas,,,,,,,,,,,
78322,Terry,Thomas,,Detroit,USA,80,220,0,1,0,1975,9,151
1501,Tim,Thomas,,Villanova,USA,82,240,0,1,0,1997,1,7
200748,Tyrus,Thomas,,Louisiana State,USA,82,225,0,1,0,2006,1,4
202717,Trey,Thompkins,,Georgia,USA,82,245,0,1,0,2011,2,37
1641708,Amen,Thompson,,,,,,FALSE,FALSE,FALSE,,,
1641709,Ausar,Thompson,,,,,,FALSE,FALSE,FALSE,,,
78323,Bernard,Thompson,,Fresno State,USA,78,210,1,0,0,1984,1,19
1631,Billy,Thompson,,Louisville,USA,79,195,0,1,0,1986,1,19
240,Brooks,Thompson,,Oklahoma State,USA,76,193,1,0,0,1994,1,27
78325,Corny,Thompson,,Connecticut,USA,80,225,0,1,0,1982,3,50
78326,David,Thompson,,North Carolina State,USA,76,195,1,0,0,1975,1,1
56074,Deon,Thompson,,,,,,,,,,,
101159,Dijon,Thompson,,UCLA,USA,80,200,1,1,0,2005,2,54
1630679,Ethan,Thompson,,,,,,FALSE,FALSE,FALSE,,,
78327,George,Thompson,,Marquette,USA,74,200,1,0,0,1969,5,66
203138,Hollis,Thompson,,Georgetown,USA,80,206,0,1,0,-1,-1,-1
201574,Jason,Thompson,,Rider University,USA,83,250,0,1,1,2008,1,12
78328,John,Thompson,,Providence,USA,82,225,0,1,0,1964,3,25
78329,Kevin,Thompson,,North Carolina State,USA,83,260,0,0,1,1993,2,48
202691,Klay,Thompson,,,,,,,,,,,
78,LaSalle,Thompson,,Texas,USA,82,260,0,0,0,1982,1,5
78331,Mychal,Thompson,,Minnesota,USA,82,226,0,0,1,1978,1,1
202814,Mychel,Thompson,,Pepperdine,USA,78,211,0,1,0,-1,-1,-1
78332,Paul,Thompson,,Tulane,USA,78,210,1,0,0,1983,3,50
202421,Ryan,Thompson,,,,,,,,,,,
1626280,Sam,Thompson,,,,,,,,,,,
78333,Stephen,Thompson,,Syracuse,USA,76,185,0,1,0,-1,-1,-1
202684,Tristan,Thompson,,Texas-Austin,Canada,81,254,0,1,1,2011,1,4
202770,Tristan,Thompson,,,,,,,,,,,
1630550,JT,Thor,,Auburn,USA,81,203,0,1,0,2021,2,37
78335,Rod,Thorn,,West Virginia,USA,76,195,1,0,0,1963,1,2
203180,Hank,Thorns,,,,,,,,,,,
201154,Al,Thornton,,Florida State,USA,80,235,0,1,0,2007,1,14
738,Bob,Thornton,,California-Irvine,USA,82,225,0,1,0,1984,4,87
201977,Marcus,Thornton,,Louisiana State,USA,76,205,1,1,0,2009,2,43
1628414,Sindarius,Thornwell,,South Carolina,USA,76,215,1,0,0,2017,2,48
196294095,Sindarius,Thornwell,,,,,,,,,,,
901,Otis,Thorpe,,Providence,USA,82,248,0,1,1,1984,1,9
1962937742,Adam,Thoseby,,,,,,,,,,,
9,Sedale,Threatt,,West Virginia Tech,USA,74,185,1,0,0,1983,6,139
600001,Nate,Thurmond,,Bowling Green,USA,83,225,0,0,1,1963,1,3
78340,Mel,Thurston,,Canisius,USA,72,175,1,0,0,-1,-1,-1
1629680,Matisse,Thybulle,,,,,,,,,,,
1966938170,Firmin,Thygesen,,,,,,,,,,,
1966938196,Yuheng,Tian,,,,,,,,,,,
78341,Howard,Tidrick,,Washington & Jefferson,USA,,,1,0,0,-1,-1,-1
78342,Dan,Tieman,,Thomas More,USA,72,185,1,0,0,-1,-1,-1
1629681,Killian,Tillie,,Gonzaga,France,81,220,0,1,1,-22,-22,-22
78343,Darren,Tillis,,Cleveland State,USA,83,215,0,0,1,1982,1,23
1629460,Justin,Tillman,,,USA,,,0,0,0,-22,-22,-22
1630214,Xavier,Tillman,,,,,,,,,,,
1630777,Jeremiah,Tilmon,,,USA,,,0,0,0,-22,-22,-22
1631166,Drew,Timme,,,,,,,,,,,
78344,Jack,Tingle,,Kentucky,USA,76,205,0,0,0,-22,-22,-22
2224,Jamaal,Tinsley,,Iowa State,USA,75,197,1,0,0,2001,1,27
101186,Lucas,Tischer,,,,,,,,,,,
47,Wayman,Tisdale,,Oklahoma,USA,81,260,0,1,0,1985,1,2
1627861,Mike,Tobey,,Virginia,USA,84,260,0,0,1,-1,-1,-1
1630225,Isaiah,Todd,,G League Ignite,USA,81,219,0,1,0,2021,2,31
56020,Marko,Todorovic,,,,,,,,,,,
78346,Marko,Todorovich,,Wyoming,USA,77,220,0,1,0,1947,-22,-22
204078,Yuki,Togashi,,,,,,,,,,,
1626160,JP,Tokoto,,,,,,,,,,,
78348,Ray,Tolbert,,Indiana,USA,81,225,0,1,0,1981,1,18
78347,Tom,Tolbert,,Arizona,USA,79,235,0,1,0,1988,2,34
201229,Anthony,Tolliver,,Creighton,USA,80,240,0,1,0,-1,-1,-1
78349,Dean,Tolson,,Arkansas,USA,80,190,0,1,0,1974,5,80
40073,Dejan,Tomasevic,,,,,,,,,,,
56029,Ante,Tomic,,,,,,,,,,,
78350,Rudy,Tomjanovich,,Michigan,USA,80,218,0,1,0,1970,1,2
1641772,Nae'Qwan,Tomlin,,,,,,,,,,,
78351,Andrew,Toney,,Louisiana-Lafayette,USA,75,178,1,0,0,1980,1,8
1631421,Au'Diese,Toney,,,USA,,,0,0,0,-22,-22,-22
78352,Sedric,Toney,,Dayton,USA,74,178,1,0,0,1985,3,59
1962937767,Wang,Tong,,,,,,,,,,,
64101,Wang,Tong,,,,,,,,,,,
1642910,John,Tonje,,,,,,,,,,,
78353,Andy,Tonkovich,,Marshall,USA,73,185,1,0,0,1948,1,1
40033,Alessandro,Tonolli,,,,,,,,,,,
546,Tonolli,Tonolli,,,,,,,,,,,
1642893,Alex,Toohey,,,,,,,,,,,
342,Andy,Toolson,,Brigham Young,USA,78,210,0,1,0,-1,-1,-1
1630255,Jake,Toolson,,,USA,,,0,0,0,-22,-22,-22
78355,Jack,Toomay,,Pacific,USA,78,215,0,0,0,-22,-22,-22
78356,Bernard,Toone,,Marquette,USA,81,210,0,1,0,1979,2,37
1642260,Nikola,Topic,,,,,,,,,,,
1631210,Jacob,Toppin,,Kentucky,USA,80,200,0,1,0,,,
1630167,Obi,Toppin,,,,,,,,,,,
78357,Irv,Torgoff,,Long Island-Brooklyn,USA,73,192,0,1,0,-1,-1,-1
78358,Gene,Tormohlen,,Tennessee,USA,80,230,0,0,1,1959,2,11
40025,Caio,Torres,,,,,,,,,,,
2351,Oscar,Torres,,Trotamundos,Venezuela,78,210,1,1,0,-1,-1,-1
523,Torres,Torres,,,,,,,,,,,
1629308,Juan,Toscano-Anderson,,Marquette,USA,78,209,0,1,0,-1,-1,-1
78359,Bill,Tosheff,,Indiana,USA,73,175,1,0,0,1951,4,32
78360,Bob,Tough,,St. John's (NY),USA,72,185,1,0,0,-1,-1,-1
1626253,Axel,Toupane,,Strasbourg IG,France,79,210,1,1,0,-1,-1,-1
78361,Monte,Towe,,North Carolina State,USA,67,150,1,0,0,1975,4,57
700,Keith,Tower,,Notre Dame,USA,83,250,0,0,1,-1,-1,-1
78363,William,Towery,,Western Kentucky,USA,76,210,0,0,1,-1,-1,-1
78364,Linton,Townes,,James Madison,USA,79,190,0,1,0,1982,2,33
1626157,Karl-Anthony,Towns,,,,,,FALSE,FALSE,FALSE,,,
78365,Raymond,Townsend,,UCLA,USA,75,175,1,0,0,1978,1,22
1642422,Armel,Traore,,ADA Blois,France,81,245,0,1,0,,,
1642849,Nolan,Traore,,,,,,FALSE,FALSE,FALSE,,,
78366,George,Trapp,,Long Beach State,USA,80,205,0,1,0,1971,1,5
78367,John,Trapp,,UNLV,USA,79,210,0,1,0,1968,2,15
1631247,Luke,Travers,,Rockingham Flames (Aus.),Australia,79,207,0,1,0,2022,2,56
1714,Robert,Traylor,,Michigan,USA,80,284,0,1,1,1998,1,6
718,Gary,Trent,,Ohio,USA,80,250,0,1,0,1995,1,11
1629018,Gary,Trent Jr.,,,,,,FALSE,FALSE,FALSE,,,
2244,Jeff,Trepagnier,,Southern California,USA,76,200,1,0,0,2001,2,35
78651,John,Tresvant,,Seattle,USA,79,215,0,1,0,1964,5,40
567,Trias,Trias,,,,,,,,,,,
44839,Travis,Trice,,,,,,0,0,0,,,
1626275,Travis,Trice II,,,,,,,,,,,
1629019,Allonzo,Trier,,Arizona,USA,77,200,1,0,0,2018,,
1628453,Melo,Trimble,,,,,,,,,,,
1630261,Jahlil,Tripp,,,USA,,,0,0,0,-22,-22,-22
78368,Dick,Triptow,,DePaul,USA,72,170,1,0,0,-1,-1,-1
78369,Kelly,Tripucka,,Notre Dame,USA,78,220,0,1,0,1981,1,12
64024,Daniel,Trist,,,,,,,,,,,
510,Troutman,Troutman,,,,,,,,,,,
2456,Cezary,Trybanski,,Znicz Pruszkow,Poland,86,240,0,0,1,-1,-1,-1
2054,Jake,Tsakalidis,,AEK Athens,Greece,86,290,0,0,1,2000,1,25
40071,Kostas,Tsartsaris,,,,,,,,,,,
78370,John,Tschogl,,California-Santa Barbara,USA,78,206,0,1,0,-1,-1,-1
1631131,Oscar,Tshiebwe,,,,,,,,,,,
1962936546,Giorgios,Tsiaras,,,,,,,,,,,
78371,Lou,Tsioropoulos,,Kentucky,USA,77,190,0,1,0,1953,7,
2401,Nikoloz,Tskitishvili,,Benetton Treviso,Georgia,84,225,0,1,0,2002,1,5
1641773,Azuolas,Tubelis,,,Lithuania,,,0,0,0,-22,-22,-22
78372,Al,Tucker,,Oklahoma Baptist,USA,80,190,0,1,0,1967,1,6
201169,Alando,Tucker,,Wisconsin,USA,78,205,0,1,0,2007,1,29
141,Anthony,Tucker,,Wake Forest,USA,80,220,0,1,0,-22,-22,-22
196294596,Dakarai,Tucker,,,,,,1,0,0,,,
1966938171,Darquavis,Tucker,,,,,,1,0,0,,,
78374,Jim,Tucker,,Duquesne,USA,79,185,0,1,0,1954,3,24
1630733,Jordan,Tucker,,,USA,,,0,0,0,-22,-22,-22
200782,P.J.,Tucker,,Texas,USA,77,245,0,1,0,2006,2,35
1629730,Rayjon,Tucker,,Arkansas-Little Rock,USA,75,209,1,0,0,-1,-1,-1
78375,Trent,Tucker,,Minnesota,USA,77,193,1,0,0,1982,1,6
40049,Kerem,Tunceri,,,,,,,,,,,
101142,Ronny,Turiaf,,Gonzaga,France,82,241,0,0,0,2005,2,37
1726,Mirsad,Turkcan,,Efes Pilsen,Turkey,81,216,0,1,0,1998,1,18
2045,Hedo,Turkoglu,,Efes Pilsen,Turkey,82,220,0,1,0,2000,1,16
42537,Izzet,Turkyilmaz,,,,,,,,,,,
43305,Izzet,Turkyilmaz,,,,,,,,,,,
78377,Andre,Turner,,Memphis,USA,71,160,1,0,0,1986,3,69
78385,Bill,Turner,,Akron,USA,79,220,0,1,0,1967,3,27
78378,Elston,Turner,,Mississippi,USA,77,190,1,0,0,1981,2,43
202323,Evan,Turner,,Ohio State,USA,78,220,1,1,0,2010,1,2
78379,Henry,Turner,,California State-Fullerton,USA,79,200,1,0,0,-1,-1,-1
78380,Jack,Turner,,Western Kentucky,USA,76,170,1,0,0,1954,1,8
78382,Jack,Turner,,Louisville,USA,77,200,0,0,0,1961,2,18
78381,Jeff,Turner,,Vanderbilt,USA,81,230,0,1,0,1984,1,17
1819,John,Turner,,Phillips,USA,80,245,0,1,0,1991,1,20
201213,Larry,Turner,,,,,,,,,,,
1626167,Myles,Turner,,,,,,,,,,,
1943,Wayne,Turner,,Kentucky,USA,74,190,1,0,0,-1,-1,-1
78386,Mel,Turpin,,Kentucky,USA,83,240,0,0,1,1984,1,6
78387,Dave,Twardzik,,Old Dominion,USA,73,175,1,0,0,1972,2,26
78388,Jack,Twyman,,Cincinnati,USA,78,210,0,1,0,1955,2,8
189,B.J.,Tyler,,Texas,USA,73,185,1,0,0,1994,1,20
202719,Jeremy,Tyler,,Tokyo Apache,USA,82,250,0,1,0,2011,2,39
78390,Terry,Tyler,,Detroit,USA,79,215,0,1,0,1978,2,23
78391,Charlie,Tyra,,Louisville,USA,80,230,0,0,1,1957,1,2
1630254,Breein,Tyree,,,USA,,,0,0,0,-22,-22,-22
1641816,Hunter,Tyson,,,,,,,,,,,
1642281,Jaylon,Tyson,,,,,,FALSE,FALSE,FALSE,,,
43186,Alex,Tyus,,,,,,,,,,,
202775,Edwin,Ubiles,,Siena,Puerto Rico,78,204,1,1,0,-1,-1,-1
1627224,Chris,Udofia,,,,,,,,,,,
1962937116,Ekpe,Udoh,,,,,,0,0,0,,,
202327,Ekpe,Udoh,,Baylor,USA,82,245,0,1,1,2010,1,6
2137,Ime,Udoka,,Portland State,USA,77,220,0,0,0,-22,-22,-22
2757,Beno,Udrih,,Olimpia Milano,Slovenia,75,205,1,0,0,2004,1,28
42546,Berk,Ugurlu,,,,,,,,,,,
43312,Berk,Ugurlu,,,,,,,,,,,
101146,Roko,Ukic,,Virtus Roma,Croatia,77,183,1,0,0,2005,2,41
40039,Roko,Ukic,,,,,,,,,,,
568,Ukic,Ukic,,,,,,,,,,,
1627755,Tyler,Ulis,,Kentucky,USA,70,160,1,0,0,2016,2,34
1630649,Stanley,Umude,,,,,,,,,,,
78392,Wes,Unseld,,Louisville,USA,79,245,0,0,1,1968,1,2
78393,Hal,Uplinger,,Long Island-Brooklyn,USA,76,185,1,0,0,-1,-1,-1
78394,Kelvin,Upshaw,,Utah,USA,74,180,1,0,0,-1,-1,-1
1626193,Robert,Upshaw,,,,,,,,,,,
40018,Txemi,Urtasun,,,,,,,,,,,
1627784,Jarrod,Uthoff,,Iowa,USA,81,220,0,1,0,-1,-1,-1
202386,Ben,Uzoh,,Tulsa,USA,75,205,1,0,0,-1,-1,-1
201987,Robert,Vaden,,Alabama-Birmingham,USA,77,205,1,1,0,2009,2,54
64042,Rhys,Vague,,,,,,,,,,,
202685,Jonas,Valanciunas,,,,,,,,,,,
78395,Darnell,Valentine,,Kansas,USA,74,183,1,0,0,1981,1,16
1627756,Denzel,Valentine,,Michigan State,USA,76,220,1,0,0,2016,1,14
78396,Ron,Valentine,,Old Dominion,USA,79,210,0,1,0,1980,3,51
1641941,Vincent,Valerio-Bodon,,,Hungary,,,0,0,0,-22,-22,-22
78397,John,Vallely,,UCLA,USA,75,185,1,0,0,1970,1,14
78398,Dick,Van Arsdale,,Indiana,USA,77,210,1,0,0,1965,2,10
78399,Tom,Van Arsdale,,Indiana,USA,77,202,0,1,0,1965,2,11
78401,Butch,Van Breda Kolff,,New York University,USA,75,185,1,1,0,-1,-1,-1
78400,Jan,Van Breda Kolff,,Vanderbilt,USA,79,195,0,1,0,1974,2,20
534,Van Den Spiegel,Van Den Spiegel,,,,,,,,,,,
89,Nick,Van Exel,,Cincinnati,USA,73,190,1,0,0,1993,2,37
1297,Jeff,Van Gundy,,,,,,,,,,,
1496,Keith,Van Horn,,Utah,USA,82,245,0,1,0,1997,1,2
78406,Norm,Van Lier,,St. Francis (PA),USA,73,173,1,0,0,1969,3,34
1627832,Fred,VanVleet,,Wichita State,USA,72,197,1,0,0,,,
78402,Gene,Vance,,Illinois,USA,75,195,1,0,0,1947,,
78403,Log,Vander Velden,,Wisconsin-Green Bay,USA,80,215,0,1,0,-1,-1,-1
1629020,Jarred,Vanderbilt,,,,,,,,,,,
78405,Ernie,Vandeweghe,,Colgate,USA,75,195,0,1,0,-22,-22,-22
78404,Kiki,Vandeweghe,,UCLA,USA,80,220,0,1,0,1980,1,11
78407,Nick,Vanos,,Santa Clara,USA,85,255,0,0,1,1985,2,32
2128,David,Vanterpool,,St. Bonaventure,USA,77,200,1,0,0,-1,-1,-1
535,Vanterpool,Vanterpool,,,,,,,,,,,
2237,Ratko,Varda,,Partizan,Bosnia and Herzegovina,85,265,0,0,1,-1,-1,-1
2760,Anderson,Varejao,,FC Barcelona,Brazil,83,273,0,1,0,2004,2,30
43199,Akeem,Vargas,,,,,,,,,,,
1966938158,Gregory,Vargas,,,,,,1,0,0,,,
202363,Jarvis,Varnado,,Mississippi State,USA,81,230,0,1,1,2010,2,41
267624,Panagiotis,Vasilopoulos,,,,,,,,,,,
202349,Greivis,Vasquez,,Maryland,Venezuela,78,217,1,0,0,2010,1,28
1630170,Devin,Vassell,,,,,,FALSE,FALSE,FALSE,,,
78409,Charles,Vaughn,,Southern Illinois,USA,75,190,1,0,0,1962,4,26
710,David,Vaughn,,Memphis,USA,81,240,0,1,0,1995,1,25
1521,Jacque,Vaughn,,Kansas,USA,73,190,1,0,0,1997,1,27
1626173,Rashad,Vaughn,,UNLV,USA,78,202,1,0,0,2015,1,17
78411,Virgil,Vaughn,,Western Kentucky,USA,76,205,0,1,0,-1,-1,-1
78412,Loy,Vaught,,,,,,,,,,,
919,Loy,Vaught,,Michigan,USA,81,240,0,1,1,1990,1,13
8015,Fran,Vazquez,,,,,,,,,,,
569,Vazquez,Vazquez,,,,,,,,,,,
41543,Novica,Velickovic,,,,,,,,,,,
78413,Bob,Verga,,Duke,USA,73,190,1,0,0,1967,3,25
78414,Peter,Verhoeven,,Fresno State,USA,81,215,0,1,0,1981,4,85
1962936483,Jan,Vesely,,,,,,,,,,,
202686,Jan,Vesely,,Partizan,Czech Republic,84,242,0,1,0,2011,1,6
41202,Jan,Vesely,,,,,,,,,,,
43313,Jan,Vesely,,,,,,0,0,0,,,
78415,Gundars,Vetra,,VEF Riga,Latvia,78,195,0,1,0,-1,-1,-1
1628426,Sasha,Vezenkov,,"Barcelona, Spain",Bulgaria,80,225,0,1,0,2017,2,57
78416,Joao,Vianna,,Travajara,Brazil,81,215,0,1,0,-1,-1,-1
41544,Sergi,Vidal,,,,,,,,,,,
42538,Gasper,Vidmar,,,,,,,,,,,
1966938172,Jose,Vildoza,,,,,,,,,,,
1630492,Luca,Vildoza,,Baskonia,Argentina,75,190,1,0,0,-1,-1,-1
101111,Charlie,Villanueva,,Connecticut,USA,83,232,0,1,0,2005,1,7
1629216,Gabe,Vincent,,,,,,,,,,,
78418,Jay,Vincent,,Michigan State,USA,79,220,0,1,0,1981,2,24
78417,Sam,Vincent,,Michigan State,USA,74,185,1,0,0,1985,1,20
200790,Marcus,Vinicius,,Sao Carlos,Brazil,80,225,0,1,0,2006,2,43
43216,Marcus,Vinicius,,,,,,0,0,0,,,
1844,Fred,Vinson,,Georgia Tech,USA,76,190,1,0,0,-1,-1,-1
101262,Cory,Violette,,,,,,,,,,,
64155,Joao,Vitor,,,,,,,,,,,
78419,Gary,Voce,,Notre Dame,USA,81,240,0,1,0,-1,-1,-1
1966938186,Tom,Vodanovich,,,,,,,,,,,
78420,Floyd,Volker,,Wyoming,USA,,,0,1,0,-1,-1,-1
78421,Alexander,Volkov,,Stroitel,Ukraine,82,218,0,0,1,1986,6,134
78422,Whitey,Von Nieda,,Penn State,USA,,,0,0,0,-1,-1,-1
203943,Noah,Vonleh,,Indiana,USA,82,257,0,1,0,2014,1,9
536,Voroncevich,Voroncevich,,,,,,,,,,,
9012,Andrey,Vorontsevich,,,,,,,,,,,
2063,Jake,Voskuhl,,Connecticut,USA,83,255,0,0,1,2000,2,33
78423,Danny,Vranes,,Utah,USA,79,210,0,1,0,1981,1,5
2582,Slavko,Vranes,,Buducnost,Montenegro,89,275,0,0,1,2003,2,39
41210,Slavko,Vranes,,,,,,,,,,,
1037,Stojko,Vrankovic,,Aris,Croatia,86,260,0,0,0,-22,-22,-22
42560,Zoran,Vrkic,,,,,,,,,,,
78425,Brett,Vroman,,UNLV,USA,84,220,0,0,1,1978,4,87
2761,Jackson,Vroman,,Iowa State,USA,82,220,0,0,0,2004,2,31
202696,Nikola,Vucevic,,,,,,,,,,,
2756,Sasha,Vujacic,,Udine,Slovenia,79,195,1,0,0,2004,1,27
2525,Milos,Vujanic,,,,,,,,,,,
267619,Nikola,Vujcic,,,,,,,,,,,
1641774,Tristan,Vukcevic,,,,,,FALSE,FALSE,FALSE,,,
196294557,Sam,Waardenburg,,,,,,1,0,0,,,
1629731,Dean,Wade,,,,,,,,,,,
2548,Dwyane,Wade,,Marquette,USA,76,220,1,0,0,2003,1,5
78426,Mark,Wade,,UNLV,USA,71,160,1,0,0,-1,-1,-1
101144,Von,Wafer,,Florida State,USA,77,209,1,0,0,2005,2,39
267637,Von,Wafer,,,,,,,,,,,
78427,Clint,Wager,,St. Mary's (MN),USA,77,210,0,0,1,-1,-1,-1
2402,Dajuan,Wagner,,Memphis,USA,74,200,1,0,0,2002,1,6
78428,Danny,Wagner,,Texas,USA,72,170,1,0,0,-1,-1,-1
1630532,Franz,Wagner,,,,,,,,,,,
78429,Milt,Wagner,,Louisville,USA,77,185,1,0,0,1986,2,35
1629021,Moritz,Wagner,,,,,,,,,,,
43224,Moritz,Wagner,,,,,,,,,,,
64041,Jesse,Wagstaff,,,,,,,,,,,
1630688,Ish,Wainright,,Baylor,USA,77,250,0,1,0,-1,-1,-1
203079,Dion,Waiters,,Syracuse,USA,75,210,1,0,0,2012,1,4
78430,Granville,Waiters,,Ohio State,USA,83,225,0,0,1,1983,2,39
78431,Andre,Wakefield,,Loyola-Chicago,USA,74,175,1,0,0,1978,5,107
1626258,Corey,Walden,,,,,,,,,,,
78432,Neal,Walk,,Florida,USA,82,220,0,0,1,1969,1,2
78433,Andy,Walker,,Niagara,USA,76,190,1,0,0,1976,7,111
952,Antoine,Walker,,Kentucky,USA,81,245,0,1,0,1996,1,6
78434,Brady,Walker,,Brigham Young,USA,78,205,0,1,0,1948,,
78435,Chet,Walker,,Bradley,USA,79,212,0,1,0,1962,2,12
1626217,Chris,Walker,,,,,,,,,,,
78437,Darrell,Walker,,Arkansas,USA,76,180,1,0,0,1983,1,12
78436,Foots,Walker,,West Georgia,USA,73,172,1,0,0,1974,3,38
201611,Henry,Walker,,Kansas State,USA,78,235,0,1,0,2008,2,47
78438,Horace,Walker,,Michigan State,USA,75,210,0,1,0,1960,4,30
1631133,Jabari,Walker,,,,,,,,,,,
1641716,Jarace,Walker,,,,,,FALSE,FALSE,FALSE,,,
78439,Jimmy,Walker,,Providence,USA,75,195,1,0,0,1967,1,1
1641948,Jordan,Walker,,,USA,,,0,0,0,-22,-22,-22
202689,Kemba,Walker,,Connecticut,USA,72,184,1,0,0,2011,1,9
78440,Kenny,Walker,,Kentucky,USA,80,210,0,1,0,1986,1,5
1630640,MJ,Walker,,Florida State,USA,77,213,1,0,0,,,
78441,Phil,Walker,,Millersville,USA,75,180,1,0,0,1977,2,39
955,Samaki,Walker,,Louisville,USA,81,260,0,1,0,1996,1,9
1629246,Tyrius,Walker,,,,,,,,,,,
1642488,Tyson,Walker,,,,,,0,0,0,,,
78442,Wally,Walker,,Virginia,USA,80,190,0,1,0,1976,1,5
1629022,Lonnie,Walker IV,,Miami,USA,76,204,0,1,0,2018,1,18
1627843,Thomas,Walkup,,,,,,,,,,,
202322,John,Wall,,Kentucky,USA,75,210,1,0,0,2010,1,1
1112,Ben,Wallace,,Virginia Union,USA,81,240,0,1,1,-22,-22,-22
201204,Brandon,Wallace,,,,,,,,,,,
56021,C.J.,Wallace,,,,,,,,,,,
1641717,Cason,Wallace,,,,,,,,,,,
2222,Gerald,Wallace,,Alabama,USA,79,220,0,1,0,2001,1,25
961,John,Wallace,,Syracuse,USA,81,225,0,1,0,1996,1,18
1630811,Keaton,Wallace,,,,,,,,,,,
78443,Michael,Wallace,,Scranton,USA,,,1,0,0,-1,-1,-1
739,Rasheed,Wallace,,North Carolina,USA,83,230,0,1,1,1995,1,4
1627820,Tyrone,Wallace,,California,USA,77,198,1,0,0,2016,2,60
78444,Dwight,Waller,,Tennessee State,USA,78,220,0,1,0,1968,10,131
78445,Jamie,Waller,,Virginia Union,USA,76,215,0,1,0,1987,3,48
78446,Jim,Walsh,,Stanford,USA,76,195,0,1,0,1952,,
1641775,Jordan,Walsh,,,,,,FALSE,FALSE,FALSE,,,
101190,Matt,Walsh,,Florida,USA,78,220,1,1,0,-1,-1,-1
1642266,Ja'Kobe,Walter,,,,,,FALSE,FALSE,FALSE,,,
777,Rex,Walters,,Kansas,USA,76,195,1,0,0,1993,1,16
78447,Paul,Walther,,Tennessee,USA,74,160,1,0,0,-22,-22,-22
78448,Rabbit,Walthour,,Benjamin Franklin HS (NY),USA,71,163,1,0,0,-1,-1,-1
78450,Bill,Walton,,UCLA,USA,83,210,0,0,1,1974,1,1
78449,Lloyd,Walton,,Marquette,USA,72,160,1,0,0,1976,3,40
2575,Luke,Walton,,Arizona,USA,80,235,0,1,0,2003,2,32
1628476,Derrick,Walton Jr.,,Michigan,USA,73,185,1,0,0,-1,-1,-1
202954,Brad,Wanamaker,,Pittsburgh,USA,75,210,1,0,0,-1,-1,-1
21008,Lei,Wang,,,,,,,,,,,
21006,Shipeng,Wang,,,,,,,,,,,
1962937926,Xiaohui,Wang,,,,,,,,,,,
64123,Xinlei,Wang,,,,,,,,,,,
64120,Xu,Wang,,,,,,,,,,,
27003,Yue,Wang,,,,,,,,,,,
21002,Zhizhi,Wang,,,,,,,,,,,
78453,Bobby,Wanzer,,Seton Hall,USA,72,170,1,0,0,1948,1,10
78454,Perry,Warbington,,Georgia Southern,USA,74,165,1,0,0,1974,9,145
369,Charlie,Ward,,Florida State,USA,74,185,1,0,0,1994,1,26
78455,Gerry,Ward,,Boston College,USA,76,195,1,0,0,1963,1,5
78456,Henry,Ward,,Jackson State,USA,76,195,1,0,0,1975,6,99
203810,Casper,Ware,,Long Beach State,USA,70,175,1,0,0,-1,-1,-1
78457,Jim,Ware,,Oklahoma City,USA,79,210,0,1,0,1966,3,26
1642276,Kel'el,Ware,,,,,,,,,,,
78458,Ben,Warley,,Tennessee State,USA,77,200,0,1,0,1961,1,6
78459,Bob,Warlick,,Pepperdine,USA,77,200,1,0,0,-22,-22,-22
78460,Cornell,Warner,,Jackson State,USA,81,220,0,1,0,1970,2,24
1627866,Jameel,Warney,,Stony Brook,USA,80,260,0,1,0,-1,-1,-1
78461,Johnny,Warren,,St. John's (NY),USA,75,180,1,0,0,1969,1,11
203933,T.J.,Warren,,North Carolina State,USA,80,220,0,1,0,2014,1,14
202378,Willie,Warren,,Oklahoma,USA,76,203,1,0,0,2010,2,54
78462,Bryan,Warrick,,St. Joseph's (PA),USA,77,195,1,0,0,1982,2,25
101124,Hakim,Warrick,,Syracuse,USA,81,219,0,1,0,2005,1,19
78463,Chris,Washburn,,North Carolina State,USA,83,225,0,0,1,1986,1,3
1626279,Jason,Washburn,,,,,,,,,,,
1627395,Julian,Washburn,,Texas-El Paso,USA,80,209,1,1,0,2015,,
78469,Bobby,Washington,,Eastern Kentucky,USA,71,175,1,0,0,-1,-1,-1
200827,Darius,Washington,,Memphis,USA,74,195,1,0,0,-1,-1,-1
201622,Deron,Washington,,,,,,,,,,,
78464,Duane,Washington,,Middle Tennessee State,USA,76,195,1,0,0,1987,2,36
78465,Dwayne,Washington,,Syracuse,USA,74,190,1,0,0,1986,1,13
1540,Eric,Washington,,Alabama,USA,76,190,1,1,0,1997,2,46
78466,Jim,Washington,,Villanova,USA,79,210,0,1,0,1965,1,6
78467,Kermit,Washington,,American,USA,80,230,0,1,0,1973,1,5
1629023,P.J.,Washington,,,,,,FALSE,FALSE,FALSE,,,
78468,Richard,Washington,,UCLA,USA,82,220,0,1,0,1976,1,3
78470,Stan,Washington,,San Diego,USA,76,190,1,0,0,1974,4,66
1642514,Warren,Washington,,,USA,,,0,0,0,-22,-22,-22
78471,Wilson,Washington,,Old Dominion,USA,81,227,0,1,0,1977,2,25
1630613,Duane,Washington Jr.,,Ohio State,Germany,74,197,1,0,0,-1,-1,-1
1631102,TyTy,Washington Jr.,,,,,,,,,,,
1629139,Yuta,Watanabe,,George Washington,Japan,81,215,1,1,0,-22,-22,-22
1629682,Tremont,Waters,,Louisiana State,USA,70,175,1,0,0,2019,2,51
1630322,Lindy,Waters III,,,,,,,,,,,
204024,Christian,Watford,,,,,,,,,,,
1630570,Trendon,Watford,,,,,,,,,,,
201208,Darryl,Watkins,,Syracuse,USA,83,258,0,0,1,-1,-1,-1
2136,Jameel,Watkins,,,,,,,,,,,
1642364,Jamir,Watkins,,,,,,,,,,,
1641817,Anton,Watson,,Gonzaga,USA,80,225,0,1,0,2024,2,54
79635,Bobby,Watson,,,,,,,,,,,
201228,C.J.,Watson,,Tennessee,USA,74,175,1,0,0,-1,-1,-1
2248,Earl,Watson,,UCLA,USA,73,199,1,0,0,2001,2,39
1630801,Ibi,Watson,,,USA,,,0,0,0,-22,-22,-22
320,Jamie,Watson,,South Carolina,USA,79,190,0,1,0,1994,2,47
1628778,Paul,Watson,,Fresno State,USA,78,210,1,0,0,-1,-1,-1
1631212,Peyton,Watson,,,,,,FALSE,FALSE,FALSE,,,
204030,Mitchell,Watt,,,,,,,,,,,
78474,Ron,Watts,,Wake Forest,USA,78,210,0,1,0,1965,2,17
78473,Slick,Watts,,Xavier of Louisiana,USA,73,175,1,0,0,-1,-1,-1
203146,Maalik,Wayns,,Villanova,USA,73,195,1,0,0,-1,-1,-1
204033,David,Wear,,UCLA,USA,82,230,0,1,0,-1,-1,-1
204037,Travis,Wear,,UCLA,USA,82,225,0,1,0,-1,-1,-1
221,Clar.,Weatherspoon,,Southern Mississippi,USA,79,270,0,1,0,1992,1,9
78475,Nick,Weatherspoon,,Illinois,USA,79,195,0,1,0,1973,1,13
1629683,Quinndary,Weatherspoon,,Mississippi State,USA,75,205,1,0,0,2019,2,49
196294597,Quinndary,Weatherspoon,,,,,,1,0,0,,,
201602,Kyle,Weaver,,Washington State,USA,78,201,1,0,0,2008,2,38
78477,Jeff,Webb,,Kansas State,USA,76,170,1,0,0,-1,-1,-1
78478,Marcus,Webb,,Alabama,USA,81,255,0,1,0,-1,-1,-1
892,Spud,Webb,,North Carolina State,USA,67,133,1,0,0,1985,4,87
1627821,James,Webb III,,Boise State,USA,81,202,0,1,0,2016,,
185,Chris,Webber,,Michigan,USA,82,245,0,1,1,1993,1,1
1627362,Briante,Weber,,Virginia Commonwealth,USA,74,165,1,0,0,-1,-1,-1
196294140,Briante,Weber,,,,,,,,,,,
78479,Forest,Weber,,Purdue,USA,,,0,0,1,-1,-1,-1
1626290,Corey,Webster,,,,,,,,,,,
1067,Jeff,Webster,,Oklahoma,USA,80,232,0,1,0,1994,2,40
101110,Martell,Webster,,Seattle Preparatory HS (WA),USA,79,230,1,1,0,2005,1,6
78481,Marvin,Webster,,Morgan State,USA,85,225,0,0,1,1975,1,3
78482,Scott,Wedman,,Colorado,USA,79,215,0,1,0,1974,1,6
64086,Jarrad,Weeks,,,,,,,,,,,
1630651,Romeo,Weems,,,USA,,,0,0,0,-22,-22,-22
201603,Sonny,Weems,,Arkansas,USA,78,203,1,1,0,2008,2,39
42587,Sonny,Weems,,,,,,,,,,,
78483,Dick,Wehr,,Rice,USA,76,180,0,0,0,-22,-22,-22
64096,Lu,Wei,,,,,,,,,,,
196295088,Nelson,Weidemann,,,,,,,,,,,
78484,Brant,Weidner,,William & Mary,USA,81,230,0,1,0,1983,4,90
78485,Bob,Weiss,,Penn State,USA,75,180,1,0,0,1965,3,22
78486,Rick,Weitzman,,Northeastern,USA,74,175,1,0,0,1967,1,110
1719,Bonzi,Wells,,Ball State,USA,77,210,1,1,0,1998,1,11
1528,Bubba,Wells,,Austin Peay,USA,77,230,0,1,0,1997,2,34
1626190,Dez,Wells,,,,,,,,,,,
1627361,Dez,Wells,,,,,,,,,,,
1642377,Jaylen,Wells,,,,,,,,,,,
78488,Owen,Wells,,Detroit,USA,79,200,0,1,0,1974,5,77
78489,Ralph,Wells,,Northwestern,USA,73,180,1,0,0,-1,-1,-1
1846,Chris,Welp,,Washington,USA,84,245,0,0,1,1987,1,16
2412,Jiri,Welsch,,Union Olimpija,Czech Republic,79,208,0,1,0,2002,1,16
1629118,Thomas,Welsh,,UCLA,USA,84,255,0,0,1,2018,2,58
1641705,Victor,Wembanyama,,,,,,FALSE,FALSE,FALSE,,,
196295530,Zhang,Wenjie,,,,,,,,,,,
82,Bill,Wennington,,St. John's (NY),USA,84,277,0,0,1,1985,1,16
78492,Matt,Wenstrom,,North Carolina,USA,85,250,0,0,1,-1,-1,-1
1962937773,Tseng,Wenting,,,,,,,,,,,
438,Robert,Werdann,,St. John's (NY),USA,83,250,0,0,1,1992,2,46
78493,Robert,Werdann,,,,,,,,,,,
78494,Ray,Wertis,,St. John's (NY),USA,71,,1,0,0,-1,-1,-1
1631104,Blake,Wesley,,,,,,,,,,,
133,David,Wesley,,Baylor,USA,73,203,1,0,0,-1,-1,-1
27024,Tai,Wesley,,,,,,0,0,0,,,
64085,Tai,Wesley,,,,,,0,1,0,,,
78495,Walt,Wesley,,Kansas,USA,83,220,0,0,1,1966,1,6
1629700,Kaleb,Wesson,,,USA,,,0,0,0,-22,-22,-22
2561,David,West,,Xavier,USA,81,250,0,1,0,2003,1,18
2753,Delonte,West,,St. Joseph's (PA),USA,75,180,1,0,0,2004,1,24
28,Doug,West,,Villanova,USA,78,220,1,0,0,1989,2,38
78497,Jerry,West,,West Virginia,USA,75,175,1,0,0,1960,1,2
201238,Mario,West,,Georgia Tech,USA,77,210,1,0,0,-22,-22,-22
770,Mark,West,,Old Dominion,USA,82,246,0,0,0,1983,2,30
78499,Roland,West,,Cincinnati,USA,76,178,1,0,0,1967,20,162
203586,Charlie,Westbrook,,,,,,,,,,,
201566,Russell,Westbrook,,,,,,FALSE,FALSE,FALSE,,,
78500,Paul,Westphal,,Southern California,USA,76,195,1,0,0,1972,1,10
78501,John,Wetzel,,Virginia Tech,USA,77,190,1,0,0,1966,8,75
1631348,Isaiah,Whaley,,,USA,,,0,0,0,-22,-22,-22
101156,Robert,Whaley,,Walsh,USA,82,260,0,0,1,2005,2,51
941,Ennis,Whatley,,Alabama,USA,75,177,0,0,0,1983,1,13
1545,DeJuan,Wheat,,Louisville,USA,72,165,1,0,0,1997,2,51
78504,Clinton,Wheeler,,William Paterson,USA,73,185,1,0,0,1981,7,150
1630762,Phillip,Wheeler,,Ranney School (NJ),USA,80,185,0,1,0,,,
1755,Tyson,Wheeler,,Rhode Island,USA,70,165,1,0,0,1998,2,47
78506,Lucian,Whitaker,,Kentucky,USA,73,180,1,0,0,1952,,
1629632,Coby,White,,,,,,,,,,,
201591,DJ,White,,Indiana,USA,81,250,0,1,0,2008,1,29
200844,Davin,White,,,,,,,,,,,
1628401,Derrick,White,,,,,,FALSE,FALSE,FALSE,,,
78507,Eric,White,,Pepperdine,USA,80,200,0,1,0,1987,3,65
78508,Herb,White,,Georgia,USA,74,195,1,0,0,1970,8,133
78509,Hubie,White,,Villanova,USA,76,205,1,0,0,1962,2,14
1631298,Jack,White,,Duke,Australia,79,225,0,1,0,-1,-1,-1
1751,Jahidi,White,,Georgetown,USA,81,290,0,1,1,1998,2,43
200778,James,White,,Cincinnati,USA,79,215,1,1,0,2006,2,31
78510,Jojo,White,,Kansas,USA,75,190,1,0,0,1969,1,9
1966938146,Kevin,White,,,,,,,,,,,
1627855,Okaro,White,,Florida State,USA,80,215,0,1,0,-1,-1,-1
196294139,Okaro,White,,,,,,,,,,,
1839,Randy,White,,Louisiana Tech,USA,80,240,0,1,0,1989,1,8
2206,Rodney,White,,North Carolina-Charlotte,USA,81,230,0,1,0,2001,1,9
78512,Rory,White,,South Alabama,USA,80,210,0,1,0,1982,4,86
203091,Royce,White,,Iowa State,USA,80,260,0,1,0,2012,1,16
78513,Rudy,White,,Arizona State,USA,74,195,1,0,0,1975,3,47
202358,Terrico,White,,Mississippi,USA,77,213,1,0,0,2010,2,36
78514,Tony,White,,Tennessee,USA,74,170,1,0,0,1987,2,33
78515,Willie,White,,Tennessee-Chattanooga,USA,75,195,1,0,0,1984,2,42
1628510,Andrew,White III,,Syracuse,USA,79,210,0,1,0,2017,,
1641727,Dariq,Whitehead,,Duke,USA,78,220,1,1,0,2023,1,22
1627785,Isaiah,Whitehead,,Seton Hall,USA,76,213,1,0,0,2016,2,42
78516,Jerome,Whitehead,,Marquette,USA,82,220,0,0,1,1978,2,41
1126,Donald,Whiteside,,Northern Illinois,USA,70,160,1,0,0,-1,-1,-1
202355,Hassan,Whiteside,,Marshall,USA,84,265,0,0,1,2010,2,33
730,Dwayne,Whitfield,,Jackson State,USA,79,240,0,1,0,1995,2,40
1641715,Cam,Whitmore,,Villanova,USA,78,230,0,1,0,2023,1,20
78519,Charles,Whitney,,North Carolina State,USA,77,235,0,1,0,1980,1,16
43,Chris,Whitney,,Clemson,USA,72,175,1,0,0,1993,2,47
1630232,Kahlil,Whitney,,,USA,,,0,0,0,-22,-22,-22
204222,Greg,Whittington,,Georgetown,USA,80,210,0,1,0,-1,-1,-1
203963,Shayne,Whittington,,Western Michigan,USA,83,250,0,1,1,-1,-1,-1
78520,Sidney,Wicks,,UCLA,USA,81,225,0,1,0,1971,1,2
78521,Murray,Wier,,Iowa,USA,69,155,1,0,0,1948,,
78522,Bob,Wiesenhahn,,Cincinnati,USA,76,215,0,1,0,1961,2,11
1630580,Joe,Wieskamp,,Iowa,USA,78,205,1,1,0,2021,2,41
1630598,Aaron,Wiggins,,,,,,,,,,,
203952,Andrew,Wiggins,,,,,,FALSE,FALSE,FALSE,,,
78523,Mitchell,Wiggins,,Florida State,USA,76,185,1,0,0,1983,1,23
204289,Nick,Wiggins,,,,,,,,,,,
1629623,Lindell,Wigginton,,Iowa State,Canada,73,189,1,0,0,2019,,
203959,Scottie,Wilbekin,,,,,,,,,,,
78524,Ken,Wilburn,,Central State,USA,78,195,0,1,0,1966,4,39
203912,C.J.,Wilcox,,Washington,USA,77,195,1,0,0,2014,1,28
2404,Chris,Wilcox,,Maryland,USA,82,235,0,1,1,2002,1,8
78525,D.C.,Wilcutt,,St. Louis,USA,74,165,1,0,0,1948,,
196295491,Austin,Wiley,,,,,,0,0,0,,,
78526,Gene,Wiley,,Wichita State,USA,82,210,0,0,1,1962,2,15
1628451,Jacob,Wiley,,Eastern Washington,USA,80,223,0,1,0,-1,-1,-1
78527,Michael,Wiley,,Long Beach State,USA,81,200,0,1,0,1980,2,39
78528,Morlon,Wiley,,Long Beach State,USA,76,185,1,0,0,1988,2,46
78529,Win,Wilfong,,Memphis,USA,74,185,1,0,0,1957,1,4
1966938173,Justin,Wiliams,,,,,,0,1,0,,,
78530,Lenny,Wilkens,,Providence,USA,73,180,1,0,0,1960,1,6
78531,Bob,Wilkerson,,Indiana,USA,78,195,1,0,0,1976,1,11
203174,Tyler,Wilkerson,,,,,,,,,,,
78532,Jamaal,Wilkes,,UCLA,USA,78,190,0,1,0,1974,1,11
78533,James,Wilkes,,UCLA,USA,79,195,0,1,0,1980,3,50
1962936495,Damien,Wilkins,,,,,,,,,,,
2863,Damien,Wilkins,,Georgia,USA,78,225,1,1,0,-1,-1,-1
1122,Dominique,Wilkins,,Georgia,USA,80,230,0,1,0,1982,1,3
78534,Eddielee,Wilkins,,Gardner-Webb,USA,82,220,0,0,1,1984,6,133
786,Gerald,Wilkins,,Tennessee-Chattanooga,USA,78,225,1,0,0,1985,2,47
1629145,Isaiah,Wilkins,,,,,,,,,,,
78537,Jeff,Wilkins,,Illinois State,USA,82,230,0,0,1,1977,2,37
78538,Dale,Wilkinson,,Idaho State,USA,82,220,0,1,0,1982,10,221
2366,Mike,Wilks,,Rice,USA,70,180,1,0,0,-1,-1,-1
1425,Aaron,Williams,,Xavier,USA,81,235,0,1,1,-1,-1,-1
2854,Ajani,Williams,,,,,,,,,,,
1626210,Alan,Williams,,Cal-Santa Barbara,USA,80,265,0,1,1,-1,-1,-1
1631214,Alondes,Williams,,,,,,,,,,,
1541,Alvin,Williams,,Villanova,USA,77,195,1,0,0,1997,2,47
1642873,Amari,Williams,,,,,,,,,,,
78539,Arthur,Williams,,California State-Poly Pomona,USA,73,180,1,0,0,-1,-1,-1
78540,Bernie,Williams,,La Salle,USA,75,175,1,0,0,1969,2,21
78564,Bob,Williams,,Florida A&M,USA,78,230,0,1,0,-1,-1,-1
1585,Brandon,Williams,,Davidson,USA,78,215,0,1,0,-1,-1,-1
1630314,Brandon,Williams,,,,,,,,,,,
1642924,Brice,Williams,,,,,,,,,,,
1631258,Bryson,Williams,,,USA,,,0,0,0,-22,-22,-22
433,Buck,Williams,,Maryland,USA,80,225,0,1,0,1981,1,3
203710,C.J.,Williams,,North Carolina State,USA,77,226,1,0,0,2012,0,0
78547,Chuck,Williams,,Colorado,USA,74,175,1,0,0,1968,6,76
78541,Chuckie,Williams,,Kansas State,USA,75,180,1,0,0,1976,1,15
78543,Cliff,Williams,,Bowling Green,USA,75,180,1,0,0,-1,-1,-1
1642262,Cody,Williams,,,,,,FALSE,FALSE,FALSE,,,
101258,Corey,Williams,,Oklahoma State,USA,75,190,1,0,0,1992,2,33
101114,Deron,Williams,,Illinois,USA,75,200,1,0,0,2005,1,3
202682,Derrick,Williams,,Arizona,USA,80,240,0,1,0,2011,1,2
1628241,Devin,Williams,,,,,,,,,,,
78545,Don,Williams,,Notre Dame,USA,74,180,1,0,0,1978,5,96
1631495,Donovan,Williams,,UNLV,USA,78,190,0,0,0,-22,-22,-22
78546,Earl,Williams,,Winston-Salem State,USA,79,230,0,0,1,1974,3,49
202343,Elliot,Williams,,Memphis,USA,77,180,1,0,0,2010,1,22
677,Eric,Williams,,Providence,USA,80,220,1,1,0,1995,1,14
2421,Frank,Williams,,Illinois,USA,75,212,1,0,0,2002,1,25
78548,Freeman,Williams,,Portland State,USA,76,190,1,0,0,1978,1,8
1629684,Grant,Williams,,,,,,,,,,,
78549,Gus,Williams,,Southern California,USA,74,175,1,0,0,1975,2,20
78550,Guy,Williams,,Washington State,USA,81,200,0,1,0,1983,2,34
1006,Herb,Williams,,Ohio State,USA,83,260,0,0,1,1981,1,14
73,Hot Rod,Williams,,Tulane,USA,83,245,0,0,1,1985,2,45
1631114,Jalen,Williams,,,,,,FALSE,FALSE,FALSE,,,
1715,Jason,Williams,,Florida,USA,73,180,1,0,0,1998,1,7
101214,Jawad,Williams,,North Carolina,USA,81,218,0,1,0,-1,-1,-1
2398,Jay,Williams,,Duke,USA,74,195,1,0,0,2002,1,2
1631119,Jaylin,Williams,,,,,,,,,,,
1642444,Jaylin,Williams,,,,,,,,,,,
420,Jayson,Williams,,St. John's (NY),USA,82,245,0,1,0,1990,1,21
966,Jerome,Williams,,Georgetown,USA,81,206,0,1,1,1996,1,26
78554,John,Williams,,Louisiana State,USA,80,235,0,1,0,1986,1,12
1629140,Johnathan,Williams,,Gonzaga,USA,81,228,0,1,0,-1,-1,-1
202716,Jordan,Williams,,Maryland,USA,82,260,0,0,1,2011,2,36
200818,Justin,Williams,,Wyoming,USA,82,230,0,0,0,-22,-22,-22
200962,Justin,Williams,,,,,,,,,,,
78555,Kenny,Williams,,Elizabeth City State,USA,81,205,0,1,0,1990,2,46
1629026,Kenrich,Williams,,,,,,,,,,,
78556,Kevin,Williams,,St. John's (NY),USA,74,175,1,0,0,1983,2,46
31,Lorenzo,Williams,,Stetson,USA,81,230,0,1,0,-1,-1,-1
101150,Lou,Williams,,South Gwinnett HS (GA),USA,74,175,1,0,0,2005,2,45
1642013,Malik,Williams,,Louisville,USA,83,250,0,0,1,,,
200766,Marcus,Williams,,Connecticut,USA,75,205,1,0,0,2006,1,22
201173,Marcus,Williams,,Arizona,USA,79,207,1,0,0,2007,2,33
1631109,Mark,Williams,,,,,,FALSE,FALSE,FALSE,,,
101107,Marvin,Williams,,North Carolina,USA,80,237,0,1,0,2005,1,2
52,Micheal,Williams,,Baylor,USA,74,175,1,0,0,1988,2,48
78558,Mike,Williams,,Bradley,USA,80,255,1,0,0,1986,3,51
78560,Milt,Williams,,Lincoln (MO),USA,74,182,1,0,0,1968,17,202
2590,Mo,Williams,,Alabama,USA,73,198,1,0,0,2003,2,47
42,Monty,Williams,,Notre Dame,USA,80,225,0,1,0,1994,1,24
1631466,Nate,Williams,,,,,,,,,,,
2826,Nate,Williams,,,,,,,,,,,
78561,Nate,Williams,,Utah State,USA,76,215,1,0,0,1976,5,69
1630172,Patrick,Williams,,,,,,,,,,,
78566,Pete,Williams,,Arizona,USA,79,190,0,1,0,1985,4,89
78571,Ray,Williams,,Minnesota,USA,75,188,1,0,0,1977,1,10
199,Reggie,Williams,,Georgetown,USA,79,195,1,1,0,1987,1,4
202130,Reggie,Williams,,Virginia Military Institute,USA,78,205,0,1,0,-1,-1,-1
78563,Rickey,Williams,,Long Beach State,USA,73,175,1,0,0,1978,10,190
78565,Rob,Williams,,Houston,USA,74,175,1,0,0,1982,1,19
203576,Rodney,Williams,,,,,,,,,,,
78567,Ron,Williams,,West Virginia,USA,75,188,1,0,0,1968,1,9
78568,Sam,Williams,,Iowa,USA,75,180,1,0,0,1968,3,35
78569,Samuel,Williams,,Arizona State,USA,80,210,0,1,0,1981,2,33
281,Scott,Williams,,North Carolina,USA,82,260,0,1,1,-1,-1,-1
201157,Sean,Williams,,Boston College,USA,82,235,0,1,1,2007,1,17
1742,Shammond,Williams,,North Carolina,USA,73,201,1,0,0,1998,2,34
200761,Shawne,Williams,,Memphis,USA,82,230,0,1,0,2006,1,17
200749,Shelden,Williams,,Duke,USA,81,250,0,1,1,2006,1,5
78570,Sly,Williams,,Rhode Island,USA,79,210,0,1,0,1979,1,21
1628494,T.J.,Williams,,,,,,,,,,,
201944,Terrence,Williams,,Louisville,USA,78,220,1,1,0,2009,1,11
1576,Travis,Williams,,South Carolina State,USA,79,250,0,1,0,-1,-1,-1
1630652,Trevion,Williams,,,USA,,,0,0,0,-22,-22,-22
1627786,Troy,Williams,,Indiana,USA,79,218,0,1,0,-1,-1,-1
1005,Walt,Williams,,Maryland,USA,80,230,1,1,0,1992,1,7
78573,Ward,Williams,,Indiana,USA,76,195,0,1,0,1948,1,8
78574,Willie,Williams,,Florida State,USA,79,200,0,1,0,1970,3,38
1630533,Ziaire,Williams,,,,,,,,,,,
1629057,Robert,Williams III,,,,,,,,,,,
1628475,Matt,Williams Jr.,,Central Florida,USA,77,210,1,0,0,-1,-1,-1
1631246,Vince,Williams Jr.,,,,,,,,,,,
1628430,Nigel,Williams-Goss,,Gonzaga,USA,74,190,1,0,0,2017,2,55
722,Corliss,Williamson,,Arkansas,USA,79,245,0,1,0,1995,1,13
78575,John,Williamson,,New Mexico State,USA,74,185,1,0,0,1973,6,96
1631351,Lucas,Williamson,,,USA,,,0,0,0,-22,-22,-22
1629627,Zion,Williamson,,,,,,FALSE,FALSE,FALSE,,,
1628491,Derek,Willis,,,,,,,,,,,
788,Kevin,Willis,,Michigan State,USA,84,245,0,1,1,1984,1,11
78577,Bill,Willoughby,,Dwight Morrow HS (NJ),USA,80,205,0,1,0,1975,2,19
2000,Dedric,Willoughby,,Iowa State,USA,75,180,1,0,0,-1,-1,-1
1642113,Bryce,Wills,,,USA,,,0,0,0,-22,-22,-22
201233,Roderick,Wilmont,,,,,,,,,,,
78586,Bob,Wilson,,West Virginia State,USA,76,185,1,0,0,-1,-1,-1
78585,Bobby,Wilson,,Wichita State,USA,74,175,1,0,0,1974,3,52
1628391,D.J.,Wilson,,Michigan,USA,82,231,0,1,0,2017,1,17
78579,George,Wilson,,Cincinnati,USA,80,225,0,0,1,1964,,
78580,Isaiah,Wilson,,Baltimore,USA,74,175,1,0,0,1971,2,29
1630592,Jalen,Wilson,,,,,,,,,,,
203966,Jamil,Wilson,,Marquette,USA,79,229,0,1,0,-1,-1,-1
78581,Mike,Wilson,,Marquette,USA,75,175,1,0,0,1982,3,47
78582,Nikita,Wilson,,Louisiana State,USA,80,200,0,1,0,1987,2,30
78578,Othell,Wilson,,Virginia,USA,72,190,1,0,0,1984,2,35
78583,Rick,Wilson,,Louisville,USA,76,200,1,0,0,1978,2,25
78584,Ricky,Wilson,,George Mason,USA,75,195,1,0,0,1986,3,52
78587,Thomas,Wilson,,Western Carolina,USA,75,175,1,0,0,1978,5,101
196295484,Tom,Wilson,,,,,,,,,,,
64051,Tomer,Wilson,,,,,,,,,,,
1027,Trevor,Wilson,,UCLA,USA,79,210,0,1,0,1990,2,36
1627787,Kyle,Wiltjer,,Gonzaga,Canada,82,240,0,1,0,-22,-22,-22
78589,Kennard,Winchester,,Averett,USA,77,210,0,1,0,-1,-1,-1
78590,Tony,Windis,,Wyoming,USA,73,160,1,0,0,1959,5,32
1629685,Dylan,Windler,,Belmont,USA,79,196,1,1,0,2019,1,26
78591,John,Windsor,,Stanford,USA,80,215,0,1,0,1962,5,39
78592,Lee,Winfield,,North Texas,USA,74,174,1,0,0,1969,3,32
766,David,Wingate,,Georgetown,USA,77,187,1,1,0,1986,2,44
30002,Major,Wingate,,,,,,,,,,,
112,Dontonio,Wingfield,,Cincinnati,USA,80,256,0,1,0,1994,2,37
78596,Harthorne,Wingo,,Friendship (SC),USA,78,210,0,1,0,-1,-1,-1
78597,Marv,Winkler,,Louisiana-Lafayette,USA,73,164,1,0,0,1970,3,50
1626159,Justise,Winslow,,Duke,USA,78,222,1,1,0,2015,1,10
1984,Rickie,Winslow,,Houston,USA,80,225,0,1,0,1987,2,28
1630216,Cassius,Winston,,Michigan State,USA,73,185,1,0,0,2020,2,53
101227,Kennedy,Winston,,,,,,,,,,,
1868,Trevor,Winter,,Minnesota,USA,84,275,0,0,1,-1,-1,-1
78600,Brian,Winters,,South Carolina,USA,76,185,1,0,0,1974,1,12
78601,Voise,Winters,,Bradley,USA,80,200,0,1,0,1985,2,44
202217,Jeremy,Wise,,,,,,,,,,,
78602,Willie,Wise,,Drake,USA,78,210,0,1,0,1969,5,64
1630164,James,Wiseman,,Memphis,USA,83,240,0,0,1,2020,1,2
41624,Andrew,Wisniewski,,,,,,,,,,,
1629270,Todd,Withers,,,,,,,,,,,
203178,Wesley,Witherspoon,,,,,,,,,,,
203481,Jeff,Withey,,Kansas,USA,84,231,0,0,1,2013,2,39
78603,Luke,Witte,,Ohio State,USA,84,235,0,0,1,1973,4,57
1456,Randy,Wittman,,Indiana,USA,78,210,1,0,0,1983,1,22
78605,Garry,Witts,,Holy Cross,USA,79,190,1,0,0,1981,5,103
78606,Dave,Wohl,,Pennsylvania,USA,74,185,1,0,0,1971,3,46
43202,Jonas,Wohlfarth Botterman,,,,,,,,,,,
43223,Kevin,Wohlrath,,,,,,,,,,,
1642874,Danny,Wolf,,,,,,,,,,,
341,Joe,Wolf,,North Carolina,USA,83,260,0,0,0,1987,1,13
2106,Ruben,Wolkowyski,,Estudiantes de Olavarria,Argentina,82,275,0,1,0,-1,-1,-1
524,Wolkowyski,Wolkowyski,,,,,,,,,,,
203489,Nate,Wolters,,South Dakota State,USA,76,190,1,0,0,2013,2,38
1631209,Isaiah,Wong,,Miami,USA,75,185,1,0,0,2023,2,55
78610,Al,Wood,,North Carolina,USA,78,193,1,0,0,1981,1,4
78612,Bob,Wood,,Northern Illinois,USA,70,,1,0,0,-1,-1,-1
1626174,Christian,Wood,,UNLV,USA,80,214,0,1,0,,,
56081,Dashaun,Wood,,,,,,,,,,,
116,David,Wood,,Nevada,USA,81,230,0,1,0,-1,-1,-1
78609,Howard,Wood,,Tennessee,USA,79,235,0,1,0,1981,2,27
78611,Leon,Wood,,California State-Fullerton,USA,75,185,1,0,0,1984,1,10
1642473,Moses,Wood,,,USA,,,0,0,0,-22,-22,-22
1627954,Scott,Wood,,,,,,,,,,,
1630218,Robert,Woodard II,,Mississippi State,USA,78,235,0,1,0,2020,2,40
2254,Loren,Woods,,Arizona,USA,86,260,0,0,1,2001,2,45
40003,Loren,Woods,,,,,,,,,,,
2417,Qyntel,Woods,,Northeast Mississippi CC,USA,80,220,1,1,0,2002,1,21
1010,Randy,Woods,,La Salle,USA,70,185,1,0,0,1992,1,16
78614,Mike,Woodson,,Indiana,USA,77,195,1,0,0,1980,1,12
78615,Orlando,Woolridge,,Notre Dame,USA,81,215,0,1,0,1981,1,6
1629624,Kenny,Wooten,,Oregon,USA,80,235,0,1,0,-1,-1,-1
906,Haywoode,Workman,,Oral Roberts,USA,75,180,1,0,0,1989,2,49
78616,Mark,Workman,,West Virginia,USA,81,215,0,0,1,1952,1,1
78617,Tom,Workman,,Seattle,USA,79,218,0,1,0,1967,1,8
1962937553,Willy,Workman,,,,,,0,0,0,,,
196294136,Willy,Workman,,,,,,0,0,0,,,
64015,Willy,Workman,,,,,,0,0,0,,,
1897,Metta,World Peace,,St. John's (NY),USA,79,260,0,1,0,1999,1,16
78618,Sam,Worthen,,Marquette,USA,77,195,1,0,0,1980,2,26
1460,James,Worthy,,North Carolina,USA,81,225,0,1,0,1982,1,1
101120,Antoine,Wright,,Texas A&M,USA,79,215,1,1,0,2005,1,15
101152,Bracey,Wright,,Indiana,USA,75,201,1,0,0,2005,2,47
78620,Brad,Wright,,UCLA,USA,83,225,0,1,0,1985,3,49
201148,Brandan,Wright,,North Carolina,USA,82,210,0,0,0,2007,1,8
202874,Chris,Wright,,Dayton,USA,81,226,0,1,0,-1,-1,-1
203203,Chris,Wright,,Georgetown,USA,73,210,1,0,0,-1,-1,-1
1626153,Delon,Wright,,Utah,USA,77,185,1,0,0,2015,1,20
2748,Dorell,Wright,,South Kent HS (CT),USA,81,205,1,1,0,2004,1,19
78621,Howard,Wright,,Stanford,USA,80,220,0,1,0,-1,-1,-1
78622,Joby,Wright,,Indiana,USA,80,220,0,1,0,1972,2,18
201153,Julian,Wright,,Kansas,USA,80,225,0,1,0,2007,1,13
78623,Larry,Wright,,Grambling,USA,73,160,1,0,0,1976,1,14
953,Lorenzen,Wright,,Memphis,USA,83,255,0,1,1,1996,1,7
1007,Luther,Wright,,Seton Hall,USA,86,270,0,0,1,1993,1,18
1630589,Moses,Wright,,Georgia Tech,USA,80,226,0,1,0,-1,-1,-1
2787,Rashad,Wright,,,,,,,,,,,
40002,Rashad,Wright,,,,,,,,,,,
412,Sharone,Wright,,Clemson,USA,83,260,0,0,1,1994,1,6
1630593,McKinley,Wright IV,,Colorado,USA,71,192,1,0,0,-1,-1,-1
1629625,Justin,Wright-Foreman,,Hofstra,USA,72,190,1,0,0,2019,2,53
203100,Tony,Wroten,,Washington,USA,78,205,1,0,0,2012,1,25
1966938127,Yongsheng,Wu,,,,,,,,,,,
203579,Khalif,Wyatt,,,,,,,,,,,
78627,A.J.,Wynder,,Fairfield,USA,74,180,1,0,0,-1,-1,-1
196295528,Li,Xiangbo,,,,,,0,0,0,,,
196295529,Li,Xiaotong,,,,,,,,,,,
1962937760,Huang,Xu,,,,,,,,,,,
64092,Huang,Xu,,,,,,,,,,,
64097,Luo,Xudong,,,,,,1,0,0,,,
1627824,Guerschon,Yabusele,,,,,,FALSE,FALSE,FALSE,,,
196294542,Guerschon,Yabusele,,,,,,0,1,0,,,
196295539,Liu,Yancheng,,,,,,0,0,0,,,
1642905,Hansen,Yang,,,,,,,,,,,
196295533,Pang,Yanjun,,,,,,,,,,,
2832,Neil,Yanke,,,,,,,,,,,
196295527,Liu,Yanthenz,,,,,,0,0,0,,,
64136,Tianyi,Yao,,,,,,,,,,,
1966938197,Tianyo,Yao,,,,,,,,,,,
2428,Vincent,Yarbrough,,Tennessee,USA,79,210,0,1,0,2002,2,32
78628,George,Yardley,,Stanford,USA,77,190,0,1,0,1950,1,7
78629,Barry,Yates,,Maryland,USA,79,215,0,1,0,1971,8,131
78630,Wayne,Yates,,Memphis,USA,80,235,0,0,1,1961,1,5
78631,Charlie,Yelverton,,Fordham,USA,74,190,1,0,0,1971,2,25
201146,Jianlian,Yi,,Guangdong,China,84,250,0,1,0,2007,1,6
1962937765,Zhai,Yi,,,,,,,,,,,
64099,Zhu,Ying,,,,,,,,,,,
43241,Dagan,Yivzori,,,,,,,,,,,
42573,Dagan,Yivzuri,,,,,,,,,,,
78632,Rich,Yonakor,,North Carolina,USA,81,220,0,1,0,1980,3,61
1642385,Cui,Yongxi,,Guangzhou Loong Lions,China,77,190,0,0,0,-22,-22,-22
1628221,Gabe,York,,Arizona,USA,75,190,1,0,0,-1,-1,-1
78633,Danny,Young,,Wake Forest,USA,76,175,1,0,0,1984,2,39
1929,Galen,Young,,,,,,,,,,,
1642443,Jahmir,Young,,,,,,,,,,,
203923,James,Young,,Kentucky,USA,78,215,0,0,0,2014,1,17
1962936105,Jesse,Young,,,,,,,,,,,
1626202,Joe,Young,,Oregon,USA,74,185,1,0,0,2015,2,43
1748,Korleone,Young,,Hargrave Military Academy (KS),USA,79,213,0,1,0,1998,2,40
78634,Michael,Young,,Houston,USA,79,220,1,0,0,1984,1,24
1628454,Mike,Young,,,,,,,,,,,
201156,Nick,Young,,Southern California,USA,79,210,1,1,0,2007,1,16
203942,Patric,Young,,,,,,,,,,,
78635,Perry,Young,,Virginia Tech,USA,77,210,1,0,0,1985,3,61
2674,Ray,Young,,,,,,,,,,,
201970,Sam,Young,,Pittsburgh,USA,78,225,1,1,0,2009,2,36
201152,Thaddeus,Young,,Georgia Tech,USA,80,225,0,1,0,2007,1,12
1937,Tim,Young,,Stanford,USA,86,270,0,0,1,1999,2,56
1629027,Trae,Young,,,,,,,,,,,
1642959,Chris,Youngblood,,,,,,,,,,,
1962937772,Shi,Yuchen,,,,,,,,,,,
64095,Tian,Yuchen,,,,,,,,,,,
43307,Omer,Yurseven,,,,,,,,,,,
1630209,Omer,Yurtseven,,,,,,,,,,,
1962936724,Omer,Yurtseven,,,,,,,,,,,
9013,Artem,Zabelin,,,,,,,,,,,
1627825,Rade,Zagorac,,,,,,,,,,,
204075,Talib,Zanna,,,,,,,,,,,
78638,Max,Zaslofsky,,St. John's (NY),USA,74,170,1,0,0,-1,-1,-1
41006,Donatas,Zavackas,,,,,,,,,,,
78639,Robert,Zawoluk,,St. John's (NY),USA,79,215,0,1,0,1952,,
1627878,Nick,Zeisloft,,,,,,,,,,,
203469,Cody,Zeller,,Indiana,USA,83,240,0,1,1,2013,1,4
78640,Dave,Zeller,,Miami (Ohio),USA,73,175,1,0,0,1961,7,61
78641,Gary,Zeller,,Drake,USA,75,205,1,0,0,1970,5,83
78642,Hank,Zeller,,Washington & Jefferson,USA,76,210,0,0,1,-1,-1,-1
202545,Luke,Zeller,,Notre Dame,USA,83,245,0,1,1,-1,-1,-1
203092,Tyler,Zeller,,North Carolina,USA,83,250,0,1,1,2012,1,17
1630855,Fanbo,Zeng,,,,,,,,,,,
78643,Tony,Zeno,,Arizona State,USA,80,210,0,1,0,1979,2,32
78644,Phil,Zevenbergen,,Washington,USA,82,230,0,1,0,1987,3,50
64111,Xiaochuan,Zhai,,,,,,,,,,,
64119,Cairen,Zhang,,,,,,,,,,,
1966938126,Chunjun,Zhang,,,,,,,,,,,
1962937729,Fan,Zhang,,,,,,,,,,,
201654,Kai,Zhang,,,,,,,,,,,
21013,Songtao,Zhang,,,,,,,,,,,
64117,Songtao,Zhang,,,,,,,,,,,
64133,Yongpeng,Zhang,,,,,,0,0,1,,,
64125,Zhuo,Zhang,,,,,,,,,,,
64128,Yanman,Zhao,,,,,,,,,,,
64124,Ziyi,Zhao,,,,,,,,,,,
1962937766,Zhang,Zhaoxu,,,,,,0,0,0,,,
64100,Zhang,Zhaoxu,,,,,,,,,,,
27007,Zhun,Zheng,,,,,,,,,,,
64137,Zhun,Zheng,,,,,,,,,,,
1962937768,Luo,Zhi,,,,,,,,,,,
64102,Luo,Zhi,,,,,,,,,,,
1917,Wang,Zhi-zhi,,Bayi,China,85,284,0,0,1,1999,2,36
21007,Fangyu,Zhu,,,,,,,,,,,
27006,Xuhang,Zhu,,,,,,,,,,,
64113,Yanxi,Zhu,,,,,,,,,,,
678,George,Zidek,,UCLA,USA,84,264,0,0,1,1995,1,22
1962937762,Tang,Zihao,,,,,,,,,,,
64094,Tang,Zihao,,,,,,,,,,,
1642911,Rocco,Zikarsky,,,,,,,,,,,
2583,Derrick,Zimmerman,,Mississippi State,USA,75,195,1,0,0,2003,2,40
1627757,Stephen,Zimmerman,,UNLV,USA,84,240,0,0,1,2016,2,41
1627835,Paul,Zipser,,Bayern Munich,Germany,80,226,0,1,0,2016,2,48
40090,Nikos,Zisis,,,,,,,,,,,
43242,Yiftach,Ziv,,,,,,,,,,,
196295532,Guan,Ziyu,,,,,,,,,,,
1627790,Ante,Zizic,,Darussafaka,Croatia,82,266,0,0,1,2016,1,23
78647,Jim,Zoet,,Kent State,USA,85,240,0,0,1,-1,-1,-1
196295493,Yovel,Zoosman,,,,,,0,0,0,,,
78648,Bill,Zopf,,Duquesne,USA,73,170,1,0,0,1970,2,33
42540,Luka,Zoric,,,,,,,,,,,
43311,Luka,Zoric,,,,,,,,,,,
42588,Aleksey,Zozulin,,,,,,,,,,,
1627826,Ivica,Zubac,,,,,,FALSE,FALSE,FALSE,,,
1441,Aurelijius,Zukauskas,,,,,,,,,,,
78650,Matt,Zunic,,George Washington,USA,75,195,1,0,0,1947,,
1641783,Tristan,da Silva,,,,,,FALSE,FALSE,FALSE,,,
1628437,George,de Paula,,,,,,,,,,,
1962936150,Maurillioh,de Rosa,,,,,,,,,,,
560,de la Fuente,de la Fuente,,,,,,,,,,,
1642365,Nikola,Đurisic,,Mega Basket,Belgium,80,214,1,0,0,2024,2,43
196294611,Olivinha,,,,,,,,,,,,
43217,Olivinha,,,,,,,,,,,,
